[2026-06-16T21:30:54.158] [DEBUG] debug-file - env: nodejsVersion=v18.20.1
[2026-06-16T21:30:54.215] [DEBUG] debug-file - env: daemon=true
[2026-06-16T21:30:54.160] [DEBUG] debug-file - env: hvigor-config.json5 content = {
  modelVersion: '6.0.0',
  dependencies: {},
  execution: {},
  logging: {},
  debugging: {},
  nodeOptions: {}
}
[2026-06-16T21:30:54.784] [DEBUG] debug-file - hvigor java daemon: Starting java daemon. jvmXmxValue=512m, jarPath=E:\DevEco Studio\tools\hvigor\hvigor\lib\hvigor-java-daemon.jar
[2026-06-16T21:30:54.784] [DEBUG] debug-file - hvigor java daemon: Read cache file, 
    port=45050, pid=18192, sessionId exists=true
[2026-06-16T21:30:54.795] [DEBUG] debug-file - hvigor java daemon: tryConnect failed, Error: connect ECONNREFUSED 127.0.0.1:45050, will start new daemon
[2026-06-16T21:30:54.799] [DEBUG] debug-file - java daemon started at port 45050 pid 12788
[2026-06-16T21:30:54.820] [DEBUG] debug-file - session manager: set active socket. socketId=Xlla8VGzdsVOpfxSAAAB
[2026-06-16T21:30:55.388] [DEBUG] debug-file - watch worker: worker id should be larger than 0. Nothing will be sent to any worker thread.
[2026-06-16T21:30:55.391] [DEBUG] debug-file - Since there is no instance or instance is terminated, create a new worker pool.
[2026-06-16T21:30:55.391] [DEBUG] debug-file - Worker pool is initialized with config:  {
  minPoolNum: 2,
  maxPoolNum: undefined,
  maxCoreSize: undefined,
  cacheCapacity: undefined,
  cacheTtl: undefined
}
[2026-06-16T21:30:55.392] [DEBUG] debug-file - Create  resident worker with id: 0.
[2026-06-16T21:30:55.393] [DEBUG] debug-file - Create  resident worker with id: 1.
[2026-06-16T21:30:55.395] [DEBUG] debug-file - Workers' log level updated to INFO
[2026-06-16T21:30:55.399] [DEBUG] debug-file - Hvigor init with startParameters:{
  hvigorfileTypeCheck: false,
  parallelExecution: true,
  incrementalExecution: true,
  printStackTrace: false,
  daemon: true,
  analyze: 0,
  logLevel: Level { level: 20000, levelStr: 'INFO', colour: 'green' },
  optimizationStrategy: 'memory',
  hotCompile: undefined,
  hotReloadBuild: undefined,
  customizedParam: undefined
}
[2026-06-16T21:30:55.399] [DEBUG] debug-file - Since current hvigor version 6.23.6 differs from last hvigor version 
      undefined, delete file-cache.json and task-cache.json.
[2026-06-16T21:30:55.400] [DEBUG] debug-file - Cache service initialization finished in 1 ms 
[2026-06-16T21:30:55.402] [DEBUG] debug-file - hvigorfile, resolving D:\audio-format-switch-master\audio-format-switch-master\hvigorfile.ts
[2026-06-16T21:30:56.581] [DEBUG] debug-file - hvigorfile, require result:  { default: { plugins: [] } }
[2026-06-16T21:30:56.582] [DEBUG] debug-file - hvigorfile, binding system plugins null
[2026-06-16T21:30:56.582] [DEBUG] debug-file - Starting plugin build process
[2026-06-16T21:30:56.582] [DEBUG] debug-file - App plugin prepare start...
[2026-06-16T21:30:56.582] [DEBUG] debug-file - App plugin prepare end...
[2026-06-16T21:30:56.582] [DEBUG] debug-file - App plugin creating...
[2026-06-16T21:30:56.691] [DEBUG] debug-file - App plugin register hook start...
[2026-06-16T21:30:56.691] [DEBUG] debug-file - App plugin register hook end...
[2026-06-16T21:30:56.691] [DEBUG] debug-file - Plugin build process completed
[2026-06-16T21:30:56.692] [DEBUG] debug-file - Start initialize project's product build option map with build mode debug.
[2026-06-16T21:30:56.692] [DEBUG] debug-file - Picking option from product 'default' with build mode 'debug'.
[2026-06-16T21:30:56.693] [DEBUG] debug-file - Product 'default' build option initialized
[2026-06-16T21:30:56.693] [DEBUG] debug-file - End initialize project's product build option map with build mode 'debug'.
[2026-06-16T21:30:56.695] [DEBUG] debug-file - Obtain build option for product 'default'in this build.
[2026-06-16T21:30:56.696] [DEBUG] debug-file - No signingConfig found, initRemoteHspCache failed.
[2026-06-16T21:30:56.697] [DEBUG] debug-file - Local scan or download HarmonyOS sdk components toolchains,ets,js,native,previewer
[2026-06-16T21:30:56.699] [DEBUG] debug-file - Local scan or download hmscore sdk components toolchains,ets,native
[2026-06-16T21:30:56.700] [DEBUG] debug-file - Start recording SDK configuration permission data.
[2026-06-16T21:30:56.720] [DEBUG] debug-file - Sdk init in 24 ms 
[2026-06-16T21:30:56.724] [DEBUG] debug-file - Project task initialization takes 3 ms 
[2026-06-16T21:30:56.724] [DEBUG] debug-file - hvigorfile, begin to bind custom plugins...
[2026-06-16T21:30:56.724] [DEBUG] debug-file - hvigorfile, no custom plugins were found in D:\audio-format-switch-master\audio-format-switch-master\hvigorfile.ts
[2026-06-16T21:30:56.724] [DEBUG] debug-file - hvigorfile, resolve finished D:\audio-format-switch-master\audio-format-switch-master\hvigorfile.ts
[2026-06-16T21:30:56.725] [DEBUG] debug-file - hvigorfile, resolving D:\audio-format-switch-master\audio-format-switch-master\entry\hvigorfile.ts
[2026-06-16T21:30:56.729] [DEBUG] debug-file - hvigorfile, require result:  { default: { plugins: [] } }
[2026-06-16T21:30:56.729] [DEBUG] debug-file - hvigorfile, binding system plugins null
[2026-06-16T21:30:56.730] [DEBUG] debug-file - Starting plugin build process
[2026-06-16T21:30:56.730] [DEBUG] debug-file - Hap plugin creating...
[2026-06-16T21:30:56.730] [DEBUG] debug-file - failed to load cangjie to dynamically generate schemas: Error: Cannot find module '@ohos/cangjie-build-support/index'
Require stack:
- E:\DevEco Studio\tools\hvigor\hvigor-ohos-plugin\src\plugin\hooks\cangjie-register.js
- E:\DevEco Studio\tools\hvigor\hvigor-ohos-plugin\src\plugin\strategy\stage-init-strategy.js
- E:\DevEco Studio\tools\hvigor\hvigor-ohos-plugin\src\plugin\builder\abstract-plugin-builder.js
- E:\DevEco Studio\tools\hvigor\hvigor-ohos-plugin\src\plugin\builder\app-plugin-builder.js
- E:\DevEco Studio\tools\hvigor\hvigor-ohos-plugin\src\plugin\factory\plugin-factory.js
- E:\DevEco Studio\tools\hvigor\hvigor-ohos-plugin\index.js
- D:\audio-format-switch-master\audio-format-switch-master\hvigorfile.ts
- E:\DevEco Studio\tools\hvigor\hvigor\src\base\internal\lifecycle\configuration.js
- E:\DevEco Studio\tools\hvigor\hvigor\src\base\boot\index.js
- E:\DevEco Studio\tools\hvigor\hvigor\src\base\daemon\cluster\worker-process-lifecycle.js
- E:\DevEco Studio\tools\hvigor\hvigor\src\base\daemon\process\daemon-process-boot-script.js
[2026-06-16T21:30:56.741] [DEBUG] debug-file - Start initialize module-target build option map, moduleName=entry, buildMode=release
[2026-06-16T21:30:56.741] [DEBUG] debug-file - Target 'default' config initialized
[2026-06-16T21:30:56.742] [DEBUG] debug-file - Module 'entry' target 'default' build option initialized
[2026-06-16T21:30:56.742] [DEBUG] debug-file - End initialize module-target build option map, moduleName=entry
[2026-06-16T21:30:56.742] [DEBUG] debug-file - Start initialize module-target build option map, moduleName=entry, buildMode=debug
[2026-06-16T21:30:56.742] [DEBUG] debug-file - Target 'default' config initialized
[2026-06-16T21:30:56.742] [DEBUG] debug-file - Module 'entry' target 'default' build option initialized
[2026-06-16T21:30:56.742] [DEBUG] debug-file - End initialize module-target build option map, moduleName=entry
[2026-06-16T21:30:56.742] [DEBUG] debug-file - Start initialize module-target build option map, moduleName=entry, buildMode=debug
[2026-06-16T21:30:56.742] [DEBUG] debug-file - Target 'default' config initialized
[2026-06-16T21:30:56.742] [DEBUG] debug-file - Module 'entry' target 'default' build option initialized
[2026-06-16T21:30:56.742] [DEBUG] debug-file - End initialize module-target build option map, moduleName=entry
[2026-06-16T21:30:56.743] [DEBUG] debug-file - Obtain build option for module 'entry' target 'default'in this build.
[2026-06-16T21:30:56.746] [DEBUG] debug-file - Module entry task initialization takes 3 ms 
[2026-06-16T21:30:56.746] [DEBUG] debug-file - Hap plugin register hook start...
[2026-06-16T21:30:56.746] [DEBUG] debug-file - Hap plugin register hook end...
[2026-06-16T21:30:56.746] [DEBUG] debug-file - Plugin build process completed
[2026-06-16T21:30:56.746] [DEBUG] debug-file - hvigorfile, begin to bind custom plugins...
[2026-06-16T21:30:56.746] [DEBUG] debug-file - hvigorfile, no custom plugins were found in D:\audio-format-switch-master\audio-format-switch-master\entry\hvigorfile.ts
[2026-06-16T21:30:56.746] [DEBUG] debug-file - hvigorfile, resolve finished D:\audio-format-switch-master\audio-format-switch-master\entry\hvigorfile.ts
[2026-06-16T21:30:56.760] [DEBUG] debug-file - hvigorfile, resolve hvigorfile dependencies in 14 ms 
[2026-06-16T21:30:56.760] [DEBUG] debug-file - project has submodules:entry
[2026-06-16T21:30:56.761] [DEBUG] debug-file - start to load updatedOhPackageInfo to the disk
[2026-06-16T21:30:56.764] [DEBUG] debug-file - load to the disk finished
[2026-06-16T21:30:56.764] [DEBUG] debug-file - Start to initialize dependency information.
[2026-06-16T21:30:56.766] [DEBUG] debug-file - Module audio-format-switch-master Collected Dependency: 
[2026-06-16T21:30:56.766] [DEBUG] debug-file - Module audio-format-switch-master's total dependency: 0
[2026-06-16T21:30:56.766] [DEBUG] debug-file - Start to initialize dependency information.
[2026-06-16T21:30:56.769] [DEBUG] debug-file - Module entry Collected Dependency: 
[2026-06-16T21:30:56.769] [DEBUG] debug-file - Module entry's total dependency: 0
[2026-06-16T21:30:56.771] [DEBUG] debug-file - Configuration phase cost:1 s 371 ms 
[2026-06-16T21:30:56.772] [DEBUG] debug-file - Configuration task cost before running: 1 s 378 ms 
[2026-06-16T21:30:56.773] [DEBUG] debug-file - Executing task :entry:clean
[2026-06-16T21:30:56.773] [DEBUG] debug-file - clean: Worker pool is inactive.
[2026-06-16T21:30:56.774] [DEBUG] debug-file - entry : clean cost memory 0.0839691162109375
[2026-06-16T21:30:56.774] [DEBUG] debug-file - runTaskFromQueue task cost before running: 1 s 379 ms 
[2026-06-16T21:30:56.774] [INFO] debug-file - Finished :entry:clean... after 1 ms 
[2026-06-16T21:30:56.774] [DEBUG] debug-file - Executing task ::clean
[2026-06-16T21:30:56.774] [DEBUG] debug-file - clean: Worker pool is inactive.
[2026-06-16T21:30:56.774] [DEBUG] debug-file - audio-format-switch-master : clean cost memory 0.026458740234375
[2026-06-16T21:30:56.774] [DEBUG] debug-file - runTaskFromQueue task cost before running: 1 s 380 ms 
[2026-06-16T21:30:56.774] [INFO] debug-file - Finished ::clean... after 1 ms 
[2026-06-16T21:30:56.774] [DEBUG] debug-file - Executing task :entry:init
[2026-06-16T21:30:56.775] [DEBUG] debug-file - entry : init cost memory 0.014923095703125
[2026-06-16T21:30:56.775] [DEBUG] debug-file - runTaskFromQueue task cost before running: 1 s 380 ms 
[2026-06-16T21:30:56.775] [INFO] debug-file - Finished :entry:init... after 1 ms 
[2026-06-16T21:30:56.775] [DEBUG] debug-file - Executing task ::init
[2026-06-16T21:30:56.775] [DEBUG] debug-file - audio-format-switch-master : init cost memory 0.0141448974609375
[2026-06-16T21:30:56.775] [DEBUG] debug-file - runTaskFromQueue task cost before running: 1 s 380 ms 
[2026-06-16T21:30:56.775] [INFO] debug-file - Finished ::init... after 1 ms 
[2026-06-16T21:30:56.784] [DEBUG] debug-file - Obtain build option for module 'entry' target 'default'in this build.
[2026-06-16T21:30:56.790] [DEBUG] debug-file - session manager: send message to worker process.
[2026-06-16T21:30:56.790] [DEBUG] debug-file - session manager: send message to worker process.
[2026-06-16T21:30:56.790] [DEBUG] debug-file - Cleanup worker 0.
[2026-06-16T21:30:56.790] [DEBUG] debug-file - Worker 0 has been cleaned up.
[2026-06-16T21:30:56.790] [DEBUG] debug-file - Current idle worker size: 1.
[2026-06-16T21:30:56.790] [DEBUG] debug-file - Current resident worker size: 2.
[2026-06-16T21:30:56.790] [DEBUG] debug-file - Cleanup worker 1.
[2026-06-16T21:30:56.790] [DEBUG] debug-file - Worker 1 has been cleaned up.
[2026-06-16T21:30:56.790] [DEBUG] debug-file - Current idle worker size: 0.
[2026-06-16T21:30:56.790] [DEBUG] debug-file - Current resident worker size: 2.
[2026-06-16T21:30:56.791] [DEBUG] debug-file - hvigor build process will be closed.
[2026-06-16T21:30:56.793] [DEBUG] debug-file - watch worker: worker id should be larger than 0. Nothing will be sent to any worker thread.
[2026-06-16T21:30:56.793] [DEBUG] debug-file - watch worker: worker id should be larger than 0. Nothing will be sent to any worker thread.
[2026-06-16T21:30:56.796] [DEBUG] debug-file - worker[1] exits with exit code 1.
[2026-06-16T21:30:56.796] [DEBUG] debug-file - worker[0] exits with exit code 1.
[2026-06-16T21:46:43.746] [DEBUG] debug-file - session manager: set active socket. socketId=KnftHiH07ysaRuSyAAAD
[2026-06-16T21:46:43.764] [DEBUG] debug-file - watch worker: worker id should be larger than 0. Nothing will be sent to any worker thread.
[2026-06-16T21:46:43.772] [DEBUG] debug-file - Workers' log level updated to INFO
[2026-06-16T21:46:43.775] [DEBUG] debug-file - Hvigor init with startParameters:{
  hvigorfileTypeCheck: false,
  parallelExecution: true,
  incrementalExecution: true,
  printStackTrace: false,
  daemon: true,
  analyze: 0,
  logLevel: Level { level: 20000, levelStr: 'INFO', colour: 'green' },
  optimizationStrategy: 'memory',
  hotCompile: undefined,
  hotReloadBuild: undefined,
  customizedParam: undefined
}
[2026-06-16T21:46:43.776] [DEBUG] debug-file - Cache service initialization finished in 1 ms 
[2026-06-16T21:46:43.776] [DEBUG] debug-file - hvigorfile, resolving D:\audio-format-switch-master\audio-format-switch-master\hvigorfile.ts
[2026-06-16T21:46:43.784] [DEBUG] debug-file - hvigorfile, require result:  { default: { plugins: [] } }
[2026-06-16T21:46:43.784] [DEBUG] debug-file - hvigorfile, binding system plugins null
[2026-06-16T21:46:43.785] [DEBUG] debug-file - Starting plugin build process
[2026-06-16T21:46:43.785] [DEBUG] debug-file - App plugin prepare start...
[2026-06-16T21:46:43.785] [DEBUG] debug-file - App plugin prepare end...
[2026-06-16T21:46:43.785] [DEBUG] debug-file - App plugin creating...
[2026-06-16T21:46:43.790] [DEBUG] debug-file - App plugin register hook start...
[2026-06-16T21:46:43.791] [DEBUG] debug-file - App plugin register hook end...
[2026-06-16T21:46:43.791] [DEBUG] debug-file - Plugin build process completed
[2026-06-16T21:46:43.791] [DEBUG] debug-file - Start initialize project's product build option map with build mode debug.
[2026-06-16T21:46:43.791] [DEBUG] debug-file - Picking option from product 'default' with build mode 'debug'.
[2026-06-16T21:46:43.791] [DEBUG] debug-file - Product 'default' build option initialized
[2026-06-16T21:46:43.791] [DEBUG] debug-file - End initialize project's product build option map with build mode 'debug'.
[2026-06-16T21:46:43.792] [DEBUG] debug-file - Obtain build option for product 'default'in this build.
[2026-06-16T21:46:43.793] [DEBUG] debug-file - No signingConfig found, initRemoteHspCache failed.
[2026-06-16T21:46:43.795] [DEBUG] debug-file - Start recording SDK configuration permission data.
[2026-06-16T21:46:43.813] [DEBUG] debug-file - Sdk init in 21 ms 
[2026-06-16T21:46:43.816] [DEBUG] debug-file - Project task initialization takes 2 ms 
[2026-06-16T21:46:43.816] [DEBUG] debug-file - hvigorfile, begin to bind custom plugins...
[2026-06-16T21:46:43.816] [DEBUG] debug-file - hvigorfile, no custom plugins were found in D:\audio-format-switch-master\audio-format-switch-master\hvigorfile.ts
[2026-06-16T21:46:43.816] [DEBUG] debug-file - hvigorfile, resolve finished D:\audio-format-switch-master\audio-format-switch-master\hvigorfile.ts
[2026-06-16T21:46:43.816] [DEBUG] debug-file - hvigorfile, resolving D:\audio-format-switch-master\audio-format-switch-master\entry\hvigorfile.ts
[2026-06-16T21:46:43.820] [DEBUG] debug-file - hvigorfile, require result:  { default: { plugins: [] } }
[2026-06-16T21:46:43.820] [DEBUG] debug-file - hvigorfile, binding system plugins null
[2026-06-16T21:46:43.820] [DEBUG] debug-file - Starting plugin build process
[2026-06-16T21:46:43.820] [DEBUG] debug-file - Hap plugin creating...
[2026-06-16T21:46:43.821] [DEBUG] debug-file - failed to load cangjie to dynamically generate schemas: Error: Cannot find module '@ohos/cangjie-build-support/index'
Require stack:
- E:\DevEco Studio\tools\hvigor\hvigor-ohos-plugin\src\plugin\hooks\cangjie-register.js
- E:\DevEco Studio\tools\hvigor\hvigor-ohos-plugin\src\plugin\strategy\stage-init-strategy.js
- E:\DevEco Studio\tools\hvigor\hvigor-ohos-plugin\src\plugin\builder\abstract-plugin-builder.js
- E:\DevEco Studio\tools\hvigor\hvigor-ohos-plugin\src\plugin\builder\app-plugin-builder.js
- E:\DevEco Studio\tools\hvigor\hvigor-ohos-plugin\src\plugin\factory\plugin-factory.js
- E:\DevEco Studio\tools\hvigor\hvigor-ohos-plugin\index.js
- D:\audio-format-switch-master\audio-format-switch-master\hvigorfile.ts
- E:\DevEco Studio\tools\hvigor\hvigor\src\base\internal\lifecycle\configuration.js
- E:\DevEco Studio\tools\hvigor\hvigor\src\base\boot\index.js
- E:\DevEco Studio\tools\hvigor\hvigor\src\base\daemon\cluster\worker-process-lifecycle.js
- E:\DevEco Studio\tools\hvigor\hvigor\src\base\daemon\process\daemon-process-boot-script.js
[2026-06-16T21:46:43.823] [DEBUG] debug-file - Start initialize module-target build option map, moduleName=entry, buildMode=release
[2026-06-16T21:46:43.823] [DEBUG] debug-file - Target 'default' config initialized
[2026-06-16T21:46:43.823] [DEBUG] debug-file - Module 'entry' target 'default' build option initialized
[2026-06-16T21:46:43.824] [DEBUG] debug-file - End initialize module-target build option map, moduleName=entry
[2026-06-16T21:46:43.824] [DEBUG] debug-file - Start initialize module-target build option map, moduleName=entry, buildMode=debug
[2026-06-16T21:46:43.824] [DEBUG] debug-file - Target 'default' config initialized
[2026-06-16T21:46:43.824] [DEBUG] debug-file - Module 'entry' target 'default' build option initialized
[2026-06-16T21:46:43.824] [DEBUG] debug-file - End initialize module-target build option map, moduleName=entry
[2026-06-16T21:46:43.824] [DEBUG] debug-file - Start initialize module-target build option map, moduleName=entry, buildMode=debug
[2026-06-16T21:46:43.824] [DEBUG] debug-file - Target 'default' config initialized
[2026-06-16T21:46:43.824] [DEBUG] debug-file - Module 'entry' target 'default' build option initialized
[2026-06-16T21:46:43.824] [DEBUG] debug-file - End initialize module-target build option map, moduleName=entry
[2026-06-16T21:46:43.824] [DEBUG] debug-file - Obtain build option for module 'entry' target 'default'in this build.
[2026-06-16T21:46:43.825] [DEBUG] debug-file - Module entry task initialization takes 1 ms 
[2026-06-16T21:46:43.825] [DEBUG] debug-file - Hap plugin register hook start...
[2026-06-16T21:46:43.825] [DEBUG] debug-file - Hap plugin register hook end...
[2026-06-16T21:46:43.825] [DEBUG] debug-file - Plugin build process completed
[2026-06-16T21:46:43.825] [DEBUG] debug-file - hvigorfile, begin to bind custom plugins...
[2026-06-16T21:46:43.825] [DEBUG] debug-file - hvigorfile, no custom plugins were found in D:\audio-format-switch-master\audio-format-switch-master\entry\hvigorfile.ts
[2026-06-16T21:46:43.825] [DEBUG] debug-file - hvigorfile, resolve finished D:\audio-format-switch-master\audio-format-switch-master\entry\hvigorfile.ts
[2026-06-16T21:46:43.840] [DEBUG] debug-file - hvigorfile, resolve hvigorfile dependencies in 15 ms 
[2026-06-16T21:46:43.840] [DEBUG] debug-file - project has submodules:entry
[2026-06-16T21:46:43.841] [DEBUG] debug-file - start to load updatedOhPackageInfo to the disk
[2026-06-16T21:46:43.842] [DEBUG] debug-file - load to the disk finished
[2026-06-16T21:46:43.843] [DEBUG] debug-file - Start to initialize dependency information.
[2026-06-16T21:46:43.843] [DEBUG] debug-file - Module audio-format-switch-master Collected Dependency: 
[2026-06-16T21:46:43.843] [DEBUG] debug-file - Module audio-format-switch-master's total dependency: 0
[2026-06-16T21:46:43.843] [DEBUG] debug-file - Start to initialize dependency information.
[2026-06-16T21:46:43.844] [DEBUG] debug-file - Module entry Collected Dependency: 
[2026-06-16T21:46:43.844] [DEBUG] debug-file - Module entry's total dependency: 0
[2026-06-16T21:46:43.845] [DEBUG] debug-file - Configuration phase cost:70 ms 
[2026-06-16T21:46:43.846] [DEBUG] debug-file - Configuration task cost before running: 74 ms 
[2026-06-16T21:46:43.850] [DEBUG] debug-file - Executing task :entry:default@PreBuild
[2026-06-16T21:46:43.851] [DEBUG] debug-file - Task 'entry:default@PreBuild' cost while wrapping incremental declarations: 1 ms 
[2026-06-16T21:46:43.955] [DEBUG] debug-file - current product is not Atomic service.
[2026-06-16T21:46:43.955] [DEBUG] debug-file - Use tool [win32: JAVA_HOME, CLASSPATH]
 [ { JAVA_HOME: 'E:\\DevEco Studio\\jbr' }, { CLASSPATH: undefined } ]
[2026-06-16T21:46:43.955] [DEBUG] debug-file - Use tool [win32: NODE_HOME]
 [ { NODE_HOME: 'E:\\DevEco Studio\\tools\\node' } ]
[2026-06-16T21:46:43.956] [DEBUG] debug-file - entry : default@PreBuild cost memory 16.148780822753906
[2026-06-16T21:46:43.956] [DEBUG] debug-file - runTaskFromQueue task cost before running: 184 ms 
[2026-06-16T21:46:43.966] [INFO] debug-file - Finished :entry:default@PreBuild... after 106 ms 
[2026-06-16T21:46:43.967] [DEBUG] debug-file - Executing task :entry:default@CreateModuleInfo
[2026-06-16T21:46:43.968] [DEBUG] debug-file - Task 'entry:default@CreateModuleInfo' cost while wrapping incremental declarations: 1 ms 
[2026-06-16T21:46:43.968] [DEBUG] debug-file - entry : default@CreateModuleInfo cost memory 0.08005523681640625
[2026-06-16T21:46:43.968] [DEBUG] debug-file - runTaskFromQueue task cost before running: 197 ms 
[2026-06-16T21:46:43.968] [INFO] debug-file - Finished :entry:default@CreateModuleInfo... after 1 ms 
[2026-06-16T21:46:43.969] [DEBUG] debug-file - Executing task :entry:default@GenerateMetadata
[2026-06-16T21:46:43.969] [DEBUG] debug-file - Task 'entry:default@GenerateMetadata' cost while wrapping incremental declarations: 1 ms 
[2026-06-16T21:46:43.971] [DEBUG] debug-file - entry : default@GenerateMetadata cost memory 0.0894927978515625
[2026-06-16T21:46:43.971] [DEBUG] debug-file - runTaskFromQueue task cost before running: 200 ms 
[2026-06-16T21:46:43.971] [INFO] debug-file - Finished :entry:default@GenerateMetadata... after 3 ms 
[2026-06-16T21:46:43.972] [DEBUG] debug-file - Executing task :entry:default@ConfigureCmake
[2026-06-16T21:46:43.972] [DEBUG] debug-file - entry : default@ConfigureCmake cost memory 0.0145416259765625
[2026-06-16T21:46:43.972] [DEBUG] debug-file - runTaskFromQueue task cost before running: 201 ms 
[2026-06-16T21:46:43.972] [INFO] debug-file - Finished :entry:default@ConfigureCmake... after 1 ms 
[2026-06-16T21:46:43.973] [DEBUG] debug-file - Executing task :entry:default@MergeProfile
[2026-06-16T21:46:43.973] [DEBUG] debug-file - Task 'entry:default@MergeProfile' cost while wrapping incremental declarations: 1 ms 
[2026-06-16T21:46:43.974] [DEBUG] debug-file - Change app api release type with 'Release'
[2026-06-16T21:46:43.974] [DEBUG] debug-file - Change app compile API version with '6.1.0.105'
[2026-06-16T21:46:43.974] [DEBUG] debug-file - Change app target API version with '60000020'
[2026-06-16T21:46:43.974] [DEBUG] debug-file - Change app minimum API version with '60000020'
[2026-06-16T21:46:43.974] [DEBUG] debug-file - Use cli appEnvironment
[2026-06-16T21:46:43.975] [DEBUG] debug-file - entry : default@MergeProfile cost memory 0.32137298583984375
[2026-06-16T21:46:43.975] [DEBUG] debug-file - runTaskFromQueue task cost before running: 203 ms 
[2026-06-16T21:46:43.975] [INFO] debug-file - Finished :entry:default@MergeProfile... after 3 ms 
[2026-06-16T21:46:43.976] [DEBUG] debug-file - Executing task :entry:default@CreateBuildProfile
[2026-06-16T21:46:43.976] [DEBUG] debug-file - Task 'entry:default@CreateBuildProfile' cost while wrapping incremental declarations: 1 ms 
[2026-06-16T21:46:43.977] [DEBUG] debug-file - entry : default@CreateBuildProfile cost memory 0.06850433349609375
[2026-06-16T21:46:43.977] [DEBUG] debug-file - runTaskFromQueue task cost before running: 206 ms 
[2026-06-16T21:46:43.977] [INFO] debug-file - Finished :entry:default@CreateBuildProfile... after 2 ms 
[2026-06-16T21:46:43.978] [DEBUG] debug-file - Executing task :entry:default@PreCheckSyscap
[2026-06-16T21:46:43.978] [DEBUG] debug-file - entry : default@PreCheckSyscap cost memory 0.01490020751953125
[2026-06-16T21:46:43.978] [DEBUG] debug-file - runTaskFromQueue task cost before running: 207 ms 
[2026-06-16T21:46:43.978] [INFO] debug-file - Finished :entry:default@PreCheckSyscap... after 1 ms 
[2026-06-16T21:46:43.979] [DEBUG] debug-file - Executing task :entry:default@GeneratePkgContextInfo
[2026-06-16T21:46:43.984] [DEBUG] debug-file - Task 'entry:default@GeneratePkgContextInfo' cost while wrapping incremental declarations: 1 ms 
[2026-06-16T21:46:43.985] [DEBUG] debug-file - entry : default@GeneratePkgContextInfo cost memory 0.23929595947265625
[2026-06-16T21:46:43.985] [DEBUG] debug-file - runTaskFromQueue task cost before running: 213 ms 
[2026-06-16T21:46:43.985] [INFO] debug-file - Finished :entry:default@GeneratePkgContextInfo... after 6 ms 
[2026-06-16T21:46:43.986] [DEBUG] debug-file - Executing task :entry:default@GeneratePkgSdkInfo
[2026-06-16T21:46:43.987] [DEBUG] debug-file - Task 'entry:default@GeneratePkgSdkInfo' cost while wrapping incremental declarations: 1 ms 
[2026-06-16T21:46:43.987] [DEBUG] debug-file - entry : default@GeneratePkgSdkInfo cost memory 0.0999603271484375
[2026-06-16T21:46:43.987] [DEBUG] debug-file - runTaskFromQueue task cost before running: 216 ms 
[2026-06-16T21:46:43.987] [INFO] debug-file - Finished :entry:default@GeneratePkgSdkInfo... after 2 ms 
[2026-06-16T21:46:43.989] [DEBUG] debug-file - Executing task :entry:default@ProcessIntegratedHsp
[2026-06-16T21:46:43.989] [DEBUG] debug-file - entry : default@ProcessIntegratedHsp cost memory 0.0288543701171875
[2026-06-16T21:46:43.989] [DEBUG] debug-file - runTaskFromQueue task cost before running: 218 ms 
[2026-06-16T21:46:43.989] [INFO] debug-file - Finished :entry:default@ProcessIntegratedHsp... after 1 ms 
[2026-06-16T21:46:43.990] [DEBUG] debug-file - Executing task :entry:default@BuildNativeWithCmake
[2026-06-16T21:46:43.990] [DEBUG] debug-file - entry : default@BuildNativeWithCmake cost memory 0.0148162841796875
[2026-06-16T21:46:43.990] [DEBUG] debug-file - runTaskFromQueue task cost before running: 219 ms 
[2026-06-16T21:46:43.990] [INFO] debug-file - Finished :entry:default@BuildNativeWithCmake... after 1 ms 
[2026-06-16T21:46:43.991] [DEBUG] debug-file - Executing task :entry:default@MakePackInfo
[2026-06-16T21:46:43.993] [DEBUG] debug-file - Module Pack Info:  {
  summary: {
    app: { bundleName: 'c***h', bundleType: 'app', version: [Object] },
    modules: [ [Object] ]
  },
  packages: [
    {
      deviceType: [Array],
      moduleType: 'entry',
      deliveryWithInstall: true,
      name: 'entry-default'
    }
  ]
}
[2026-06-16T21:46:43.993] [DEBUG] debug-file - entry : default@MakePackInfo cost memory 0.1104278564453125
[2026-06-16T21:46:43.993] [DEBUG] debug-file - runTaskFromQueue task cost before running: 222 ms 
[2026-06-16T21:46:43.994] [INFO] debug-file - Finished :entry:default@MakePackInfo... after 3 ms 
[2026-06-16T21:46:43.994] [DEBUG] debug-file - Executing task :entry:default@SyscapTransform
[2026-06-16T21:46:43.995] [DEBUG] debug-file - File: 'D:\audio-format-switch-master\audio-format-switch-master\entry\src\main\syscap.json' from 'sysCapJsonPath' is not exists, just ignore.
[2026-06-16T21:46:43.995] [DEBUG] debug-file - Task 'entry:default@SyscapTransform' cost while wrapping incremental declarations: 1 ms 
[2026-06-16T21:46:43.995] [DEBUG] debug-file - entry : default@SyscapTransform cost memory 0.05405426025390625
[2026-06-16T21:46:43.995] [DEBUG] debug-file - runTaskFromQueue task cost before running: 224 ms 
[2026-06-16T21:46:43.995] [INFO] debug-file - Finished :entry:default@SyscapTransform... after 1 ms 
[2026-06-16T21:46:43.997] [DEBUG] debug-file - Executing task :entry:default@ProcessProfile
[2026-06-16T21:46:43.997] [DEBUG] debug-file - Task 'entry:default@ProcessProfile' cost while wrapping incremental declarations: 1 ms 
[2026-06-16T21:46:43.998] [DEBUG] debug-file - [
  'E:\\DevEco Studio\\tools\\node\\node.exe',
  'E:\\DevEco Studio\\sdk\\default\\openharmony\\ets\\build-tools\\ets-loader\\bin\\ark\\ts2abc.js',
  '--target-api-version',
  '20'
]
[2026-06-16T21:46:44.068] [DEBUG] debug-file - 13.0.1.0
[2026-06-16T21:46:44.070] [DEBUG] debug-file - No need to add fake ui ability because of not in preview process.
[2026-06-16T21:46:44.070] [DEBUG] debug-file - entry : default@ProcessProfile cost memory 2.0657119750976562
[2026-06-16T21:46:44.070] [DEBUG] debug-file - runTaskFromQueue task cost before running: 299 ms 
[2026-06-16T21:46:44.070] [INFO] debug-file - Finished :entry:default@ProcessProfile... after 74 ms 
[2026-06-16T21:46:44.071] [DEBUG] debug-file - Executing task :entry:default@ProcessRouterMap
[2026-06-16T21:46:44.073] [DEBUG] debug-file - entry : default@ProcessRouterMap cost memory 0.11235809326171875
[2026-06-16T21:46:44.073] [DEBUG] debug-file - runTaskFromQueue task cost before running: 302 ms 
[2026-06-16T21:46:44.074] [INFO] debug-file - Finished :entry:default@ProcessRouterMap... after 3 ms 
[2026-06-16T21:46:44.074] [DEBUG] debug-file - Executing task :entry:default@ProcessShareConfig
[2026-06-16T21:46:44.076] [DEBUG] debug-file - entry : default@ProcessShareConfig cost memory 0.08409881591796875
[2026-06-16T21:46:44.076] [DEBUG] debug-file - runTaskFromQueue task cost before running: 304 ms 
[2026-06-16T21:46:44.076] [INFO] debug-file - Finished :entry:default@ProcessShareConfig... after 2 ms 
[2026-06-16T21:46:44.077] [DEBUG] debug-file - Executing task :entry:default@ProcessStartupConfig
[2026-06-16T21:46:44.077] [DEBUG] debug-file - Task 'entry:default@ProcessStartupConfig' cost while wrapping incremental declarations: 1 ms 
[2026-06-16T21:46:44.078] [DEBUG] debug-file - entry : default@ProcessStartupConfig cost memory 0.09438323974609375
[2026-06-16T21:46:44.078] [DEBUG] debug-file - runTaskFromQueue task cost before running: 306 ms 
[2026-06-16T21:46:44.078] [INFO] debug-file - Finished :entry:default@ProcessStartupConfig... after 2 ms 
[2026-06-16T21:46:44.079] [DEBUG] debug-file - Executing task :entry:default@BuildNativeWithNinja
[2026-06-16T21:46:44.079] [DEBUG] debug-file - entry : default@BuildNativeWithNinja cost memory 0.03200531005859375
[2026-06-16T21:46:44.080] [DEBUG] debug-file - runTaskFromQueue task cost before running: 308 ms 
[2026-06-16T21:46:44.080] [INFO] debug-file - Finished :entry:default@BuildNativeWithNinja... after 1 ms 
[2026-06-16T21:46:44.081] [DEBUG] debug-file - restool module names: entry; moduleName=entry, taskName=default@ProcessResource
[2026-06-16T21:46:44.082] [DEBUG] debug-file - Executing task :entry:default@ProcessResource
[2026-06-16T21:46:44.082] [DEBUG] debug-file - Task 'entry:default@ProcessResource' cost while wrapping incremental declarations: 1 ms 
[2026-06-16T21:46:44.083] [DEBUG] debug-file - entry : default@ProcessResource cost memory 0.14395904541015625
[2026-06-16T21:46:44.083] [DEBUG] debug-file - runTaskFromQueue task cost before running: 312 ms 
[2026-06-16T21:46:44.084] [INFO] debug-file - Finished :entry:default@ProcessResource... after 2 ms 
[2026-06-16T21:46:44.085] [DEBUG] debug-file - Executing task :entry:default@GenerateLoaderJson
[2026-06-16T21:46:44.086] [DEBUG] debug-file - Task 'entry:default@GenerateLoaderJson' cost while wrapping incremental declarations: 1 ms 
[2026-06-16T21:46:44.091] [DEBUG] debug-file - entry : default@GenerateLoaderJson cost memory 0.5842666625976562
[2026-06-16T21:46:44.091] [DEBUG] debug-file - runTaskFromQueue task cost before running: 320 ms 
[2026-06-16T21:46:44.093] [INFO] debug-file - Finished :entry:default@GenerateLoaderJson... after 6 ms 
[2026-06-16T21:46:44.093] [DEBUG] debug-file - Executing task :entry:default@ProcessLibs
[2026-06-16T21:46:44.097] [DEBUG] debug-file - Worker dispatch failed, running processLibs on main thread.
[2026-06-16T21:46:44.098] [DEBUG] debug-file - entry : default@ProcessLibs cost memory 0.3152618408203125
[2026-06-16T21:46:44.098] [DEBUG] debug-file - runTaskFromQueue task cost before running: 326 ms 
[2026-06-16T21:46:44.098] [INFO] debug-file - Finished :entry:default@ProcessLibs... after 5 ms 
[2026-06-16T21:46:44.099] [DEBUG] debug-file - restool module names: entry; moduleName=entry, taskName=default@CompileResource
[2026-06-16T21:46:44.100] [DEBUG] debug-file - Executing task :entry:default@CompileResource
[2026-06-16T21:46:44.104] [DEBUG] debug-file - Use tool [E:\DevEco Studio\sdk\default\openharmony\toolchains\restool.exe]
 [
  'E:\\DevEco Studio\\sdk\\default\\openharmony\\toolchains\\restool.exe',
  '-l',
  'D:\\audio-format-switch-master\\audio-format-switch-master\\entry\\build\\default\\intermediates\\res\\default\\resConfig.json'
]
[2026-06-16T21:46:44.104] [DEBUG] debug-file - current process  memoryUsage: {
  rss: 117837824,
  heapTotal: 158724096,
  heapUsed: 111715744,
  external: 3198881,
  arrayBuffers: 165692
} os memoryUsage :14.254234313964844
[2026-06-16T21:46:44.171] [DEBUG] debug-file - Info: Pack: normal pack mode

[2026-06-16T21:46:44.209] [DEBUG] debug-file - Info: hardware concurrency count is : 24
Info: thread count is : 24

[2026-06-16T21:46:44.209] [DEBUG] debug-file - Info: thread pool is started

[2026-06-16T21:46:44.210] [DEBUG] debug-file - Info: GenericCompiler::CompileFiles

[2026-06-16T21:46:44.224] [DEBUG] debug-file - Info: GenericCompiler::CompileFiles
Warning: 'D:\audio-format-switch-master\audio-format-switch-master\entry\src\main\resources\base\media\foreground.png' is defined repeatedly.

[2026-06-16T21:46:44.225] [DEBUG] debug-file - Warning: 'D:\audio-format-switch-master\audio-format-switch-master\entry\src\main\resources\base\media\background.png' is defined repeatedly.
Warning: 'D:\audio-format-switch-master\audio-format-switch-master\entry\src\main\resources\base\media\layered_image.json' is defined repeatedly.

[2026-06-16T21:46:44.234] [DEBUG] debug-file - Info: GenericCompiler::CompileFiles

[2026-06-16T21:46:44.251] [DEBUG] debug-file - 06-16 21:46:44.251 32156 35752 E C01400/ImageTranscoderUtils: DecodeToRGBA IN

[2026-06-16T21:46:44.252] [DEBUG] debug-file - 06-16 21:46:44.251 32156 35752 E C01400/ImageTranscoderUtils: ImageFilter IN D:\audio-format-switch-master\audio-format-switch-master\AppScope\resources\base\media\background.png

[2026-06-16T21:46:44.291] [DEBUG] debug-file - 06-16 21:46:44.291 32156 35752 E C01400/ImageTranscoderUtils: DecodeToRGBA IN

[2026-06-16T21:46:44.291] [DEBUG] debug-file - 06-16 21:46:44.292 32156 35752 E C01400/ImageTranscoderUtils: ImageFilter IN D:\audio-format-switch-master\audio-format-switch-master\AppScope\resources\base\media\foreground.png

[2026-06-16T21:46:44.317] [DEBUG] debug-file - Info: can't scale media json file.

[2026-06-16T21:46:44.319] [DEBUG] debug-file - Warning: The width or height of the png file referenced by the icon exceeds the limit (41 pixels)
at D:\audio-format-switch-master\audio-format-switch-master\AppScope\resources\base\media\background.png

[2026-06-16T21:46:44.319] [DEBUG] debug-file - Warning: The width or height of the png file referenced by the icon exceeds the limit (41 pixels)
at D:\audio-format-switch-master\audio-format-switch-master\AppScope\resources\base\media\foreground.png

[2026-06-16T21:46:44.319] [DEBUG] debug-file - Warning: D:\audio-format-switch-master\audio-format-switch-master\AppScope\resources\base\media\layered_image.json is not png format

[2026-06-16T21:46:44.320] [DEBUG] debug-file - Info: restool resources compile success.

[2026-06-16T21:46:44.321] [DEBUG] debug-file - Info: thread pool is stopped

[2026-06-16T21:46:44.378] [DEBUG] debug-file - entry : default@CompileResource cost memory -5.219757080078125
[2026-06-16T21:46:44.378] [DEBUG] debug-file - runTaskFromQueue task cost before running: 607 ms 
[2026-06-16T21:46:44.379] [INFO] debug-file - Finished :entry:default@CompileResource... after 279 ms 
[2026-06-16T21:46:44.380] [DEBUG] debug-file - Executing task :entry:default@DoNativeStrip
[2026-06-16T21:46:44.380] [DEBUG] debug-file - File: 'D:\audio-format-switch-master\audio-format-switch-master\entry\build\default\intermediates\binxo\default' from 'doBinxoNativeLibs' is not exists, just ignore.
[2026-06-16T21:46:44.380] [DEBUG] debug-file - Task 'entry:default@DoNativeStrip' cost while wrapping incremental declarations: 1 ms 
[2026-06-16T21:46:44.382] [DEBUG] debug-file - entry : default@DoNativeStrip cost memory 0.08699798583984375
[2026-06-16T21:46:44.382] [DEBUG] debug-file - runTaskFromQueue task cost before running: 610 ms 
[2026-06-16T21:46:44.382] [INFO] debug-file - Finished :entry:default@DoNativeStrip... after 2 ms 
[2026-06-16T21:46:44.383] [DEBUG] debug-file - Executing task :entry:default@CompileArkTS
[2026-06-16T21:46:44.383] [DEBUG] debug-file - obfuscationOptions: undefined
[2026-06-16T21:46:44.384] [DEBUG] debug-file - Task 'entry:default@CompileArkTS' cost while wrapping incremental declarations: 1 ms 
[2026-06-16T21:46:44.394] [DEBUG] debug-file - build config:
[2026-06-16T21:46:44.394] [DEBUG] debug-file - {
  moduleType: 'entry',
  perf: 0,
  targetName: '.default',
  packageManagerType: 'ohpm',
  localPropertiesPath: 'D:\\audio-format-switch-master\\audio-format-switch-master\\local.properties',
  isPreview: false,
  isOhosTest: false,
  isLocalTest: false,
  buildMode: 'Debug',
  hotReloadBuild: undefined,
  watchMode: 'false',
  aceProfilePath: 'D:\\audio-format-switch-master\\audio-format-switch-master\\entry\\build\\default\\intermediates\\res\\default\\resources\\base\\profile',
  etsLoaderPath: 'E:\\DevEco Studio\\sdk\\default\\openharmony\\ets\\build-tools\\ets-loader',
  modulePath: 'D:\\audio-format-switch-master\\audio-format-switch-master\\entry',
  testFrameworkPar: {
    testMode: undefined,
    coveragePathFilter: undefined,
    coverageMode: undefined
  },
  needCoverageInsert: false,
  debugLine: false,
  projectTopDir: 'D:\\audio-format-switch-master\\audio-format-switch-master',
  compileSdkVersion: 23,
  compatibleSdkVersion: 20,
  originCompatibleSdkVersion: '6.0.0(20)',
  compatibleSdkVersionStage: undefined,
  bundleName: 'c***h',
  etsLoaderVersion: '6.1.0.105',
  etsLoaderReleaseType: 'Release',
  aotCompileMode: 'type',
  apPath: 'D:\\audio-format-switch-master\\audio-format-switch-master\\entry\\modules.ap',
  entryModuleName: 'entry',
  entryModuleVersion: '1.0.0',
  entryPackageName: 'entry',
  allModuleNameHash: 'be3e1490a19bd8d07662eb3de867532949623b451f558485d971c2f27ee92973',
  externalApiPaths: [ 'E:\\DevEco Studio\\sdk\\default\\hms\\ets' ],
  compilerTypes: [],
  isCrossplatform: false,
  hvigorPluginFile: undefined,
  compilePluginPath: undefined,
  buildGeneratedProfilePath: 'D:\\audio-format-switch-master\\audio-format-switch-master\\entry\\build\\default\\generated\\profile\\default',
  bundleType: 'app',
  arkTSVersion: undefined,
  apiVersion: 23,
  needCompleteSourcesMap: false,
  isFaMode: false,
  buildDir: 'D:\\audio-format-switch-master\\audio-format-switch-master\\entry\\build',
  deviceTypes: [ 'phone' ],
  pkgContextInfo: {
    entry: {
      packageName: 'entry',
      bundleName: '*****',
      moduleName: '',
      version: '',
      entryPath: 'src/main/',
      isSO: false,
      dependencyAlias: ''
    }
  },
  ohPackagePathMap: {},
  dependencyAliasMap: {},
  permission: { requestPermissions: undefined, definePermissions: undefined },
  useGetCurrentBundleName: false,
  projectArkOption: undefined,
  sourceMapDir: undefined,
  branchElimination: false,
  transformLib: undefined,
  tsImportSendable: false,
  resolveConflictMode: true,
  depName2RootPath: {},
  depName2DepInfo: {},
  depName2OhExports: {},
  rootPathSet: [ 'D:\\audio-format-switch-master\\audio-format-switch-master' ],
  useNativeResolver: true,
  shouldEmitJs: true,
  useTscResolve: false,
  singleFileEmit: false,
  userProjectConfig: {
    autoLazyImport: false,
    allowEmptyBundleName: false,
    reExportCheckMode: 'noCheck',
    executionMode: 'memory',
    usePathPlaceholder: false,
    writeRollupCache: true,
    isExpandImportEnabled: false,
    expandImportExclude: '',
    lazyImportExclude: '',
    lazyImportInclude: '',
    ignoreCrossplatformCheck: false,
    isHarDeduplicateEnabled: false,
    skipOhModulesLint: false,
    enableStrictCheckOHModule: false,
    disableSendableCheckRules: [],
    useDeclarationFileSignature: false,
    customizedOptions: undefined,
    integratedHsp: false,
    isPreloadSoEnabled: false
  },
  executionMode: 'memory',
  arkCompileCachePath: 'D:\\audio-format-switch-master\\audio-format-switch-master\\entry\\build\\default\\cache\\default\\default@CompileArkTS\\esmodule',
  autoLazyFilter: undefined,
  isHarDeduplicateEnabled: false,
  intermediateHarDuplicateDirPath: 'D:\\audio-format-switch-master\\audio-format-switch-master\\entry\\build\\default\\intermediates\\har_duplicate\\default',
  autoLazyImport: false,
  allowEmptyBundleName: false,
  reExportCheckMode: 'noCheck',
  usePathPlaceholder: false,
  writeRollupCache: true,
  isExpandImportEnabled: false,
  expandImportExclude: '',
  lazyImportExclude: '',
  lazyImportInclude: '',
  ignoreCrossplatformCheck: false,
  skipOhModulesLint: false,
  enableStrictCheckOHModule: false,
  disableSendableCheckRules: [],
  useDeclarationFileSignature: false,
  customizedOptions: undefined,
  integratedHsp: false,
  isPreloadSoEnabled: false,
  strictMode: {
    caseSensitiveCheck: true,
    useNormalizedOHMUrl: true,
    noExternalImportByPath: true
  },
  useNormalizedOHMUrl: true,
  caseSensitiveCheck: true,
  aceModuleJsonPath: 'D:\\audio-format-switch-master\\audio-format-switch-master\\entry\\build\\default\\intermediates\\res\\default\\ark_module.json',
  appResource: 'D:\\audio-format-switch-master\\audio-format-switch-master\\entry\\build\\default\\intermediates\\res\\default\\ResourceTable.txt',
  rawFileResource: 'D:\\audio-format-switch-master\\audio-format-switch-master\\entry\\build\\default\\intermediates\\res\\default\\resources\\rawfile',
  resourceTableHash: '6c01846ec43f83dda3236b826ce3ee4717843f851a24bccd7722c8787b896537',
  runtimeOS: 'HarmonyOS',
  sdkInfo: 'false:23:6.1.0.105:Release',
  aceModuleRoot: 'D:\\audio-format-switch-master\\audio-format-switch-master\\entry\\src\\main\\ets',
  compileMode: 'esmodule',
  aceSuperVisualPath: 'D:\\audio-format-switch-master\\audio-format-switch-master\\entry\\src\\main\\supervisual',
  aceBuildJson: 'D:\\audio-format-switch-master\\audio-format-switch-master\\entry\\build\\default\\intermediates\\loader\\default\\loader.json',
  cachePath: 'D:\\audio-format-switch-master\\audio-format-switch-master\\entry\\build\\default\\cache\\default\\default@CompileArkTS\\esmodule\\debug',
  aceModuleBuild: 'D:\\audio-format-switch-master\\audio-format-switch-master\\entry\\build\\default\\intermediates\\loader_out\\default\\ets',
  supportChunks: true,
  declaredFilesPath: undefined,
  shouldCollectDirectImportees: false,
  isByteCodeHarOptimize: false,
  expandImportPath: undefined,
  resourceTableTs: 'D:\\audio-format-switch-master\\audio-format-switch-master\\entry\\build\\default\\generated\\r\\default\\ResourceTable.ts',
  moduleMetaInfoFiles: [
    {
      filePath: 'D:\\audio-format-switch-master\\audio-format-switch-master\\entry\\build\\default\\generated\\r\\default\\ResourceTable.ts',
      ohmurl: '&entry/build/generated/r/ResourceTable&'
    }
  ],
  pkgNameToPkgBriefInfo: {
    entry: {
      pkgRoot: 'D:\\audio-format-switch-master\\audio-format-switch-master\\entry',
      originalSourceRoots: undefined,
      sourceRoots: [Array],
      pkgName: 'entry'
    }
  },
  projectModel: {
    'D:\\audio-format-switch-master\\audio-format-switch-master\\entry\\src\\main': {
      moduleName: 'entry',
      modulePkgPath: 'D:\\audio-format-switch-master\\audio-format-switch-master\\entry',
      belongProjectPath: 'D:\\audio-format-switch-master\\audio-format-switch-master'
    },
    'D:\\audio-format-switch-master\\audio-format-switch-master\\entry': {
      moduleName: 'entry',
      modulePkgPath: 'D:\\audio-format-switch-master\\audio-format-switch-master\\entry',
      belongProjectPath: 'D:\\audio-format-switch-master\\audio-format-switch-master'
    },
    'D:\\audio-format-switch-master\\audio-format-switch-master': {
      moduleName: 'audio-format-switch-master',
      modulePkgPath: 'D:\\audio-format-switch-master\\audio-format-switch-master',
      belongProjectPath: 'D:\\audio-format-switch-master\\audio-format-switch-master'
    }
  },
  pkgJsonFileHash: '3988b0835bccf210dee13376ccba6999fb1b98adb421db068b476e7002ad0e2d',
  allModulePaths: [
    'D:\\audio-format-switch-master\\audio-format-switch-master\\entry'
  ],
  routerMap: {},
  obfuscationOptions: undefined,
  byteCodeHarToDependencyKeys: undefined,
  compileBlockPkg: [],
  mockParams: {
    decorator: '@MockSetup',
    packageName: '@ohos/hamock',
    etsSourceRootPath: 'src/main/ets',
    mockConfigPath: undefined,
    mockConfigKey2ModuleInfo: {},
    source2ModuleIdMap: {}
  },
  copyCodeResourceEnable: false,
  copyCodeResourceExcludes: [],
  copyCodeResourceIncludes: undefined,
  uiTransformOptimization: false,
  sdkPath: 'E:/DevEco Studio/sdk',
  needPreloadSoFileSet: {},
  preloadSoFilePath: 'D:\\audio-format-switch-master\\audio-format-switch-master\\entry\\build\\default\\intermediates\\preload\\default\\preload.json',
  useSourceHash: false,
  localModuleParamMap: {},
  otherPaths: {
    'entry/*': [
      '..\\*',
      '..\\..\\..\\build\\default\\generated\\profile\\default\\*'
    ]
  },
  collectImportersConfig: undefined
}
[2026-06-16T21:46:44.394] [DEBUG] debug-file - Compile arkts with external api path: E:\DevEco Studio\sdk\default\hms\ets
[2026-06-16T21:46:44.395] [DEBUG] debug-file - default@CompileArkTS work[0] is submitted.
[2026-06-16T21:46:44.395] [DEBUG] debug-file - default@CompileArkTS work[0] is pushed to ready queue.
[2026-06-16T21:46:44.395] [DEBUG] debug-file - A work dispatched to worker[23] failed because unable to get work from ready queue.
[2026-06-16T21:46:44.395] [DEBUG] debug-file - A work dispatched to worker[22] failed because unable to get work from ready queue.
[2026-06-16T21:46:44.395] [DEBUG] debug-file - A work dispatched to worker[21] failed because unable to get work from ready queue.
[2026-06-16T21:46:44.395] [DEBUG] debug-file - A work dispatched to worker[20] failed because unable to get work from ready queue.
[2026-06-16T21:46:44.395] [DEBUG] debug-file - A work dispatched to worker[19] failed because unable to get work from ready queue.
[2026-06-16T21:46:44.395] [DEBUG] debug-file - A work dispatched to worker[18] failed because unable to get work from ready queue.
[2026-06-16T21:46:44.395] [DEBUG] debug-file - A work dispatched to worker[17] failed because unable to get work from ready queue.
[2026-06-16T21:46:44.396] [DEBUG] debug-file - A work dispatched to worker[16] failed because unable to get work from ready queue.
[2026-06-16T21:46:44.396] [DEBUG] debug-file - A work dispatched to worker[15] failed because unable to get work from ready queue.
[2026-06-16T21:46:44.396] [DEBUG] debug-file - A work dispatched to worker[14] failed because unable to get work from ready queue.
[2026-06-16T21:46:44.396] [DEBUG] debug-file - A work dispatched to worker[13] failed because unable to get work from ready queue.
[2026-06-16T21:46:44.396] [DEBUG] debug-file - A work dispatched to worker[12] failed because unable to get work from ready queue.
[2026-06-16T21:46:44.396] [DEBUG] debug-file - A work dispatched to worker[11] failed because unable to get work from ready queue.
[2026-06-16T21:46:44.396] [DEBUG] debug-file - A work dispatched to worker[10] failed because unable to get work from ready queue.
[2026-06-16T21:46:44.396] [DEBUG] debug-file - A work dispatched to worker[9] failed because unable to get work from ready queue.
[2026-06-16T21:46:44.396] [DEBUG] debug-file - A work dispatched to worker[8] failed because unable to get work from ready queue.
[2026-06-16T21:46:44.396] [DEBUG] debug-file - A work dispatched to worker[7] failed because unable to get work from ready queue.
[2026-06-16T21:46:44.396] [DEBUG] debug-file - A work dispatched to worker[6] failed because unable to get work from ready queue.
[2026-06-16T21:46:44.396] [DEBUG] debug-file - A work dispatched to worker[5] failed because unable to get work from ready queue.
[2026-06-16T21:46:44.396] [DEBUG] debug-file - Create  resident worker with id: 4.
[2026-06-16T21:46:44.397] [DEBUG] debug-file - default@CompileArkTS work[0] has been dispatched to worker[4].
[2026-06-16T21:46:44.397] [DEBUG] debug-file - default@CompileArkTS work[0] is dispatched.
[2026-06-16T21:46:44.398] [DEBUG] debug-file - entry : default@CompileArkTS cost memory 1.576416015625
[2026-06-16T21:46:44.399] [DEBUG] debug-file - Executing task :entry:default@BuildJS
[2026-06-16T21:46:44.399] [DEBUG] debug-file - Task 'entry:default@BuildJS' cost while wrapping incremental declarations: 1 ms 
[2026-06-16T21:46:44.400] [DEBUG] debug-file - entry : default@BuildJS cost memory 0.1910247802734375
[2026-06-16T21:46:44.401] [DEBUG] debug-file - runTaskFromQueue task cost before running: 629 ms 
[2026-06-16T21:46:44.401] [INFO] debug-file - Finished :entry:default@BuildJS... after 2 ms 
[2026-06-16T21:46:44.401] [DEBUG] debug-file - Executing task :entry:default@CacheNativeLibs
[2026-06-16T21:46:44.401] [DEBUG] debug-file - File: 'D:\audio-format-switch-master\audio-format-switch-master\entry\build\default\intermediates\binxo\default' from 'cacheBinxoNativeLibs' is not exists, just ignore.
[2026-06-16T21:46:44.402] [DEBUG] debug-file - Task 'entry:default@CacheNativeLibs' cost while wrapping incremental declarations: 1 ms 
[2026-06-16T21:46:44.402] [DEBUG] debug-file - default@CacheNativeLibs work[1] is submitted.
[2026-06-16T21:46:44.402] [DEBUG] debug-file - default@CacheNativeLibs work[1] is pushed to ready queue.
[2026-06-16T21:46:44.402] [DEBUG] debug-file - A work dispatched to worker[23] failed because unable to get work from ready queue.
[2026-06-16T21:46:44.402] [DEBUG] debug-file - Create  resident worker with id: 22.
[2026-06-16T21:46:44.402] [DEBUG] debug-file - default@CacheNativeLibs work[1] has been dispatched to worker[22].
[2026-06-16T21:46:44.403] [DEBUG] debug-file - default@CacheNativeLibs work[1] is dispatched.
[2026-06-16T21:46:44.403] [DEBUG] debug-file - entry : default@CacheNativeLibs cost memory 0.170318603515625
[2026-06-16T21:46:45.325] [DEBUG] debug-file - worker[22] has one work done.
[2026-06-16T21:46:45.326] [DEBUG] debug-file - default@CacheNativeLibs work[1] done.
[2026-06-16T21:46:45.326] [DEBUG] debug-file - A work dispatched to worker[22] failed because unable to get work from ready queue.
[2026-06-16T21:46:45.326] [INFO] debug-file - Finished :entry:default@CacheNativeLibs... after 6 ms 
[2026-06-16T21:46:49.894] [DEBUG] debug-file - worker[4] has one work error.
[2026-06-16T21:46:49.894] [DEBUG] debug-file - Ark compile task finished.finished time is 1208736629178800
[2026-06-16T21:46:49.894] [DEBUG] debug-file - default@CompileArkTS work[0] failed.
[2026-06-16T21:46:49.894] [ERROR] debug-file - Failed :entry:default@CompileArkTS... 
[2026-06-16T21:46:49.894] [WARN] debug-file - 
[33m1 WARN: [33m[33mArkTS:WARN: For details about ArkTS syntax errors, see FAQs[39m[39m
[2026-06-16T21:46:49.894] [DEBUG] debug-file - hvigor build process will be closed with an error.
[2026-06-16T21:46:49.900] [DEBUG] debug-file - ERROR: stacktrace = Error: ArkTS Compiler Error
[31m1 ERROR: [31m10605008 ArkTS Compiler Error
Error Message: Use explicit types instead of "any", "unknown" (arkts-no-any-unknown) At File: D:/audio-format-switch-master/audio-format-switch-master/entry/src/main/ets/player/EqualizerController.ets:57:15
[39m
[39m
[31m2 ERROR: [31m10505001 ArkTS Compiler Error
Error Message: Namespace 'audio' has no exported member 'AudioEffect'. At File: D:/audio-format-switch-master/audio-format-switch-master/entry/src/main/ets/player/EqualizerController.ets:37:30
[39m
[39m
[31m3 ERROR: [31m10505001 ArkTS Compiler Error
Error Message: Namespace 'audio' has no exported member 'Equalizer'. At File: D:/audio-format-switch-master/audio-format-switch-master/entry/src/main/ets/player/EqualizerController.ets:38:28
[39m
[39m
[31m4 ERROR: [31m10505001 ArkTS Compiler Error
Error Message: Property 'createAudioEffect' does not exist on type 'typeof audio'. At File: D:/audio-format-switch-master/audio-format-switch-master/entry/src/main/ets/player/EqualizerController.ets:52:38
[39m
[39m
[31m5 ERROR: [31m10505001 ArkTS Compiler Error
Error Message: Property 'AudioEffectType' does not exist on type 'typeof audio'. Did you mean 'AudioEffectMode'? At File: D:/audio-format-switch-master/audio-format-switch-master/entry/src/main/ets/player/EqualizerController.ets:52:62
[39m
[39m
[31m6 ERROR: [31m10505001 ArkTS Compiler Error
Error Message: Property 'setPlaySpeed' does not exist on type 'AVPlayer'. Did you mean 'setSpeed'? At File: D:/audio-format-switch-master/audio-format-switch-master/entry/src/main/ets/player/AudioEffectController.ets:89:29
[39m
[39m
[31m7 ERROR: [31m10505001 ArkTS Compiler Error
Error Message: Namespace 'audio' has no exported member 'AudioVisualizer'. At File: D:/audio-format-switch-master/audio-format-switch-master/entry/src/main/ets/player/SpectrumAnalyzer.ets:31:34
[39m
[39m
[31m8 ERROR: [31m10505001 ArkTS Compiler Error
Error Message: Property 'createAudioVisualizer' does not exist on type 'typeof audio'. At File: D:/audio-format-switch-master/audio-format-switch-master/entry/src/main/ets/player/SpectrumAnalyzer.ets:47:42
[39m
[39m
[31m9 ERROR: [31m10505001 ArkTS Compiler Error
Error Message: Namespace 'audio' has no exported member 'SpectrumInfo'. At File: D:/audio-format-switch-master/audio-format-switch-master/entry/src/main/ets/player/SpectrumAnalyzer.ets:51:62
[39m
[39m
[31mCOMPILE RESULT:FAIL {ERROR:10 WARN:1}[39m
    at runArkPack (E:\DevEco Studio\tools\hvigor\hvigor-ohos-plugin\node_modules\@ohos\hvigor-arkts-compose\dist\src\arkts-pack.js:1:5076)
ArkTSCompilerError: ArkTS Compiler Error
    at throwArkTsCompilerError (E:\DevEco Studio\tools\hvigor\hvigor-ohos-plugin\node_modules\@ohos\hvigor-arkts-compose\dist\src\data\compose-error.js:1:423)
    at throwErrorIfHasErrorInfo (E:\DevEco Studio\tools\hvigor\hvigor-ohos-plugin\node_modules\@ohos\hvigor-arkts-compose\dist\src\plugins\common-plugin.js:1:4894)
    at Object.handler (E:\DevEco Studio\tools\hvigor\hvigor-ohos-plugin\node_modules\@ohos\hvigor-arkts-compose\dist\src\plugins\common-plugin.js:1:2989)
    at E:\DevEco Studio\tools\hvigor\hvigor-ohos-plugin\node_modules\@ohos\hvigor-arkts-base\node_modules\rollup\dist\shared\rollup.js:27864:40
[2026-06-16T21:46:49.900] [ERROR] debug-file - Error: ArkTS Compiler Error
[31m1 ERROR: [31m10605008 ArkTS Compiler Error
Error Message: Use explicit types instead of "any", "unknown" (arkts-no-any-unknown) At File: D:/audio-format-switch-master/audio-format-switch-master/entry/src/main/ets/player/EqualizerController.ets:57:15
[39m
[39m
[31m2 ERROR: [31m10505001 ArkTS Compiler Error
Error Message: Namespace 'audio' has no exported member 'AudioEffect'. At File: D:/audio-format-switch-master/audio-format-switch-master/entry/src/main/ets/player/EqualizerController.ets:37:30
[39m
[39m
[31m3 ERROR: [31m10505001 ArkTS Compiler Error
Error Message: Namespace 'audio' has no exported member 'Equalizer'. At File: D:/audio-format-switch-master/audio-format-switch-master/entry/src/main/ets/player/EqualizerController.ets:38:28
[39m
[39m
[31m4 ERROR: [31m10505001 ArkTS Compiler Error
Error Message: Property 'createAudioEffect' does not exist on type 'typeof audio'. At File: D:/audio-format-switch-master/audio-format-switch-master/entry/src/main/ets/player/EqualizerController.ets:52:38
[39m
[39m
[31m5 ERROR: [31m10505001 ArkTS Compiler Error
Error Message: Property 'AudioEffectType' does not exist on type 'typeof audio'. Did you mean 'AudioEffectMode'? At File: D:/audio-format-switch-master/audio-format-switch-master/entry/src/main/ets/player/EqualizerController.ets:52:62
[39m
[39m
[31m6 ERROR: [31m10505001 ArkTS Compiler Error
Error Message: Property 'setPlaySpeed' does not exist on type 'AVPlayer'. Did you mean 'setSpeed'? At File: D:/audio-format-switch-master/audio-format-switch-master/entry/src/main/ets/player/AudioEffectController.ets:89:29
[39m
[39m
[31m7 ERROR: [31m10505001 ArkTS Compiler Error
Error Message: Namespace 'audio' has no exported member 'AudioVisualizer'. At File: D:/audio-format-switch-master/audio-format-switch-master/entry/src/main/ets/player/SpectrumAnalyzer.ets:31:34
[39m
[39m
[31m8 ERROR: [31m10505001 ArkTS Compiler Error
Error Message: Property 'createAudioVisualizer' does not exist on type 'typeof audio'. At File: D:/audio-format-switch-master/audio-format-switch-master/entry/src/main/ets/player/SpectrumAnalyzer.ets:47:42
[39m
[39m
[31m9 ERROR: [31m10505001 ArkTS Compiler Error
Error Message: Namespace 'audio' has no exported member 'SpectrumInfo'. At File: D:/audio-format-switch-master/audio-format-switch-master/entry/src/main/ets/player/SpectrumAnalyzer.ets:51:62
[39m
[39m
[31mCOMPILE RESULT:FAIL {ERROR:10 WARN:1}[39m
    at runArkPack (E:\DevEco Studio\tools\hvigor\hvigor-ohos-plugin\node_modules\@ohos\hvigor-arkts-compose\dist\src\arkts-pack.js:1:5076)
ArkTSCompilerError: ArkTS Compiler Error
    at throwArkTsCompilerError (E:\DevEco Studio\tools\hvigor\hvigor-ohos-plugin\node_modules\@ohos\hvigor-arkts-compose\dist\src\data\compose-error.js:1:423)
    at throwErrorIfHasErrorInfo (E:\DevEco Studio\tools\hvigor\hvigor-ohos-plugin\node_modules\@ohos\hvigor-arkts-compose\dist\src\plugins\common-plugin.js:1:4894)
    at Object.handler (E:\DevEco Studio\tools\hvigor\hvigor-ohos-plugin\node_modules\@ohos\hvigor-arkts-compose\dist\src\plugins\common-plugin.js:1:2989)
    at E:\DevEco Studio\tools\hvigor\hvigor-ohos-plugin\node_modules\@ohos\hvigor-arkts-base\node_modules\rollup\dist\shared\rollup.js:27864:40
[2026-06-16T21:46:49.908] [ERROR] debug-file - BUILD FAILED in 6 s 136 ms 
[2026-06-16T21:46:49.909] [DEBUG] debug-file - Update task entry:default@PreBuild input file:D:\audio-format-switch-master\audio-format-switch-master\AppScope\app.json5 cache by regenerate.
[2026-06-16T21:46:49.909] [DEBUG] debug-file - Update task entry:default@PreBuild input file:D:\audio-format-switch-master\audio-format-switch-master\entry\src\main\module.json5 cache by regenerate.
[2026-06-16T21:46:49.909] [DEBUG] debug-file - Update task entry:default@PreBuild input file:D:\audio-format-switch-master\audio-format-switch-master\build-profile.json5 cache by regenerate.
[2026-06-16T21:46:49.910] [DEBUG] debug-file - Update task entry:default@PreBuild input file:D:\audio-format-switch-master\audio-format-switch-master\entry\build-profile.json5 cache by regenerate.
[2026-06-16T21:46:49.910] [DEBUG] debug-file - Update task entry:default@PreBuild input file:D:\audio-format-switch-master\audio-format-switch-master\entry\src\main\resources\base\profile\main_pages.json cache by regenerate.
[2026-06-16T21:46:49.910] [DEBUG] debug-file - Update task entry:default@PreBuild input file:D:\audio-format-switch-master\audio-format-switch-master\hvigor\hvigor-config.json5 cache by regenerate.
[2026-06-16T21:46:49.910] [DEBUG] debug-file - Update task entry:default@PreBuild input file:D:\audio-format-switch-master\audio-format-switch-master\entry\oh-package.json5 cache by regenerate.
[2026-06-16T21:46:49.910] [DEBUG] debug-file - Update task entry:default@PreBuild input file:D:\audio-format-switch-master\audio-format-switch-master\oh-package.json5 cache by regenerate.
[2026-06-16T21:46:49.910] [DEBUG] debug-file - Incremental task entry:default@PreBuild post-execution cost:3 ms .
[2026-06-16T21:46:49.910] [DEBUG] debug-file - Update task entry:default@CreateModuleInfo output file:D:\audio-format-switch-master\audio-format-switch-master\entry\build\default\generated\profile\default\ModuleInfo.ts cache.
[2026-06-16T21:46:49.911] [DEBUG] debug-file - Incremental task entry:default@CreateModuleInfo post-execution cost:1 ms .
[2026-06-16T21:46:49.911] [DEBUG] debug-file - Update task entry:default@GenerateMetadata input file:D:\audio-format-switch-master\audio-format-switch-master\entry\src\main\module.json5 cache by regenerate.
[2026-06-16T21:46:49.911] [DEBUG] debug-file - Update task entry:default@GenerateMetadata output file:D:\audio-format-switch-master\audio-format-switch-master\entry\build\default\intermediates\hap_metadata\default\output_metadata.json cache.
[2026-06-16T21:46:49.911] [DEBUG] debug-file - Incremental task entry:default@GenerateMetadata post-execution cost:1 ms .
[2026-06-16T21:46:49.911] [DEBUG] debug-file - Update task entry:default@MergeProfile input file:D:\audio-format-switch-master\audio-format-switch-master\AppScope\app.json5 cache by regenerate.
[2026-06-16T21:46:49.911] [DEBUG] debug-file - Update task entry:default@MergeProfile input file:D:\audio-format-switch-master\audio-format-switch-master\build-profile.json5 cache by regenerate.
[2026-06-16T21:46:49.912] [DEBUG] debug-file - Update task entry:default@MergeProfile input file:D:\audio-format-switch-master\audio-format-switch-master\entry\src\main\module.json5 cache by regenerate.
[2026-06-16T21:46:49.912] [DEBUG] debug-file - Update task entry:default@MergeProfile output file:D:\audio-format-switch-master\audio-format-switch-master\entry\build\default\intermediates\merge_profile\default\module.json cache.
[2026-06-16T21:46:49.912] [DEBUG] debug-file - Incremental task entry:default@MergeProfile post-execution cost:1 ms .
[2026-06-16T21:46:49.912] [DEBUG] debug-file - Update task entry:default@CreateBuildProfile input file:D:\audio-format-switch-master\audio-format-switch-master\AppScope\app.json5 cache by regenerate.
[2026-06-16T21:46:49.912] [DEBUG] debug-file - Update task entry:default@CreateBuildProfile input file:D:\audio-format-switch-master\audio-format-switch-master\build-profile.json5 cache by regenerate.
[2026-06-16T21:46:49.912] [DEBUG] debug-file - Update task entry:default@CreateBuildProfile output file:D:\audio-format-switch-master\audio-format-switch-master\entry\build\default\generated\profile\default\BuildProfile.ets cache.
[2026-06-16T21:46:49.913] [DEBUG] debug-file - Incremental task entry:default@CreateBuildProfile post-execution cost:1 ms .
[2026-06-16T21:46:49.913] [DEBUG] debug-file - Update task entry:default@GeneratePkgContextInfo output file:D:\audio-format-switch-master\audio-format-switch-master\entry\build\default\intermediates\loader\default\pkgContextInfo.json cache.
[2026-06-16T21:46:49.913] [DEBUG] debug-file - Incremental task entry:default@GeneratePkgContextInfo post-execution cost:1 ms .
[2026-06-16T21:46:49.913] [DEBUG] debug-file - Update task entry:default@GeneratePkgSdkInfo output file:D:\audio-format-switch-master\audio-format-switch-master\entry\build\default\intermediates\loader\default\pkgSdkInfo.json cache.
[2026-06-16T21:46:49.913] [DEBUG] debug-file - Incremental task entry:default@GeneratePkgSdkInfo post-execution cost:1 ms .
[2026-06-16T21:46:49.913] [DEBUG] debug-file - Update task entry:default@ProcessIntegratedHsp output file:D:\audio-format-switch-master\audio-format-switch-master\build\cache\default\integrated_hsp\integratedHspCache.json cache.
[2026-06-16T21:46:49.913] [DEBUG] debug-file - Incremental task entry:default@ProcessIntegratedHsp post-execution cost:1 ms .
[2026-06-16T21:46:49.913] [DEBUG] debug-file - Update task entry:default@MakePackInfo input file:D:\audio-format-switch-master\audio-format-switch-master\AppScope\app.json5 cache by regenerate.
[2026-06-16T21:46:49.914] [DEBUG] debug-file - Update task entry:default@MakePackInfo input file:D:\audio-format-switch-master\audio-format-switch-master\entry\src\main\module.json5 cache by regenerate.
[2026-06-16T21:46:49.914] [DEBUG] debug-file - Update task entry:default@MakePackInfo input file:D:\audio-format-switch-master\audio-format-switch-master\build-profile.json5 cache by regenerate.
[2026-06-16T21:46:49.914] [DEBUG] debug-file - Update task entry:default@MakePackInfo input file:D:\audio-format-switch-master\audio-format-switch-master\entry\src\main\resources\base\profile\backup_config.json cache by regenerate.
[2026-06-16T21:46:49.914] [DEBUG] debug-file - Update task entry:default@MakePackInfo output file:D:\audio-format-switch-master\audio-format-switch-master\entry\build\default\outputs\default\pack.info cache.
[2026-06-16T21:46:49.914] [DEBUG] debug-file - Incremental task entry:default@MakePackInfo post-execution cost:2 ms .
[2026-06-16T21:46:49.914] [DEBUG] debug-file - Update task entry:default@SyscapTransform input file:E:\DevEco Studio\sdk\default\openharmony\toolchains\syscap_tool.exe cache by regenerate.
[2026-06-16T21:46:49.914] [DEBUG] debug-file - Update task entry:default@SyscapTransform input file:E:\DevEco Studio\sdk\default\openharmony\ets\api\device-define cache by regenerate.
[2026-06-16T21:46:49.921] [DEBUG] debug-file - Update task entry:default@SyscapTransform output file:D:\audio-format-switch-master\audio-format-switch-master\entry\build\default\intermediates\syscap\default\rpcid.sc cache.
[2026-06-16T21:46:49.922] [DEBUG] debug-file - Incremental task entry:default@SyscapTransform post-execution cost:8 ms .
[2026-06-16T21:46:49.922] [DEBUG] debug-file - Update task entry:default@ProcessProfile input file:D:\audio-format-switch-master\audio-format-switch-master\entry\build\default\intermediates\merge_profile\default\module.json cache by regenerate.
[2026-06-16T21:46:49.922] [DEBUG] debug-file - Update task entry:default@ProcessProfile output file:D:\audio-format-switch-master\audio-format-switch-master\entry\build\default\intermediates\process_profile\default\module.json cache.
[2026-06-16T21:46:49.922] [DEBUG] debug-file - Incremental task entry:default@ProcessProfile post-execution cost:1 ms .
[2026-06-16T21:46:49.922] [DEBUG] debug-file - Update task entry:default@ProcessRouterMap input file:D:\audio-format-switch-master\audio-format-switch-master\entry\oh-package.json5 cache by regenerate.
[2026-06-16T21:46:49.922] [DEBUG] debug-file - Update task entry:default@ProcessRouterMap input file:D:\audio-format-switch-master\audio-format-switch-master\oh-package.json5 cache by regenerate.
[2026-06-16T21:46:49.922] [DEBUG] debug-file - Update task entry:default@ProcessRouterMap input file:D:\audio-format-switch-master\audio-format-switch-master\entry\src\main\module.json5 cache by regenerate.
[2026-06-16T21:46:49.923] [DEBUG] debug-file - Update task entry:default@ProcessRouterMap input file:D:\audio-format-switch-master\audio-format-switch-master\entry\build\default\intermediates\loader\default\pkgContextInfo.json cache by regenerate.
[2026-06-16T21:46:49.923] [DEBUG] debug-file - Update task entry:default@ProcessRouterMap output file:D:\audio-format-switch-master\audio-format-switch-master\entry\build\default\intermediates\router_map\default\temp-router-map.json cache.
[2026-06-16T21:46:49.923] [DEBUG] debug-file - Update task entry:default@ProcessRouterMap output file:D:\audio-format-switch-master\audio-format-switch-master\entry\build\default\intermediates\router_map\default\loader-router-map.json cache.
[2026-06-16T21:46:49.923] [DEBUG] debug-file - Incremental task entry:default@ProcessRouterMap post-execution cost:1 ms .
[2026-06-16T21:46:49.923] [DEBUG] debug-file - Update task entry:default@ProcessShareConfig input file:D:\audio-format-switch-master\audio-format-switch-master\entry\oh-package.json5 cache by regenerate.
[2026-06-16T21:46:49.923] [DEBUG] debug-file - Update task entry:default@ProcessShareConfig input file:D:\audio-format-switch-master\audio-format-switch-master\oh-package.json5 cache by regenerate.
[2026-06-16T21:46:49.923] [DEBUG] debug-file - Update task entry:default@ProcessShareConfig input file:D:\audio-format-switch-master\audio-format-switch-master\entry\src\main\module.json5 cache by regenerate.
[2026-06-16T21:46:49.923] [DEBUG] debug-file - Update task entry:default@ProcessShareConfig input file:D:\audio-format-switch-master\audio-format-switch-master\entry\build\default\intermediates\loader\default\pkgContextInfo.json cache by regenerate.
[2026-06-16T21:46:49.924] [DEBUG] debug-file - Update task entry:default@ProcessShareConfig output file:D:\audio-format-switch-master\audio-format-switch-master\entry\build\default\intermediates\share_config\default\temp-share-config.json cache.
[2026-06-16T21:46:49.924] [DEBUG] debug-file - Incremental task entry:default@ProcessShareConfig post-execution cost:1 ms .
[2026-06-16T21:46:49.924] [DEBUG] debug-file - Update task entry:default@ProcessStartupConfig input file:D:\audio-format-switch-master\audio-format-switch-master\entry\build\default\intermediates\loader\default\pkgContextInfo.json cache by regenerate.
[2026-06-16T21:46:49.924] [DEBUG] debug-file - Update task entry:default@ProcessStartupConfig output file:D:\audio-format-switch-master\audio-format-switch-master\entry\build\default\intermediates\startup\default\startup_config.json cache.
[2026-06-16T21:46:49.924] [DEBUG] debug-file - Incremental task entry:default@ProcessStartupConfig post-execution cost:1 ms .
[2026-06-16T21:46:49.924] [DEBUG] debug-file - Update task entry:default@ProcessResource output file:D:\audio-format-switch-master\audio-format-switch-master\entry\build\default\intermediates\res\default\resConfig.json cache.
[2026-06-16T21:46:49.924] [DEBUG] debug-file - Update task entry:default@ProcessResource output file:D:\audio-format-switch-master\audio-format-switch-master\entry\build\default\intermediates\res\default\opt-compression.json cache.
[2026-06-16T21:46:49.924] [DEBUG] debug-file - Incremental task entry:default@ProcessResource post-execution cost:1 ms .
[2026-06-16T21:46:49.925] [DEBUG] debug-file - Update task entry:default@GenerateLoaderJson input file:D:\audio-format-switch-master\audio-format-switch-master\entry\build\default\intermediates\loader\default\pkgContextInfo.json cache by regenerate.
[2026-06-16T21:46:49.925] [DEBUG] debug-file - Update task entry:default@GenerateLoaderJson input file:D:\audio-format-switch-master\audio-format-switch-master\entry\build\default\intermediates\router_map\default\temp-router-map.json cache by regenerate.
[2026-06-16T21:46:49.925] [DEBUG] debug-file - Update task entry:default@GenerateLoaderJson output file:D:\audio-format-switch-master\audio-format-switch-master\entry\build\default\intermediates\loader\default\loader.json cache.
[2026-06-16T21:46:49.925] [DEBUG] debug-file - Incremental task entry:default@GenerateLoaderJson post-execution cost:1 ms .
[2026-06-16T21:46:49.925] [DEBUG] debug-file - Update task entry:default@ProcessLibs input file:D:\audio-format-switch-master\audio-format-switch-master\build-profile.json5 cache by regenerate.
[2026-06-16T21:46:49.926] [DEBUG] debug-file - Update task entry:default@ProcessLibs input file:D:\audio-format-switch-master\audio-format-switch-master\entry\build-profile.json5 cache by regenerate.
[2026-06-16T21:46:49.926] [DEBUG] debug-file - Update task entry:default@ProcessLibs output file:D:\audio-format-switch-master\audio-format-switch-master\entry\build\default\intermediates\libs\default cache.
[2026-06-16T21:46:49.926] [DEBUG] debug-file - Incremental task entry:default@ProcessLibs post-execution cost:1 ms .
[2026-06-16T21:46:49.926] [DEBUG] debug-file - Update task entry:default@CompileResource input file:D:\audio-format-switch-master\audio-format-switch-master\entry\src\main\resources cache by regenerate.
[2026-06-16T21:46:49.930] [DEBUG] debug-file - Update task entry:default@CompileResource input file:D:\audio-format-switch-master\audio-format-switch-master\AppScope\resources cache by regenerate.
[2026-06-16T21:46:49.931] [DEBUG] debug-file - Update task entry:default@CompileResource input file:D:\audio-format-switch-master\audio-format-switch-master\entry\build\default\intermediates\process_profile\default\module.json cache by regenerate.
[2026-06-16T21:46:49.931] [DEBUG] debug-file - Update task entry:default@CompileResource input file:D:\audio-format-switch-master\audio-format-switch-master\entry\build\default\intermediates\res\default\resConfig.json cache by regenerate.
[2026-06-16T21:46:49.931] [DEBUG] debug-file - Update task entry:default@CompileResource output file:D:\audio-format-switch-master\audio-format-switch-master\entry\build\default\intermediates\res\default cache.
[2026-06-16T21:46:49.938] [DEBUG] debug-file - Update task entry:default@CompileResource output file:D:\audio-format-switch-master\audio-format-switch-master\entry\build\default\generated\r\default\ResourceTable.h cache.
[2026-06-16T21:46:49.938] [DEBUG] debug-file - Update task entry:default@CompileResource output file:D:\audio-format-switch-master\audio-format-switch-master\entry\build\default\generated\r\default\ResourceTable.ts cache.
[2026-06-16T21:46:49.938] [DEBUG] debug-file - Update task entry:default@CompileResource output file:D:\audio-format-switch-master\audio-format-switch-master\entry\build\default\generated\r\default cache.
[2026-06-16T21:46:49.939] [DEBUG] debug-file - Incremental task entry:default@CompileResource post-execution cost:13 ms .
[2026-06-16T21:46:49.939] [DEBUG] debug-file - Update task entry:default@DoNativeStrip input file:D:\audio-format-switch-master\audio-format-switch-master\entry\build\default\intermediates\libs\default cache by regenerate.
[2026-06-16T21:46:49.939] [DEBUG] debug-file - Update task entry:default@DoNativeStrip output file:D:\audio-format-switch-master\audio-format-switch-master\entry\build\default\intermediates\stripped_native_libs\default cache.
[2026-06-16T21:46:49.940] [DEBUG] debug-file - Incremental task entry:default@DoNativeStrip post-execution cost:1 ms .
[2026-06-16T21:46:49.941] [DEBUG] debug-file - Update task entry:default@CompileArkTS input file:D:\audio-format-switch-master\audio-format-switch-master\entry\build\default\intermediates\loader\default cache by regenerate.
[2026-06-16T21:46:49.942] [DEBUG] debug-file - Update task entry:default@CompileArkTS input file:D:\audio-format-switch-master\audio-format-switch-master\entry\build\default\intermediates\res\default\resources\rawfile cache by regenerate.
[2026-06-16T21:46:49.942] [DEBUG] debug-file - Update task entry:default@CompileArkTS input file:D:\audio-format-switch-master\audio-format-switch-master\entry\build\default\intermediates\res\default\ResourceTable.txt cache by regenerate.
[2026-06-16T21:46:49.943] [DEBUG] debug-file - Update task entry:default@CompileArkTS input file:D:\audio-format-switch-master\audio-format-switch-master\entry\build\default\intermediates\res\default\ark_module.json cache by regenerate.
[2026-06-16T21:46:49.943] [DEBUG] debug-file - Update task entry:default@CompileArkTS input file:D:\audio-format-switch-master\audio-format-switch-master\entry\build\default\intermediates\res\default\resources\base\profile cache by regenerate.
[2026-06-16T21:46:49.943] [DEBUG] debug-file - Update task entry:default@CompileArkTS input file:D:\audio-format-switch-master\audio-format-switch-master\entry\src\main\ets cache by regenerate.
[2026-06-16T21:46:49.946] [DEBUG] debug-file - Update task entry:default@CompileArkTS input file:D:\audio-format-switch-master\audio-format-switch-master\entry\build\default\intermediates\loader\default\pkgContextInfo.json cache by regenerate.
[2026-06-16T21:46:49.947] [DEBUG] debug-file - Update task entry:default@CompileArkTS input file:D:\audio-format-switch-master\audio-format-switch-master\entry\build\default\generated\profile\default\BuildProfile.ets cache by regenerate.
[2026-06-16T21:46:49.947] [DEBUG] debug-file - Update task entry:default@CompileArkTS output file:D:\audio-format-switch-master\audio-format-switch-master\entry\build\default\intermediates\loader_out\default\ets cache.
[2026-06-16T21:46:49.947] [DEBUG] debug-file - Incremental task entry:default@CompileArkTS post-execution cost:8 ms .
[2026-06-16T21:46:49.947] [DEBUG] debug-file - Update task entry:default@BuildJS input file:D:\audio-format-switch-master\audio-format-switch-master\entry\build\default\intermediates\loader\default cache by regenerate.
[2026-06-16T21:46:49.948] [DEBUG] debug-file - Update task entry:default@BuildJS input file:D:\audio-format-switch-master\audio-format-switch-master\entry\build\default\intermediates\res\default\resources\rawfile cache by regenerate.
[2026-06-16T21:46:49.948] [DEBUG] debug-file - Update task entry:default@BuildJS input file:D:\audio-format-switch-master\audio-format-switch-master\entry\build\default\intermediates\res\default\ResourceTable.txt cache by regenerate.
[2026-06-16T21:46:49.948] [DEBUG] debug-file - Update task entry:default@BuildJS input file:D:\audio-format-switch-master\audio-format-switch-master\entry\build\default\intermediates\res\default\ark_module.json cache by regenerate.
[2026-06-16T21:46:49.948] [DEBUG] debug-file - Update task entry:default@BuildJS input file:D:\audio-format-switch-master\audio-format-switch-master\entry\build\default\intermediates\res\default\resources\base\profile cache by regenerate.
[2026-06-16T21:46:49.949] [DEBUG] debug-file - Update task entry:default@BuildJS input file:D:\audio-format-switch-master\audio-format-switch-master\entry\build\default\intermediates\loader\default\pkgContextInfo.json cache by regenerate.
[2026-06-16T21:46:49.949] [DEBUG] debug-file - Update task entry:default@BuildJS output file:D:\audio-format-switch-master\audio-format-switch-master\entry\build\default\intermediates\loader_out\default\js cache.
[2026-06-16T21:46:49.949] [DEBUG] debug-file - Incremental task entry:default@BuildJS post-execution cost:3 ms .
[2026-06-16T21:46:49.949] [DEBUG] debug-file - Update task entry:default@CacheNativeLibs input file:D:\audio-format-switch-master\audio-format-switch-master\entry\build\default\intermediates\stripped_native_libs\default cache by regenerate.
[2026-06-16T21:46:49.949] [DEBUG] debug-file - Update task entry:default@CacheNativeLibs input file:D:\audio-format-switch-master\audio-format-switch-master\entry\build\default\intermediates\libs\default cache by regenerate.
[2026-06-16T21:46:49.949] [DEBUG] debug-file - Update task entry:default@CacheNativeLibs output file:D:\audio-format-switch-master\audio-format-switch-master\entry\build\default\intermediates\patch\default\base_native_libs.json cache.
[2026-06-16T21:46:49.949] [DEBUG] debug-file - Update task entry:default@CacheNativeLibs output file:D:\audio-format-switch-master\audio-format-switch-master\entry\build\default\intermediates\patch\default\binxo_native_libs.json cache.
[2026-06-16T21:46:49.950] [DEBUG] debug-file - Incremental task entry:default@CacheNativeLibs post-execution cost:1 ms .
[2026-06-16T21:46:49.966] [DEBUG] debug-file - Cleanup worker 22.
[2026-06-16T21:46:49.966] [DEBUG] debug-file - Worker 22 has been cleaned up.
[2026-06-16T21:46:49.966] [DEBUG] debug-file - Current idle worker size: 1.
[2026-06-16T21:46:49.966] [DEBUG] debug-file - Current resident worker size: 2.
[2026-06-16T21:46:49.967] [DEBUG] debug-file - hvigor build process will be closed.
[2026-06-16T21:46:49.974] [DEBUG] debug-file - session manager: send message to worker process.
[2026-06-16T21:46:49.974] [DEBUG] debug-file - session manager: send message to worker process.
[2026-06-16T21:46:49.974] [DEBUG] debug-file - watch worker: worker id should be larger than 0. Nothing will be sent to any worker thread.
[2026-06-16T21:46:49.975] [DEBUG] debug-file - watch worker: worker id should be larger than 0. Nothing will be sent to any worker thread.
[2026-06-16T21:46:49.977] [DEBUG] debug-file - worker[22] exits with exit code 1.
[2026-06-16T21:52:03.783] [DEBUG] debug-file - session manager: set active socket. socketId=WOmMsLxjSpr7FDr-AAAF
[2026-06-16T21:52:03.799] [DEBUG] debug-file - watch worker: worker id should be larger than 0. Nothing will be sent to any worker thread.
[2026-06-16T21:52:03.805] [DEBUG] debug-file - Workers' log level updated to INFO
[2026-06-16T21:52:03.808] [DEBUG] debug-file - Hvigor init with startParameters:{
  hvigorfileTypeCheck: false,
  parallelExecution: true,
  incrementalExecution: true,
  printStackTrace: false,
  daemon: true,
  analyze: 0,
  logLevel: Level { level: 20000, levelStr: 'INFO', colour: 'green' },
  optimizationStrategy: 'memory',
  hotCompile: undefined,
  hotReloadBuild: undefined,
  customizedParam: undefined
}
[2026-06-16T21:52:03.812] [DEBUG] debug-file - Cache service initialization finished in 5 ms 
[2026-06-16T21:52:03.813] [DEBUG] debug-file - hvigorfile, resolving D:\audio-format-switch-master\audio-format-switch-master\hvigorfile.ts
[2026-06-16T21:52:03.819] [DEBUG] debug-file - hvigorfile, require result:  { default: { plugins: [] } }
[2026-06-16T21:52:03.819] [DEBUG] debug-file - hvigorfile, binding system plugins null
[2026-06-16T21:52:03.819] [DEBUG] debug-file - Starting plugin build process
[2026-06-16T21:52:03.819] [DEBUG] debug-file - App plugin prepare start...
[2026-06-16T21:52:03.819] [DEBUG] debug-file - App plugin prepare end...
[2026-06-16T21:52:03.820] [DEBUG] debug-file - App plugin creating...
[2026-06-16T21:52:03.824] [DEBUG] debug-file - App plugin register hook start...
[2026-06-16T21:52:03.824] [DEBUG] debug-file - App plugin register hook end...
[2026-06-16T21:52:03.824] [DEBUG] debug-file - Plugin build process completed
[2026-06-16T21:52:03.825] [DEBUG] debug-file - Start initialize project's product build option map with build mode debug.
[2026-06-16T21:52:03.825] [DEBUG] debug-file - Picking option from product 'default' with build mode 'debug'.
[2026-06-16T21:52:03.825] [DEBUG] debug-file - Product 'default' build option initialized
[2026-06-16T21:52:03.825] [DEBUG] debug-file - End initialize project's product build option map with build mode 'debug'.
[2026-06-16T21:52:03.825] [DEBUG] debug-file - Obtain build option for product 'default'in this build.
[2026-06-16T21:52:03.830] [DEBUG] debug-file - No signingConfig found, initRemoteHspCache failed.
[2026-06-16T21:52:03.834] [DEBUG] debug-file - Start recording SDK configuration permission data.
[2026-06-16T21:52:03.857] [DEBUG] debug-file - Sdk init in 27 ms 
[2026-06-16T21:52:03.860] [DEBUG] debug-file - Project task initialization takes 3 ms 
[2026-06-16T21:52:03.861] [DEBUG] debug-file - hvigorfile, begin to bind custom plugins...
[2026-06-16T21:52:03.861] [DEBUG] debug-file - hvigorfile, no custom plugins were found in D:\audio-format-switch-master\audio-format-switch-master\hvigorfile.ts
[2026-06-16T21:52:03.861] [DEBUG] debug-file - hvigorfile, resolve finished D:\audio-format-switch-master\audio-format-switch-master\hvigorfile.ts
[2026-06-16T21:52:03.861] [DEBUG] debug-file - hvigorfile, resolving D:\audio-format-switch-master\audio-format-switch-master\entry\hvigorfile.ts
[2026-06-16T21:52:03.864] [DEBUG] debug-file - hvigorfile, require result:  { default: { plugins: [] } }
[2026-06-16T21:52:03.864] [DEBUG] debug-file - hvigorfile, binding system plugins null
[2026-06-16T21:52:03.864] [DEBUG] debug-file - Starting plugin build process
[2026-06-16T21:52:03.864] [DEBUG] debug-file - Hap plugin creating...
[2026-06-16T21:52:03.865] [DEBUG] debug-file - failed to load cangjie to dynamically generate schemas: Error: Cannot find module '@ohos/cangjie-build-support/index'
Require stack:
- E:\DevEco Studio\tools\hvigor\hvigor-ohos-plugin\src\plugin\hooks\cangjie-register.js
- E:\DevEco Studio\tools\hvigor\hvigor-ohos-plugin\src\plugin\strategy\stage-init-strategy.js
- E:\DevEco Studio\tools\hvigor\hvigor-ohos-plugin\src\plugin\builder\abstract-plugin-builder.js
- E:\DevEco Studio\tools\hvigor\hvigor-ohos-plugin\src\plugin\builder\app-plugin-builder.js
- E:\DevEco Studio\tools\hvigor\hvigor-ohos-plugin\src\plugin\factory\plugin-factory.js
- E:\DevEco Studio\tools\hvigor\hvigor-ohos-plugin\index.js
- D:\audio-format-switch-master\audio-format-switch-master\hvigorfile.ts
- E:\DevEco Studio\tools\hvigor\hvigor\src\base\internal\lifecycle\configuration.js
- E:\DevEco Studio\tools\hvigor\hvigor\src\base\boot\index.js
- E:\DevEco Studio\tools\hvigor\hvigor\src\base\daemon\cluster\worker-process-lifecycle.js
- E:\DevEco Studio\tools\hvigor\hvigor\src\base\daemon\process\daemon-process-boot-script.js
[2026-06-16T21:52:03.870] [DEBUG] debug-file - Start initialize module-target build option map, moduleName=entry, buildMode=release
[2026-06-16T21:52:03.870] [DEBUG] debug-file - Target 'default' config initialized
[2026-06-16T21:52:03.870] [DEBUG] debug-file - Module 'entry' target 'default' build option initialized
[2026-06-16T21:52:03.870] [DEBUG] debug-file - End initialize module-target build option map, moduleName=entry
[2026-06-16T21:52:03.870] [DEBUG] debug-file - Start initialize module-target build option map, moduleName=entry, buildMode=debug
[2026-06-16T21:52:03.870] [DEBUG] debug-file - Target 'default' config initialized
[2026-06-16T21:52:03.871] [DEBUG] debug-file - Module 'entry' target 'default' build option initialized
[2026-06-16T21:52:03.871] [DEBUG] debug-file - End initialize module-target build option map, moduleName=entry
[2026-06-16T21:52:03.871] [DEBUG] debug-file - Start initialize module-target build option map, moduleName=entry, buildMode=debug
[2026-06-16T21:52:03.871] [DEBUG] debug-file - Target 'default' config initialized
[2026-06-16T21:52:03.871] [DEBUG] debug-file - Module 'entry' target 'default' build option initialized
[2026-06-16T21:52:03.871] [DEBUG] debug-file - End initialize module-target build option map, moduleName=entry
[2026-06-16T21:52:03.871] [DEBUG] debug-file - Obtain build option for module 'entry' target 'default'in this build.
[2026-06-16T21:52:03.872] [DEBUG] debug-file - Module entry task initialization takes 1 ms 
[2026-06-16T21:52:03.872] [DEBUG] debug-file - Hap plugin register hook start...
[2026-06-16T21:52:03.872] [DEBUG] debug-file - Hap plugin register hook end...
[2026-06-16T21:52:03.872] [DEBUG] debug-file - Plugin build process completed
[2026-06-16T21:52:03.872] [DEBUG] debug-file - hvigorfile, begin to bind custom plugins...
[2026-06-16T21:52:03.872] [DEBUG] debug-file - hvigorfile, no custom plugins were found in D:\audio-format-switch-master\audio-format-switch-master\entry\hvigorfile.ts
[2026-06-16T21:52:03.872] [DEBUG] debug-file - hvigorfile, resolve finished D:\audio-format-switch-master\audio-format-switch-master\entry\hvigorfile.ts
[2026-06-16T21:52:03.887] [DEBUG] debug-file - hvigorfile, resolve hvigorfile dependencies in 15 ms 
[2026-06-16T21:52:03.888] [DEBUG] debug-file - project has submodules:entry
[2026-06-16T21:52:03.889] [DEBUG] debug-file - start to load updatedOhPackageInfo to the disk
[2026-06-16T21:52:03.891] [DEBUG] debug-file - load to the disk finished
[2026-06-16T21:52:03.892] [DEBUG] debug-file - Start to initialize dependency information.
[2026-06-16T21:52:03.893] [DEBUG] debug-file - Module audio-format-switch-master Collected Dependency: 
[2026-06-16T21:52:03.893] [DEBUG] debug-file - Module audio-format-switch-master's total dependency: 0
[2026-06-16T21:52:03.894] [DEBUG] debug-file - Start to initialize dependency information.
[2026-06-16T21:52:03.897] [DEBUG] debug-file - Module entry Collected Dependency: 
[2026-06-16T21:52:03.897] [DEBUG] debug-file - Module entry's total dependency: 0
[2026-06-16T21:52:03.899] [DEBUG] debug-file - Configuration phase cost:87 ms 
[2026-06-16T21:52:03.900] [DEBUG] debug-file - Configuration task cost before running: 95 ms 
[2026-06-16T21:52:03.902] [DEBUG] debug-file - Executing task :entry:default@PreBuild
[2026-06-16T21:52:03.903] [DEBUG] debug-file - Task 'entry:default@PreBuild' cost while wrapping incremental declarations: 1 ms 
[2026-06-16T21:52:03.907] [DEBUG] debug-file - Incremental task entry:default@PreBuild pre-execution cost: 4 ms .
[2026-06-16T21:52:03.907] [DEBUG] debug-file - entry : default@PreBuild cost memory 0.5148391723632812
[2026-06-16T21:52:03.908] [INFO] debug-file - UP-TO-DATE :entry:default@PreBuild...  
[2026-06-16T21:52:03.909] [DEBUG] debug-file - Executing task :entry:default@CreateModuleInfo
[2026-06-16T21:52:03.909] [DEBUG] debug-file - Task 'entry:default@CreateModuleInfo' cost while wrapping incremental declarations: 1 ms 
[2026-06-16T21:52:03.909] [DEBUG] debug-file - entry : default@CreateModuleInfo cost memory 0.04180908203125
[2026-06-16T21:52:03.909] [DEBUG] debug-file - runTaskFromQueue task cost before running: 104 ms 
[2026-06-16T21:52:03.910] [INFO] debug-file - Finished :entry:default@CreateModuleInfo... after 1 ms 
[2026-06-16T21:52:03.910] [DEBUG] debug-file - Executing task :entry:default@GenerateMetadata
[2026-06-16T21:52:03.911] [DEBUG] debug-file - Task 'entry:default@GenerateMetadata' cost while wrapping incremental declarations: 1 ms 
[2026-06-16T21:52:03.911] [DEBUG] debug-file - Incremental task entry:default@GenerateMetadata pre-execution cost: 1 ms .
[2026-06-16T21:52:03.911] [DEBUG] debug-file - entry : default@GenerateMetadata cost memory 0.0840911865234375
[2026-06-16T21:52:03.911] [INFO] debug-file - UP-TO-DATE :entry:default@GenerateMetadata...  
[2026-06-16T21:52:03.912] [DEBUG] debug-file - Executing task :entry:default@ConfigureCmake
[2026-06-16T21:52:03.912] [DEBUG] debug-file - entry : default@ConfigureCmake cost memory 0.01458740234375
[2026-06-16T21:52:03.912] [DEBUG] debug-file - runTaskFromQueue task cost before running: 107 ms 
[2026-06-16T21:52:03.912] [INFO] debug-file - Finished :entry:default@ConfigureCmake... after 1 ms 
[2026-06-16T21:52:03.912] [DEBUG] debug-file - Executing task :entry:default@MergeProfile
[2026-06-16T21:52:03.913] [DEBUG] debug-file - Task 'entry:default@MergeProfile' cost while wrapping incremental declarations: 1 ms 
[2026-06-16T21:52:03.914] [DEBUG] debug-file - Incremental task entry:default@MergeProfile pre-execution cost: 1 ms .
[2026-06-16T21:52:03.914] [DEBUG] debug-file - entry : default@MergeProfile cost memory 0.12232208251953125
[2026-06-16T21:52:03.914] [INFO] debug-file - UP-TO-DATE :entry:default@MergeProfile...  
[2026-06-16T21:52:03.915] [DEBUG] debug-file - Executing task :entry:default@CreateBuildProfile
[2026-06-16T21:52:03.915] [DEBUG] debug-file - Task 'entry:default@CreateBuildProfile' cost while wrapping incremental declarations: 1 ms 
[2026-06-16T21:52:03.916] [DEBUG] debug-file - Incremental task entry:default@CreateBuildProfile pre-execution cost: 1 ms .
[2026-06-16T21:52:03.916] [DEBUG] debug-file - entry : default@CreateBuildProfile cost memory 0.10346221923828125
[2026-06-16T21:52:03.916] [INFO] debug-file - UP-TO-DATE :entry:default@CreateBuildProfile...  
[2026-06-16T21:52:03.917] [DEBUG] debug-file - Executing task :entry:default@PreCheckSyscap
[2026-06-16T21:52:03.917] [DEBUG] debug-file - entry : default@PreCheckSyscap cost memory 0.01482391357421875
[2026-06-16T21:52:03.917] [DEBUG] debug-file - runTaskFromQueue task cost before running: 112 ms 
[2026-06-16T21:52:03.917] [INFO] debug-file - Finished :entry:default@PreCheckSyscap... after 1 ms 
[2026-06-16T21:52:03.918] [DEBUG] debug-file - Executing task :entry:default@GeneratePkgContextInfo
[2026-06-16T21:52:03.920] [DEBUG] debug-file - Task 'entry:default@GeneratePkgContextInfo' cost while wrapping incremental declarations: 1 ms 
[2026-06-16T21:52:03.920] [DEBUG] debug-file - Incremental task entry:default@GeneratePkgContextInfo pre-execution cost: 1 ms .
[2026-06-16T21:52:03.920] [DEBUG] debug-file - entry : default@GeneratePkgContextInfo cost memory 0.24373626708984375
[2026-06-16T21:52:03.920] [INFO] debug-file - UP-TO-DATE :entry:default@GeneratePkgContextInfo...  
[2026-06-16T21:52:03.920] [DEBUG] debug-file - Executing task :entry:default@GeneratePkgSdkInfo
[2026-06-16T21:52:03.921] [DEBUG] debug-file - Task 'entry:default@GeneratePkgSdkInfo' cost while wrapping incremental declarations: 1 ms 
[2026-06-16T21:52:03.921] [DEBUG] debug-file - entry : default@GeneratePkgSdkInfo cost memory 0.09836578369140625
[2026-06-16T21:52:03.921] [DEBUG] debug-file - runTaskFromQueue task cost before running: 117 ms 
[2026-06-16T21:52:03.921] [INFO] debug-file - Finished :entry:default@GeneratePkgSdkInfo... after 2 ms 
[2026-06-16T21:52:03.923] [DEBUG] debug-file - Executing task :entry:default@ProcessIntegratedHsp
[2026-06-16T21:52:03.923] [DEBUG] debug-file - entry:default@ProcessIntegratedHsp is not up-to-date, since the output file 'D:\audio-format-switch-master\audio-format-switch-master\build\cache\default\integrated_hsp\integratedHspCache.json' does not exist.
[2026-06-16T21:52:03.923] [DEBUG] debug-file - Incremental task entry:default@ProcessIntegratedHsp pre-execution cost: 1 ms .
[2026-06-16T21:52:03.923] [DEBUG] debug-file - entry : default@ProcessIntegratedHsp cost memory 0.05706787109375
[2026-06-16T21:52:03.923] [DEBUG] debug-file - runTaskFromQueue task cost before running: 118 ms 
[2026-06-16T21:52:03.923] [INFO] debug-file - Finished :entry:default@ProcessIntegratedHsp... after 1 ms 
[2026-06-16T21:52:03.924] [DEBUG] debug-file - Executing task :entry:default@BuildNativeWithCmake
[2026-06-16T21:52:03.924] [DEBUG] debug-file - entry : default@BuildNativeWithCmake cost memory 0.0145416259765625
[2026-06-16T21:52:03.924] [DEBUG] debug-file - runTaskFromQueue task cost before running: 119 ms 
[2026-06-16T21:52:03.924] [INFO] debug-file - Finished :entry:default@BuildNativeWithCmake... after 1 ms 
[2026-06-16T21:52:03.924] [DEBUG] debug-file - Executing task :entry:default@MakePackInfo
[2026-06-16T21:52:03.926] [DEBUG] debug-file - Incremental task entry:default@MakePackInfo pre-execution cost: 2 ms .
[2026-06-16T21:52:03.926] [DEBUG] debug-file - entry : default@MakePackInfo cost memory 0.13048553466796875
[2026-06-16T21:52:03.926] [INFO] debug-file - UP-TO-DATE :entry:default@MakePackInfo...  
[2026-06-16T21:52:03.927] [DEBUG] debug-file - Executing task :entry:default@SyscapTransform
[2026-06-16T21:52:03.927] [DEBUG] debug-file - File: 'D:\audio-format-switch-master\audio-format-switch-master\entry\src\main\syscap.json' from 'sysCapJsonPath' is not exists, just ignore.
[2026-06-16T21:52:03.927] [DEBUG] debug-file - Task 'entry:default@SyscapTransform' cost while wrapping incremental declarations: 1 ms 
[2026-06-16T21:52:03.928] [DEBUG] debug-file - entry:default@SyscapTransform is not up-to-date, since the output file 'D:\audio-format-switch-master\audio-format-switch-master\entry\build\default\intermediates\syscap\default\rpcid.sc' does not exist.
[2026-06-16T21:52:03.928] [DEBUG] debug-file - Incremental task entry:default@SyscapTransform pre-execution cost: 1 ms .
[2026-06-16T21:52:03.928] [DEBUG] debug-file - entry : default@SyscapTransform cost memory 0.137908935546875
[2026-06-16T21:52:03.928] [DEBUG] debug-file - runTaskFromQueue task cost before running: 123 ms 
[2026-06-16T21:52:03.929] [INFO] debug-file - Finished :entry:default@SyscapTransform... after 2 ms 
[2026-06-16T21:52:03.929] [DEBUG] debug-file - Executing task :entry:default@ProcessProfile
[2026-06-16T21:52:03.930] [DEBUG] debug-file - Task 'entry:default@ProcessProfile' cost while wrapping incremental declarations: 1 ms 
[2026-06-16T21:52:03.930] [DEBUG] debug-file - Incremental task entry:default@ProcessProfile pre-execution cost: 1 ms .
[2026-06-16T21:52:03.930] [DEBUG] debug-file - entry : default@ProcessProfile cost memory 0.1326141357421875
[2026-06-16T21:52:03.930] [INFO] debug-file - UP-TO-DATE :entry:default@ProcessProfile...  
[2026-06-16T21:52:03.931] [DEBUG] debug-file - Executing task :entry:default@ProcessRouterMap
[2026-06-16T21:52:03.932] [DEBUG] debug-file - Incremental task entry:default@ProcessRouterMap pre-execution cost: 1 ms .
[2026-06-16T21:52:03.932] [DEBUG] debug-file - entry : default@ProcessRouterMap cost memory 0.15840911865234375
[2026-06-16T21:52:03.932] [INFO] debug-file - UP-TO-DATE :entry:default@ProcessRouterMap...  
[2026-06-16T21:52:03.933] [DEBUG] debug-file - Executing task :entry:default@ProcessShareConfig
[2026-06-16T21:52:03.934] [DEBUG] debug-file - Incremental task entry:default@ProcessShareConfig pre-execution cost: 1 ms .
[2026-06-16T21:52:03.934] [DEBUG] debug-file - entry : default@ProcessShareConfig cost memory 0.13486480712890625
[2026-06-16T21:52:03.934] [INFO] debug-file - UP-TO-DATE :entry:default@ProcessShareConfig...  
[2026-06-16T21:52:03.935] [DEBUG] debug-file - Executing task :entry:default@ProcessStartupConfig
[2026-06-16T21:52:03.935] [DEBUG] debug-file - Task 'entry:default@ProcessStartupConfig' cost while wrapping incremental declarations: 1 ms 
[2026-06-16T21:52:03.936] [DEBUG] debug-file - entry:default@ProcessStartupConfig is not up-to-date, since the output file 'D:\audio-format-switch-master\audio-format-switch-master\entry\build\default\intermediates\startup\default\startup_config.json' does not exist.
[2026-06-16T21:52:03.936] [DEBUG] debug-file - Incremental task entry:default@ProcessStartupConfig pre-execution cost: 1 ms .
[2026-06-16T21:52:03.936] [DEBUG] debug-file - entry : default@ProcessStartupConfig cost memory 0.1280059814453125
[2026-06-16T21:52:03.936] [DEBUG] debug-file - runTaskFromQueue task cost before running: 131 ms 
[2026-06-16T21:52:03.936] [INFO] debug-file - Finished :entry:default@ProcessStartupConfig... after 1 ms 
[2026-06-16T21:52:03.937] [DEBUG] debug-file - Executing task :entry:default@BuildNativeWithNinja
[2026-06-16T21:52:03.937] [DEBUG] debug-file - entry : default@BuildNativeWithNinja cost memory 0.020843505859375
[2026-06-16T21:52:03.937] [DEBUG] debug-file - runTaskFromQueue task cost before running: 132 ms 
[2026-06-16T21:52:03.937] [INFO] debug-file - Finished :entry:default@BuildNativeWithNinja... after 1 ms 
[2026-06-16T21:52:03.938] [DEBUG] debug-file - restool module names: entry; moduleName=entry, taskName=default@ProcessResource
[2026-06-16T21:52:03.939] [DEBUG] debug-file - Executing task :entry:default@ProcessResource
[2026-06-16T21:52:03.939] [DEBUG] debug-file - Task 'entry:default@ProcessResource' cost while wrapping incremental declarations: 1 ms 
[2026-06-16T21:52:03.939] [DEBUG] debug-file - Incremental task entry:default@ProcessResource pre-execution cost: 1 ms .
[2026-06-16T21:52:03.939] [DEBUG] debug-file - entry : default@ProcessResource cost memory 0.138916015625
[2026-06-16T21:52:03.940] [INFO] debug-file - UP-TO-DATE :entry:default@ProcessResource...  
[2026-06-16T21:52:03.941] [DEBUG] debug-file - Executing task :entry:default@GenerateLoaderJson
[2026-06-16T21:52:03.942] [DEBUG] debug-file - Task 'entry:default@GenerateLoaderJson' cost while wrapping incremental declarations: 1 ms 
[2026-06-16T21:52:03.946] [DEBUG] debug-file - Incremental task entry:default@GenerateLoaderJson pre-execution cost: 3 ms .
[2026-06-16T21:52:03.947] [DEBUG] debug-file - entry : default@GenerateLoaderJson cost memory -1.0996627807617188
[2026-06-16T21:52:03.948] [INFO] debug-file - UP-TO-DATE :entry:default@GenerateLoaderJson...  
[2026-06-16T21:52:03.949] [DEBUG] debug-file - Executing task :entry:default@ProcessLibs
[2026-06-16T21:52:03.950] [DEBUG] debug-file - Incremental task entry:default@ProcessLibs pre-execution cost: 1 ms .
[2026-06-16T21:52:03.950] [DEBUG] debug-file - entry : default@ProcessLibs cost memory 0.33404541015625
[2026-06-16T21:52:03.950] [INFO] debug-file - UP-TO-DATE :entry:default@ProcessLibs...  
[2026-06-16T21:52:03.951] [DEBUG] debug-file - restool module names: entry; moduleName=entry, taskName=default@CompileResource
[2026-06-16T21:52:03.951] [DEBUG] debug-file - Executing task :entry:default@CompileResource
[2026-06-16T21:52:03.961] [DEBUG] debug-file - Incremental task entry:default@CompileResource pre-execution cost: 10 ms .
[2026-06-16T21:52:03.961] [DEBUG] debug-file - entry : default@CompileResource cost memory -0.731353759765625
[2026-06-16T21:52:03.961] [INFO] debug-file - UP-TO-DATE :entry:default@CompileResource...  
[2026-06-16T21:52:03.962] [DEBUG] debug-file - Executing task :entry:default@DoNativeStrip
[2026-06-16T21:52:03.962] [DEBUG] debug-file - File: 'D:\audio-format-switch-master\audio-format-switch-master\entry\build\default\intermediates\binxo\default' from 'doBinxoNativeLibs' is not exists, just ignore.
[2026-06-16T21:52:03.962] [DEBUG] debug-file - Task 'entry:default@DoNativeStrip' cost while wrapping incremental declarations: 1 ms 
[2026-06-16T21:52:03.963] [DEBUG] debug-file - Incremental task entry:default@DoNativeStrip pre-execution cost: 1 ms .
[2026-06-16T21:52:03.963] [DEBUG] debug-file - entry : default@DoNativeStrip cost memory 0.09485626220703125
[2026-06-16T21:52:03.963] [INFO] debug-file - UP-TO-DATE :entry:default@DoNativeStrip...  
[2026-06-16T21:52:03.963] [DEBUG] debug-file - Executing task :entry:default@CompileArkTS
[2026-06-16T21:52:03.963] [DEBUG] debug-file - obfuscationOptions: undefined
[2026-06-16T21:52:03.964] [DEBUG] debug-file - Task 'entry:default@CompileArkTS' cost while wrapping incremental declarations: 1 ms 
[2026-06-16T21:52:03.970] [DEBUG] debug-file - build config:
[2026-06-16T21:52:03.970] [DEBUG] debug-file - {
  moduleType: 'entry',
  perf: 0,
  targetName: '.default',
  packageManagerType: 'ohpm',
  localPropertiesPath: 'D:\\audio-format-switch-master\\audio-format-switch-master\\local.properties',
  isPreview: false,
  isOhosTest: false,
  isLocalTest: false,
  buildMode: 'Debug',
  hotReloadBuild: undefined,
  watchMode: 'false',
  aceProfilePath: 'D:\\audio-format-switch-master\\audio-format-switch-master\\entry\\build\\default\\intermediates\\res\\default\\resources\\base\\profile',
  etsLoaderPath: 'E:\\DevEco Studio\\sdk\\default\\openharmony\\ets\\build-tools\\ets-loader',
  modulePath: 'D:\\audio-format-switch-master\\audio-format-switch-master\\entry',
  testFrameworkPar: {
    testMode: undefined,
    coveragePathFilter: undefined,
    coverageMode: undefined
  },
  needCoverageInsert: false,
  debugLine: false,
  projectTopDir: 'D:\\audio-format-switch-master\\audio-format-switch-master',
  compileSdkVersion: 23,
  compatibleSdkVersion: 20,
  originCompatibleSdkVersion: '6.0.0(20)',
  compatibleSdkVersionStage: undefined,
  bundleName: 'c***h',
  etsLoaderVersion: '6.1.0.105',
  etsLoaderReleaseType: 'Release',
  aotCompileMode: 'type',
  apPath: 'D:\\audio-format-switch-master\\audio-format-switch-master\\entry\\modules.ap',
  entryModuleName: 'entry',
  entryModuleVersion: '1.0.0',
  entryPackageName: 'entry',
  allModuleNameHash: 'be3e1490a19bd8d07662eb3de867532949623b451f558485d971c2f27ee92973',
  externalApiPaths: [ 'E:\\DevEco Studio\\sdk\\default\\hms\\ets' ],
  compilerTypes: [],
  isCrossplatform: false,
  hvigorPluginFile: undefined,
  compilePluginPath: undefined,
  buildGeneratedProfilePath: 'D:\\audio-format-switch-master\\audio-format-switch-master\\entry\\build\\default\\generated\\profile\\default',
  bundleType: 'app',
  arkTSVersion: undefined,
  apiVersion: 23,
  needCompleteSourcesMap: false,
  isFaMode: false,
  buildDir: 'D:\\audio-format-switch-master\\audio-format-switch-master\\entry\\build',
  deviceTypes: [ 'phone' ],
  pkgContextInfo: {
    entry: {
      packageName: 'entry',
      bundleName: '*****',
      moduleName: '',
      version: '',
      entryPath: 'src/main/',
      isSO: false,
      dependencyAlias: ''
    }
  },
  ohPackagePathMap: {},
  dependencyAliasMap: {},
  permission: { requestPermissions: undefined, definePermissions: undefined },
  useGetCurrentBundleName: false,
  projectArkOption: undefined,
  sourceMapDir: undefined,
  branchElimination: false,
  transformLib: undefined,
  tsImportSendable: false,
  resolveConflictMode: true,
  depName2RootPath: {},
  depName2DepInfo: {},
  depName2OhExports: {},
  rootPathSet: [ 'D:\\audio-format-switch-master\\audio-format-switch-master' ],
  useNativeResolver: true,
  shouldEmitJs: true,
  useTscResolve: false,
  singleFileEmit: false,
  userProjectConfig: {
    autoLazyImport: false,
    allowEmptyBundleName: false,
    reExportCheckMode: 'noCheck',
    executionMode: 'memory',
    usePathPlaceholder: false,
    writeRollupCache: true,
    isExpandImportEnabled: false,
    expandImportExclude: '',
    lazyImportExclude: '',
    lazyImportInclude: '',
    ignoreCrossplatformCheck: false,
    isHarDeduplicateEnabled: false,
    skipOhModulesLint: false,
    enableStrictCheckOHModule: false,
    disableSendableCheckRules: [],
    useDeclarationFileSignature: false,
    customizedOptions: undefined,
    integratedHsp: false,
    isPreloadSoEnabled: false
  },
  executionMode: 'memory',
  arkCompileCachePath: 'D:\\audio-format-switch-master\\audio-format-switch-master\\entry\\build\\default\\cache\\default\\default@CompileArkTS\\esmodule',
  autoLazyFilter: undefined,
  isHarDeduplicateEnabled: false,
  intermediateHarDuplicateDirPath: 'D:\\audio-format-switch-master\\audio-format-switch-master\\entry\\build\\default\\intermediates\\har_duplicate\\default',
  autoLazyImport: false,
  allowEmptyBundleName: false,
  reExportCheckMode: 'noCheck',
  usePathPlaceholder: false,
  writeRollupCache: true,
  isExpandImportEnabled: false,
  expandImportExclude: '',
  lazyImportExclude: '',
  lazyImportInclude: '',
  ignoreCrossplatformCheck: false,
  skipOhModulesLint: false,
  enableStrictCheckOHModule: false,
  disableSendableCheckRules: [],
  useDeclarationFileSignature: false,
  customizedOptions: undefined,
  integratedHsp: false,
  isPreloadSoEnabled: false,
  strictMode: {
    caseSensitiveCheck: true,
    useNormalizedOHMUrl: true,
    noExternalImportByPath: true
  },
  useNormalizedOHMUrl: true,
  caseSensitiveCheck: true,
  aceModuleJsonPath: 'D:\\audio-format-switch-master\\audio-format-switch-master\\entry\\build\\default\\intermediates\\res\\default\\ark_module.json',
  appResource: 'D:\\audio-format-switch-master\\audio-format-switch-master\\entry\\build\\default\\intermediates\\res\\default\\ResourceTable.txt',
  rawFileResource: 'D:\\audio-format-switch-master\\audio-format-switch-master\\entry\\build\\default\\intermediates\\res\\default\\resources\\rawfile',
  resourceTableHash: '6c01846ec43f83dda3236b826ce3ee4717843f851a24bccd7722c8787b896537',
  runtimeOS: 'HarmonyOS',
  sdkInfo: 'false:23:6.1.0.105:Release',
  aceModuleRoot: 'D:\\audio-format-switch-master\\audio-format-switch-master\\entry\\src\\main\\ets',
  compileMode: 'esmodule',
  aceSuperVisualPath: 'D:\\audio-format-switch-master\\audio-format-switch-master\\entry\\src\\main\\supervisual',
  aceBuildJson: 'D:\\audio-format-switch-master\\audio-format-switch-master\\entry\\build\\default\\intermediates\\loader\\default\\loader.json',
  cachePath: 'D:\\audio-format-switch-master\\audio-format-switch-master\\entry\\build\\default\\cache\\default\\default@CompileArkTS\\esmodule\\debug',
  aceModuleBuild: 'D:\\audio-format-switch-master\\audio-format-switch-master\\entry\\build\\default\\intermediates\\loader_out\\default\\ets',
  supportChunks: true,
  declaredFilesPath: undefined,
  shouldCollectDirectImportees: false,
  isByteCodeHarOptimize: false,
  expandImportPath: undefined,
  resourceTableTs: 'D:\\audio-format-switch-master\\audio-format-switch-master\\entry\\build\\default\\generated\\r\\default\\ResourceTable.ts',
  moduleMetaInfoFiles: [
    {
      filePath: 'D:\\audio-format-switch-master\\audio-format-switch-master\\entry\\build\\default\\generated\\r\\default\\ResourceTable.ts',
      ohmurl: '&entry/build/generated/r/ResourceTable&'
    }
  ],
  pkgNameToPkgBriefInfo: {
    entry: {
      pkgRoot: 'D:\\audio-format-switch-master\\audio-format-switch-master\\entry',
      originalSourceRoots: undefined,
      sourceRoots: [Array],
      pkgName: 'entry'
    }
  },
  projectModel: {
    'D:\\audio-format-switch-master\\audio-format-switch-master\\entry\\src\\main': {
      moduleName: 'entry',
      modulePkgPath: 'D:\\audio-format-switch-master\\audio-format-switch-master\\entry',
      belongProjectPath: 'D:\\audio-format-switch-master\\audio-format-switch-master'
    },
    'D:\\audio-format-switch-master\\audio-format-switch-master\\entry': {
      moduleName: 'entry',
      modulePkgPath: 'D:\\audio-format-switch-master\\audio-format-switch-master\\entry',
      belongProjectPath: 'D:\\audio-format-switch-master\\audio-format-switch-master'
    },
    'D:\\audio-format-switch-master\\audio-format-switch-master': {
      moduleName: 'audio-format-switch-master',
      modulePkgPath: 'D:\\audio-format-switch-master\\audio-format-switch-master',
      belongProjectPath: 'D:\\audio-format-switch-master\\audio-format-switch-master'
    }
  },
  pkgJsonFileHash: '3988b0835bccf210dee13376ccba6999fb1b98adb421db068b476e7002ad0e2d',
  allModulePaths: [
    'D:\\audio-format-switch-master\\audio-format-switch-master\\entry'
  ],
  routerMap: {},
  obfuscationOptions: undefined,
  byteCodeHarToDependencyKeys: undefined,
  compileBlockPkg: [],
  mockParams: {
    decorator: '@MockSetup',
    packageName: '@ohos/hamock',
    etsSourceRootPath: 'src/main/ets',
    mockConfigPath: undefined,
    mockConfigKey2ModuleInfo: {},
    source2ModuleIdMap: {}
  },
  copyCodeResourceEnable: false,
  copyCodeResourceExcludes: [],
  copyCodeResourceIncludes: undefined,
  uiTransformOptimization: false,
  sdkPath: 'E:/DevEco Studio/sdk',
  needPreloadSoFileSet: {},
  preloadSoFilePath: 'D:\\audio-format-switch-master\\audio-format-switch-master\\entry\\build\\default\\intermediates\\preload\\default\\preload.json',
  useSourceHash: false,
  localModuleParamMap: {},
  otherPaths: {
    'entry/*': [
      '..\\*',
      '..\\..\\..\\build\\default\\generated\\profile\\default\\*'
    ]
  },
  collectImportersConfig: undefined
}
[2026-06-16T21:52:03.970] [DEBUG] debug-file - Compile arkts with external api path: E:\DevEco Studio\sdk\default\hms\ets
[2026-06-16T21:52:03.970] [DEBUG] debug-file - default@CompileArkTS work[2] is submitted.
[2026-06-16T21:52:03.971] [DEBUG] debug-file - default@CompileArkTS work[2] is pushed to ready queue.
[2026-06-16T21:52:03.971] [DEBUG] debug-file - A work dispatched to worker[23] failed because unable to get work from ready queue.
[2026-06-16T21:52:03.971] [DEBUG] debug-file - A work dispatched to worker[22] failed because unable to get work from ready queue.
[2026-06-16T21:52:03.971] [DEBUG] debug-file - A work dispatched to worker[21] failed because unable to get work from ready queue.
[2026-06-16T21:52:03.971] [DEBUG] debug-file - A work dispatched to worker[20] failed because unable to get work from ready queue.
[2026-06-16T21:52:03.971] [DEBUG] debug-file - A work dispatched to worker[19] failed because unable to get work from ready queue.
[2026-06-16T21:52:03.971] [DEBUG] debug-file - A work dispatched to worker[18] failed because unable to get work from ready queue.
[2026-06-16T21:52:03.971] [DEBUG] debug-file - A work dispatched to worker[17] failed because unable to get work from ready queue.
[2026-06-16T21:52:03.971] [DEBUG] debug-file - A work dispatched to worker[16] failed because unable to get work from ready queue.
[2026-06-16T21:52:03.971] [DEBUG] debug-file - A work dispatched to worker[15] failed because unable to get work from ready queue.
[2026-06-16T21:52:03.971] [DEBUG] debug-file - A work dispatched to worker[14] failed because unable to get work from ready queue.
[2026-06-16T21:52:03.971] [DEBUG] debug-file - A work dispatched to worker[13] failed because unable to get work from ready queue.
[2026-06-16T21:52:03.971] [DEBUG] debug-file - A work dispatched to worker[12] failed because unable to get work from ready queue.
[2026-06-16T21:52:03.971] [DEBUG] debug-file - A work dispatched to worker[11] failed because unable to get work from ready queue.
[2026-06-16T21:52:03.971] [DEBUG] debug-file - A work dispatched to worker[10] failed because unable to get work from ready queue.
[2026-06-16T21:52:03.971] [DEBUG] debug-file - A work dispatched to worker[9] failed because unable to get work from ready queue.
[2026-06-16T21:52:03.971] [DEBUG] debug-file - A work dispatched to worker[8] failed because unable to get work from ready queue.
[2026-06-16T21:52:03.971] [DEBUG] debug-file - A work dispatched to worker[7] failed because unable to get work from ready queue.
[2026-06-16T21:52:03.971] [DEBUG] debug-file - A work dispatched to worker[6] failed because unable to get work from ready queue.
[2026-06-16T21:52:03.971] [DEBUG] debug-file - A work dispatched to worker[5] failed because unable to get work from ready queue.
[2026-06-16T21:52:03.971] [DEBUG] debug-file - default@CompileArkTS work[2] has been dispatched to worker[4].
[2026-06-16T21:52:03.971] [DEBUG] debug-file - default@CompileArkTS work[2] is dispatched.
[2026-06-16T21:52:03.971] [DEBUG] debug-file - entry : default@CompileArkTS cost memory 1.1870269775390625
[2026-06-16T21:52:03.972] [DEBUG] debug-file - Executing task :entry:default@BuildJS
[2026-06-16T21:52:03.972] [DEBUG] debug-file - Task 'entry:default@BuildJS' cost while wrapping incremental declarations: 1 ms 
[2026-06-16T21:52:03.974] [DEBUG] debug-file - entry : default@BuildJS cost memory -1.631744384765625
[2026-06-16T21:52:03.974] [DEBUG] debug-file - runTaskFromQueue task cost before running: 169 ms 
[2026-06-16T21:52:03.974] [INFO] debug-file - Finished :entry:default@BuildJS... after 3 ms 
[2026-06-16T21:52:03.975] [DEBUG] debug-file - Executing task :entry:default@CacheNativeLibs
[2026-06-16T21:52:03.975] [DEBUG] debug-file - File: 'D:\audio-format-switch-master\audio-format-switch-master\entry\build\default\intermediates\binxo\default' from 'cacheBinxoNativeLibs' is not exists, just ignore.
[2026-06-16T21:52:03.975] [DEBUG] debug-file - Task 'entry:default@CacheNativeLibs' cost while wrapping incremental declarations: 1 ms 
[2026-06-16T21:52:03.976] [DEBUG] debug-file - Incremental task entry:default@CacheNativeLibs pre-execution cost: 1 ms .
[2026-06-16T21:52:03.976] [DEBUG] debug-file - entry : default@CacheNativeLibs cost memory 0.12152099609375
[2026-06-16T21:52:03.976] [INFO] debug-file - UP-TO-DATE :entry:default@CacheNativeLibs...  
[2026-06-16T21:52:04.919] [DEBUG] debug-file - worker[4] has one work done.
[2026-06-16T21:52:04.919] [DEBUG] debug-file - Ark compile task finished.finished time is 1209051655228500
[2026-06-16T21:52:04.920] [DEBUG] debug-file - default@CompileArkTS work[2] done.
[2026-06-16T21:52:04.921] [DEBUG] debug-file - A work dispatched to worker[4] failed because unable to get work from ready queue.
[2026-06-16T21:52:04.922] [INFO] debug-file - Finished :entry:default@CompileArkTS... after 954 ms 
[2026-06-16T21:52:04.922] [DEBUG] debug-file - Executing task :entry:default@GeneratePkgModuleJson
[2026-06-16T21:52:04.922] [DEBUG] debug-file - File: 'D:\audio-format-switch-master\audio-format-switch-master\entry\build\default\intermediates\preload\default\preload.json' from 'preloadSoJsonPath' is not exists, just ignore.
[2026-06-16T21:52:04.923] [DEBUG] debug-file - Error occurs while handling @Input 'shouldDeduplicateHar': The "data" argument must be of type string or an instance of Buffer, TypedArray, or DataView. Received undefined
[2026-06-16T21:52:04.923] [DEBUG] debug-file - Task 'entry:default@GeneratePkgModuleJson' cost while wrapping incremental declarations: 1 ms 
[2026-06-16T21:52:04.924] [DEBUG] debug-file - entry : default@GeneratePkgModuleJson cost memory 0.1544036865234375
[2026-06-16T21:52:04.924] [DEBUG] debug-file - runTaskFromQueue task cost before running: 1 s 119 ms 
[2026-06-16T21:52:04.924] [INFO] debug-file - Finished :entry:default@GeneratePkgModuleJson... after 2 ms 
[2026-06-16T21:52:04.925] [DEBUG] debug-file - Executing task :entry:default@ProcessCompiledResources
[2026-06-16T21:52:04.925] [DEBUG] debug-file - File: 'D:\audio-format-switch-master\audio-format-switch-master\entry\build\default\intermediates\preload\default\preload.json' from 'preloadSoJsonPath' is not exists, just ignore.
[2026-06-16T21:52:04.925] [DEBUG] debug-file - Task 'entry:default@ProcessCompiledResources' cost while wrapping incremental declarations: 1 ms 
[2026-06-16T21:52:04.925] [DEBUG] debug-file - entry : default@ProcessCompiledResources cost memory 0.058624267578125
[2026-06-16T21:52:04.925] [DEBUG] debug-file - runTaskFromQueue task cost before running: 1 s 120 ms 
[2026-06-16T21:52:04.925] [INFO] debug-file - Finished :entry:default@ProcessCompiledResources... after 1 ms 
[2026-06-16T21:52:04.926] [DEBUG] debug-file - Executing task :entry:default@PackageHap
[2026-06-16T21:52:04.929] [DEBUG] debug-file - Use tool [E:\DevEco Studio\sdk\default\openharmony\toolchains\lib\app_packing_tool.jar]
 [
  'java',
  '-Dfile.encoding=GBK',
  '-jar',
  'E:\\DevEco Studio\\sdk\\default\\openharmony\\toolchains\\lib\\app_packing_tool.jar',
  '--mode',
  'hap',
  '--force',
  'true',
  '--lib-path',
  'D:\\audio-format-switch-master\\audio-format-switch-master\\entry\\build\\default\\intermediates\\stripped_native_libs\\default',
  '--json-path',
  'D:\\audio-format-switch-master\\audio-format-switch-master\\entry\\build\\default\\intermediates\\package\\default\\module.json',
  '--resources-path',
  'D:\\audio-format-switch-master\\audio-format-switch-master\\entry\\build\\default\\intermediates\\res\\default\\resources',
  '--index-path',
  'D:\\audio-format-switch-master\\audio-format-switch-master\\entry\\build\\default\\intermediates\\res\\default\\resources.index',
  '--pack-info-path',
  'D:\\audio-format-switch-master\\audio-format-switch-master\\entry\\build\\default\\outputs\\default\\pack.info',
  '--out-path',
  'D:\\audio-format-switch-master\\audio-format-switch-master\\entry\\build\\default\\outputs\\default\\entry-default-unsigned.hap',
  '--ets-path',
  'D:\\audio-format-switch-master\\audio-format-switch-master\\entry\\build\\default\\intermediates\\loader_out\\default\\ets',
  '--pkg-context-path',
  'D:\\audio-format-switch-master\\audio-format-switch-master\\entry\\build\\default\\intermediates\\loader\\default\\pkgContextInfo.json'
]
[2026-06-16T21:52:04.929] [DEBUG] debug-file - default@PackageHap work[3] is submitted.
[2026-06-16T21:52:04.929] [DEBUG] debug-file - default@PackageHap work[3] is pushed to ready queue.
[2026-06-16T21:52:04.929] [DEBUG] debug-file - A work dispatched to worker[23] failed because unable to get work from ready queue.
[2026-06-16T21:52:04.929] [DEBUG] debug-file - Create  resident worker with id: 22.
[2026-06-16T21:52:04.930] [DEBUG] debug-file - default@PackageHap work[3] has been dispatched to worker[22].
[2026-06-16T21:52:04.930] [DEBUG] debug-file - default@PackageHap work[3] is dispatched.
[2026-06-16T21:52:04.932] [DEBUG] debug-file - entry : default@PackageHap cost memory 0.4274139404296875
[2026-06-16T21:52:05.747] [DEBUG] debug-file - current process  memoryUsage: {
  rss: 537415680,
  heapTotal: 80773120,
  heapUsed: 49353472,
  external: 2341412,
  arrayBuffers: 99735
} os memoryUsage :14.299724578857422
[2026-06-16T21:52:06.251] [DEBUG] debug-file - worker[22] has one work done.
[2026-06-16T21:52:06.252] [DEBUG] debug-file - default@PackageHap work[3] done.
[2026-06-16T21:52:06.252] [DEBUG] debug-file - A work dispatched to worker[22] failed because unable to get work from ready queue.
[2026-06-16T21:52:06.252] [INFO] debug-file - Finished :entry:default@PackageHap... after 512 ms 
[2026-06-16T21:52:06.253] [DEBUG] debug-file - Executing task :entry:default@PackingCheck
[2026-06-16T21:52:06.260] [DEBUG] debug-file - entry : default@PackingCheck cost memory -1.2289810180664062
[2026-06-16T21:52:06.260] [DEBUG] debug-file - runTaskFromQueue task cost before running: 2 s 455 ms 
[2026-06-16T21:52:06.260] [INFO] debug-file - Finished :entry:default@PackingCheck... after 7 ms 
[2026-06-16T21:52:06.261] [DEBUG] debug-file - Executing task :entry:default@SignHap
[2026-06-16T21:52:06.261] [WARN] debug-file - Will skip sign 'hos_hap'. No signingConfigs profile is configured in current project.
             If needed, configure the signingConfigs in D:\audio-format-switch-master\audio-format-switch-master\build-profile.json5.
[2026-06-16T21:52:06.262] [DEBUG] debug-file - entry : default@SignHap cost memory 0.056365966796875
[2026-06-16T21:52:06.262] [DEBUG] debug-file - runTaskFromQueue task cost before running: 2 s 457 ms 
[2026-06-16T21:52:06.262] [INFO] debug-file - Finished :entry:default@SignHap... after 1 ms 
[2026-06-16T21:52:06.262] [DEBUG] debug-file - Executing task :entry:default@CollectDebugSymbol
[2026-06-16T21:52:06.263] [DEBUG] debug-file - entry : default@CollectDebugSymbol cost memory 0.08957672119140625
[2026-06-16T21:52:06.263] [DEBUG] debug-file - runTaskFromQueue task cost before running: 2 s 458 ms 
[2026-06-16T21:52:06.263] [INFO] debug-file - Finished :entry:default@CollectDebugSymbol... after 1 ms 
[2026-06-16T21:52:06.263] [DEBUG] debug-file - Executing task :entry:assembleHap
[2026-06-16T21:52:06.263] [DEBUG] debug-file - entry : assembleHap cost memory 0.012725830078125
[2026-06-16T21:52:06.263] [DEBUG] debug-file - runTaskFromQueue task cost before running: 2 s 458 ms 
[2026-06-16T21:52:06.263] [INFO] debug-file - Finished :entry:assembleHap... after 1 ms 
[2026-06-16T21:52:06.271] [INFO] debug-file - BUILD SUCCESSFUL in 2 s 466 ms 
[2026-06-16T21:52:06.272] [DEBUG] debug-file - There is no need to refresh cache, since the incremental task entry:default@PreBuild is up-to-date.
[2026-06-16T21:52:06.272] [DEBUG] debug-file - Update task entry:default@CreateModuleInfo output file:D:\audio-format-switch-master\audio-format-switch-master\entry\build\default\generated\profile\default\ModuleInfo.ts cache.
[2026-06-16T21:52:06.272] [DEBUG] debug-file - Incremental task entry:default@CreateModuleInfo post-execution cost:1 ms .
[2026-06-16T21:52:06.272] [DEBUG] debug-file - There is no need to refresh cache, since the incremental task entry:default@GenerateMetadata is up-to-date.
[2026-06-16T21:52:06.272] [DEBUG] debug-file - There is no need to refresh cache, since the incremental task entry:default@MergeProfile is up-to-date.
[2026-06-16T21:52:06.272] [DEBUG] debug-file - There is no need to refresh cache, since the incremental task entry:default@CreateBuildProfile is up-to-date.
[2026-06-16T21:52:06.272] [DEBUG] debug-file - There is no need to refresh cache, since the incremental task entry:default@GeneratePkgContextInfo is up-to-date.
[2026-06-16T21:52:06.272] [DEBUG] debug-file - Update task entry:default@GeneratePkgSdkInfo output file:D:\audio-format-switch-master\audio-format-switch-master\entry\build\default\intermediates\loader\default\pkgSdkInfo.json cache.
[2026-06-16T21:52:06.272] [DEBUG] debug-file - Incremental task entry:default@GeneratePkgSdkInfo post-execution cost:1 ms .
[2026-06-16T21:52:06.272] [DEBUG] debug-file - Update task entry:default@ProcessIntegratedHsp output file:D:\audio-format-switch-master\audio-format-switch-master\build\cache\default\integrated_hsp\integratedHspCache.json cache.
[2026-06-16T21:52:06.272] [DEBUG] debug-file - Incremental task entry:default@ProcessIntegratedHsp post-execution cost:1 ms .
[2026-06-16T21:52:06.272] [DEBUG] debug-file - There is no need to refresh cache, since the incremental task entry:default@MakePackInfo is up-to-date.
[2026-06-16T21:52:06.272] [DEBUG] debug-file - Update task entry:default@SyscapTransform input file:E:\DevEco Studio\sdk\default\openharmony\toolchains\syscap_tool.exe cache by regenerate.
[2026-06-16T21:52:06.273] [DEBUG] debug-file - Update task entry:default@SyscapTransform input file:E:\DevEco Studio\sdk\default\openharmony\ets\api\device-define cache by regenerate.
[2026-06-16T21:52:06.273] [DEBUG] debug-file - Update task entry:default@SyscapTransform output file:D:\audio-format-switch-master\audio-format-switch-master\entry\build\default\intermediates\syscap\default\rpcid.sc cache.
[2026-06-16T21:52:06.273] [DEBUG] debug-file - Incremental task entry:default@SyscapTransform post-execution cost:1 ms .
[2026-06-16T21:52:06.273] [DEBUG] debug-file - There is no need to refresh cache, since the incremental task entry:default@ProcessProfile is up-to-date.
[2026-06-16T21:52:06.273] [DEBUG] debug-file - There is no need to refresh cache, since the incremental task entry:default@ProcessRouterMap is up-to-date.
[2026-06-16T21:52:06.273] [DEBUG] debug-file - There is no need to refresh cache, since the incremental task entry:default@ProcessShareConfig is up-to-date.
[2026-06-16T21:52:06.274] [DEBUG] debug-file - Update task entry:default@ProcessStartupConfig input file:D:\audio-format-switch-master\audio-format-switch-master\entry\build\default\intermediates\loader\default\pkgContextInfo.json cache by regenerate.
[2026-06-16T21:52:06.274] [DEBUG] debug-file - Update task entry:default@ProcessStartupConfig output file:D:\audio-format-switch-master\audio-format-switch-master\entry\build\default\intermediates\startup\default\startup_config.json cache.
[2026-06-16T21:52:06.274] [DEBUG] debug-file - Incremental task entry:default@ProcessStartupConfig post-execution cost:1 ms .
[2026-06-16T21:52:06.274] [DEBUG] debug-file - There is no need to refresh cache, since the incremental task entry:default@ProcessResource is up-to-date.
[2026-06-16T21:52:06.274] [DEBUG] debug-file - There is no need to refresh cache, since the incremental task entry:default@GenerateLoaderJson is up-to-date.
[2026-06-16T21:52:06.274] [DEBUG] debug-file - There is no need to refresh cache, since the incremental task entry:default@ProcessLibs is up-to-date.
[2026-06-16T21:52:06.274] [DEBUG] debug-file - There is no need to refresh cache, since the incremental task entry:default@CompileResource is up-to-date.
[2026-06-16T21:52:06.274] [DEBUG] debug-file - There is no need to refresh cache, since the incremental task entry:default@DoNativeStrip is up-to-date.
[2026-06-16T21:52:06.275] [DEBUG] debug-file - Update task entry:default@CompileArkTS input file:D:\audio-format-switch-master\audio-format-switch-master\entry\build\default\intermediates\loader\default cache by regenerate.
[2026-06-16T21:52:06.275] [DEBUG] debug-file - Update task entry:default@CompileArkTS input file:D:\audio-format-switch-master\audio-format-switch-master\entry\build\default\intermediates\res\default\resources\rawfile cache by regenerate.
[2026-06-16T21:52:06.275] [DEBUG] debug-file - Update task entry:default@CompileArkTS input file:D:\audio-format-switch-master\audio-format-switch-master\entry\build\default\intermediates\res\default\ResourceTable.txt cache by regenerate.
[2026-06-16T21:52:06.275] [DEBUG] debug-file - Update task entry:default@CompileArkTS input file:D:\audio-format-switch-master\audio-format-switch-master\entry\build\default\intermediates\res\default\ark_module.json cache by regenerate.
[2026-06-16T21:52:06.276] [DEBUG] debug-file - Update task entry:default@CompileArkTS input file:D:\audio-format-switch-master\audio-format-switch-master\entry\build\default\intermediates\res\default\resources\base\profile cache by regenerate.
[2026-06-16T21:52:06.276] [DEBUG] debug-file - Update task entry:default@CompileArkTS input file:D:\audio-format-switch-master\audio-format-switch-master\entry\src\main\ets cache by regenerate.
[2026-06-16T21:52:06.279] [DEBUG] debug-file - Update task entry:default@CompileArkTS input file:D:\audio-format-switch-master\audio-format-switch-master\entry\build\default\intermediates\loader\default\pkgContextInfo.json cache by regenerate.
[2026-06-16T21:52:06.279] [DEBUG] debug-file - Update task entry:default@CompileArkTS input file:D:\audio-format-switch-master\audio-format-switch-master\entry\build\default\generated\profile\default\BuildProfile.ets cache by regenerate.
[2026-06-16T21:52:06.280] [DEBUG] debug-file - Update task entry:default@CompileArkTS output file:D:\audio-format-switch-master\audio-format-switch-master\entry\build\default\intermediates\loader_out\default\ets cache.
[2026-06-16T21:52:06.280] [DEBUG] debug-file - Incremental task entry:default@CompileArkTS post-execution cost:6 ms .
[2026-06-16T21:52:06.280] [DEBUG] debug-file - Update task entry:default@BuildJS input file:D:\audio-format-switch-master\audio-format-switch-master\entry\build\default\intermediates\loader\default cache by regenerate.
[2026-06-16T21:52:06.281] [DEBUG] debug-file - Update task entry:default@BuildJS input file:D:\audio-format-switch-master\audio-format-switch-master\entry\build\default\intermediates\res\default\resources\rawfile cache by regenerate.
[2026-06-16T21:52:06.281] [DEBUG] debug-file - Update task entry:default@BuildJS input file:D:\audio-format-switch-master\audio-format-switch-master\entry\build\default\intermediates\res\default\ResourceTable.txt cache by regenerate.
[2026-06-16T21:52:06.281] [DEBUG] debug-file - Update task entry:default@BuildJS input file:D:\audio-format-switch-master\audio-format-switch-master\entry\build\default\intermediates\res\default\ark_module.json cache by regenerate.
[2026-06-16T21:52:06.281] [DEBUG] debug-file - Update task entry:default@BuildJS input file:D:\audio-format-switch-master\audio-format-switch-master\entry\build\default\intermediates\res\default\resources\base\profile cache by regenerate.
[2026-06-16T21:52:06.282] [DEBUG] debug-file - Update task entry:default@BuildJS input file:D:\audio-format-switch-master\audio-format-switch-master\entry\build\default\intermediates\loader\default\pkgContextInfo.json cache by regenerate.
[2026-06-16T21:52:06.282] [DEBUG] debug-file - Update task entry:default@BuildJS output file:D:\audio-format-switch-master\audio-format-switch-master\entry\build\default\intermediates\loader_out\default\js cache.
[2026-06-16T21:52:06.282] [DEBUG] debug-file - Incremental task entry:default@BuildJS post-execution cost:2 ms .
[2026-06-16T21:52:06.282] [DEBUG] debug-file - There is no need to refresh cache, since the incremental task entry:default@CacheNativeLibs is up-to-date.
[2026-06-16T21:52:06.282] [DEBUG] debug-file - Update task entry:default@GeneratePkgModuleJson input file:D:\audio-format-switch-master\audio-format-switch-master\entry\build\default\intermediates\res\default\module.json cache by regenerate.
[2026-06-16T21:52:06.282] [DEBUG] debug-file - Update task entry:default@GeneratePkgModuleJson output file:D:\audio-format-switch-master\audio-format-switch-master\entry\build\default\intermediates\package\default\module.json cache.
[2026-06-16T21:52:06.282] [DEBUG] debug-file - Incremental task entry:default@GeneratePkgModuleJson post-execution cost:1 ms .
[2026-06-16T21:52:06.282] [DEBUG] debug-file - Incremental task entry:default@ProcessCompiledResources post-execution cost:1 ms .
[2026-06-16T21:52:06.282] [DEBUG] debug-file - Update task entry:default@PackageHap input file:D:\audio-format-switch-master\audio-format-switch-master\entry\build\default\intermediates\stripped_native_libs\default cache by regenerate.
[2026-06-16T21:52:06.283] [DEBUG] debug-file - Update task entry:default@PackageHap input file:D:\audio-format-switch-master\audio-format-switch-master\entry\build\default\intermediates\res\default\module.json cache by regenerate.
[2026-06-16T21:52:06.283] [DEBUG] debug-file - Update task entry:default@PackageHap input file:D:\audio-format-switch-master\audio-format-switch-master\entry\build\default\intermediates\res\default\resources cache by regenerate.
[2026-06-16T21:52:06.285] [DEBUG] debug-file - Update task entry:default@PackageHap input file:D:\audio-format-switch-master\audio-format-switch-master\entry\build\default\intermediates\res\default\resources.index cache by regenerate.
[2026-06-16T21:52:06.285] [DEBUG] debug-file - Update task entry:default@PackageHap input file:D:\audio-format-switch-master\audio-format-switch-master\entry\build\default\outputs\default\pack.info cache by regenerate.
[2026-06-16T21:52:06.285] [DEBUG] debug-file - Update task entry:default@PackageHap input file:D:\audio-format-switch-master\audio-format-switch-master\entry\build\default\intermediates\loader_out\default\ets cache by regenerate.
[2026-06-16T21:52:06.285] [DEBUG] debug-file - Update task entry:default@PackageHap input file:D:\audio-format-switch-master\audio-format-switch-master\entry\build\default\intermediates\loader\default\pkgContextInfo.json cache by regenerate.
[2026-06-16T21:52:06.285] [DEBUG] debug-file - Update task entry:default@PackageHap input file:D:\audio-format-switch-master\audio-format-switch-master\entry\build\default\intermediates\loader_out\default\ets\sourceMaps.map cache by regenerate.
[2026-06-16T21:52:06.285] [DEBUG] debug-file - Update task entry:default@PackageHap input file:D:\audio-format-switch-master\audio-format-switch-master\entry\build\default\generated\profile\default\BuildProfile.ets cache by regenerate.
[2026-06-16T21:52:06.286] [DEBUG] debug-file - Update task entry:default@PackageHap output file:D:\audio-format-switch-master\audio-format-switch-master\entry\build\default\outputs\default\entry-default-unsigned.hap cache.
[2026-06-16T21:52:06.286] [DEBUG] debug-file - Update task entry:default@PackageHap output file:D:\audio-format-switch-master\audio-format-switch-master\entry\build\default\intermediates\source_map\default\sourceMaps.map cache.
[2026-06-16T21:52:06.286] [DEBUG] debug-file - Update task entry:default@PackageHap output file:D:\audio-format-switch-master\audio-format-switch-master\entry\build\default\outputs\default\mapping\sourceMaps.map cache.
[2026-06-16T21:52:06.286] [DEBUG] debug-file - Incremental task entry:default@PackageHap post-execution cost:4 ms .
[2026-06-16T21:52:06.286] [DEBUG] debug-file - Update task entry:default@SignHap input file:D:\audio-format-switch-master\audio-format-switch-master\entry\build\default\outputs\default\entry-default-unsigned.hap cache by regenerate.
[2026-06-16T21:52:06.286] [DEBUG] debug-file - Update task entry:default@SignHap output file:D:\audio-format-switch-master\audio-format-switch-master\entry\build\default\outputs\default\entry-default-signed.hap cache.
[2026-06-16T21:52:06.286] [DEBUG] debug-file - Incremental task entry:default@SignHap post-execution cost:1 ms .
[2026-06-16T21:52:06.286] [DEBUG] debug-file - Update task entry:default@CollectDebugSymbol input file:D:\audio-format-switch-master\audio-format-switch-master\entry\build\default\intermediates\loader_out\default\ets\sourceMaps.map cache by regenerate.
[2026-06-16T21:52:06.287] [DEBUG] debug-file - Update task entry:default@CollectDebugSymbol input file:D:\audio-format-switch-master\audio-format-switch-master\entry\build\default\intermediates\libs\default cache by regenerate.
[2026-06-16T21:52:06.287] [DEBUG] debug-file - Update task entry:default@CollectDebugSymbol output file:D:\audio-format-switch-master\audio-format-switch-master\entry\build\default\outputs\default\symbol cache.
[2026-06-16T21:52:06.287] [DEBUG] debug-file - Incremental task entry:default@CollectDebugSymbol post-execution cost:1 ms .
[2026-06-16T21:52:06.309] [DEBUG] debug-file - Cleanup worker 22.
[2026-06-16T21:52:06.309] [DEBUG] debug-file - Worker 22 has been cleaned up.
[2026-06-16T21:52:06.309] [DEBUG] debug-file - Current idle worker size: 1.
[2026-06-16T21:52:06.309] [DEBUG] debug-file - Current resident worker size: 2.
[2026-06-16T21:52:06.309] [DEBUG] debug-file - hvigor build process will be closed.
[2026-06-16T21:52:06.314] [DEBUG] debug-file - session manager: send message to worker process.
[2026-06-16T21:52:06.315] [DEBUG] debug-file - session manager: send message to worker process.
[2026-06-16T21:52:06.314] [DEBUG] debug-file - watch worker: worker id should be larger than 0. Nothing will be sent to any worker thread.
[2026-06-16T21:52:06.315] [DEBUG] debug-file - watch worker: worker id should be larger than 0. Nothing will be sent to any worker thread.
[2026-06-16T21:52:06.317] [DEBUG] debug-file - worker[22] exits with exit code 1.
[2026-06-18T18:15:18.548] [DEBUG] debug-file - hvigor java daemon: Starting java daemon. jvmXmxValue=512m, jarPath=E:\DevEco Studio\tools\hvigor\hvigor\lib\hvigor-java-daemon.jar
[2026-06-18T18:15:18.552] [DEBUG] debug-file - hvigor java daemon: Read cache file, 
    port=45050, pid=12788, sessionId exists=true
[2026-06-18T18:15:18.566] [DEBUG] debug-file - hvigor java daemon: tryConnect failed, Error: connect ECONNREFUSED 127.0.0.1:45050, will start new daemon
[2026-06-18T18:15:18.598] [DEBUG] debug-file - java daemon started at port 45050 pid 32948
[2026-06-18T18:15:15.544] [DEBUG] debug-file - env: nodejsVersion=v18.20.1
[2026-06-18T18:15:15.664] [DEBUG] debug-file - env: daemon=true
[2026-06-18T18:15:15.547] [DEBUG] debug-file - env: hvigor-config.json5 content = {
  modelVersion: '6.0.0',
  dependencies: {},
  execution: {},
  logging: {},
  debugging: {},
  nodeOptions: {}
}
[2026-06-18T18:15:19.430] [DEBUG] debug-file - session manager: set active socket. socketId=tVCwvVE4gj6IkAkeAAAB
[2026-06-18T18:15:19.441] [DEBUG] debug-file - watch worker: worker id should be larger than 0. Nothing will be sent to any worker thread.
[2026-06-18T18:15:19.445] [DEBUG] debug-file - Since there is no instance or instance is terminated, create a new worker pool.
[2026-06-18T18:15:19.445] [DEBUG] debug-file - Worker pool is initialized with config:  {
  minPoolNum: 2,
  maxPoolNum: undefined,
  maxCoreSize: undefined,
  cacheCapacity: undefined,
  cacheTtl: undefined
}
[2026-06-18T18:15:19.446] [DEBUG] debug-file - Create  resident worker with id: 0.
[2026-06-18T18:15:19.447] [DEBUG] debug-file - Create  resident worker with id: 1.
[2026-06-18T18:15:19.449] [DEBUG] debug-file - Workers' log level updated to INFO
[2026-06-18T18:15:19.455] [DEBUG] debug-file - Hvigor init with startParameters:{
  hvigorfileTypeCheck: false,
  parallelExecution: true,
  incrementalExecution: true,
  printStackTrace: false,
  daemon: true,
  analyze: 0,
  logLevel: Level { level: 20000, levelStr: 'INFO', colour: 'green' },
  optimizationStrategy: 'memory',
  hotCompile: undefined,
  hotReloadBuild: undefined,
  customizedParam: undefined
}
[2026-06-18T18:15:19.490] [DEBUG] debug-file - Cache service initialization finished in 36 ms 
[2026-06-18T18:15:19.492] [DEBUG] debug-file - hvigorfile, resolving D:\audio-format-switch-master\audio-format-switch-master\hvigorfile.ts
[2026-06-18T18:15:34.710] [DEBUG] debug-file - hvigorfile, require result:  { default: { plugins: [] } }
[2026-06-18T18:15:34.710] [DEBUG] debug-file - hvigorfile, binding system plugins null
[2026-06-18T18:15:34.711] [DEBUG] debug-file - Starting plugin build process
[2026-06-18T18:15:34.711] [DEBUG] debug-file - App plugin prepare start...
[2026-06-18T18:15:34.711] [DEBUG] debug-file - App plugin prepare end...
[2026-06-18T18:15:34.711] [DEBUG] debug-file - App plugin creating...
[2026-06-18T18:15:34.866] [DEBUG] debug-file - App plugin register hook start...
[2026-06-18T18:15:34.866] [DEBUG] debug-file - App plugin register hook end...
[2026-06-18T18:15:34.867] [DEBUG] debug-file - Plugin build process completed
[2026-06-18T18:15:34.868] [DEBUG] debug-file - Start initialize project's product build option map with build mode debug.
[2026-06-18T18:15:34.869] [DEBUG] debug-file - Picking option from product 'default' with build mode 'debug'.
[2026-06-18T18:15:34.870] [DEBUG] debug-file - Product 'default' build option initialized
[2026-06-18T18:15:34.870] [DEBUG] debug-file - End initialize project's product build option map with build mode 'debug'.
[2026-06-18T18:15:34.872] [DEBUG] debug-file - Obtain build option for product 'default'in this build.
[2026-06-18T18:15:34.905] [DEBUG] debug-file - No signingConfig found, initRemoteHspCache failed.
[2026-06-18T18:15:34.913] [DEBUG] debug-file - Local scan or download HarmonyOS sdk components toolchains,ets,js,native,previewer
[2026-06-18T18:15:34.916] [DEBUG] debug-file - Local scan or download hmscore sdk components toolchains,ets,native
[2026-06-18T18:15:34.919] [DEBUG] debug-file - Start recording SDK configuration permission data.
[2026-06-18T18:15:34.948] [DEBUG] debug-file - Sdk init in 37 ms 
[2026-06-18T18:15:34.952] [DEBUG] debug-file - Project task initialization takes 3 ms 
[2026-06-18T18:15:34.952] [DEBUG] debug-file - hvigorfile, begin to bind custom plugins...
[2026-06-18T18:15:34.952] [DEBUG] debug-file - hvigorfile, no custom plugins were found in D:\audio-format-switch-master\audio-format-switch-master\hvigorfile.ts
[2026-06-18T18:15:34.952] [DEBUG] debug-file - hvigorfile, resolve finished D:\audio-format-switch-master\audio-format-switch-master\hvigorfile.ts
[2026-06-18T18:15:34.953] [DEBUG] debug-file - hvigorfile, resolving D:\audio-format-switch-master\audio-format-switch-master\entry\hvigorfile.ts
[2026-06-18T18:15:34.966] [DEBUG] debug-file - hvigorfile, require result:  { default: { plugins: [] } }
[2026-06-18T18:15:34.966] [DEBUG] debug-file - hvigorfile, binding system plugins null
[2026-06-18T18:15:34.966] [DEBUG] debug-file - Starting plugin build process
[2026-06-18T18:15:34.967] [DEBUG] debug-file - Hap plugin creating...
[2026-06-18T18:15:34.967] [DEBUG] debug-file - failed to load cangjie to dynamically generate schemas: Error: Cannot find module '@ohos/cangjie-build-support/index'
Require stack:
- E:\DevEco Studio\tools\hvigor\hvigor-ohos-plugin\src\plugin\hooks\cangjie-register.js
- E:\DevEco Studio\tools\hvigor\hvigor-ohos-plugin\src\plugin\strategy\stage-init-strategy.js
- E:\DevEco Studio\tools\hvigor\hvigor-ohos-plugin\src\plugin\builder\abstract-plugin-builder.js
- E:\DevEco Studio\tools\hvigor\hvigor-ohos-plugin\src\plugin\builder\app-plugin-builder.js
- E:\DevEco Studio\tools\hvigor\hvigor-ohos-plugin\src\plugin\factory\plugin-factory.js
- E:\DevEco Studio\tools\hvigor\hvigor-ohos-plugin\index.js
- D:\audio-format-switch-master\audio-format-switch-master\hvigorfile.ts
- E:\DevEco Studio\tools\hvigor\hvigor\src\base\internal\lifecycle\configuration.js
- E:\DevEco Studio\tools\hvigor\hvigor\src\base\boot\index.js
- E:\DevEco Studio\tools\hvigor\hvigor\src\base\daemon\cluster\worker-process-lifecycle.js
- E:\DevEco Studio\tools\hvigor\hvigor\src\base\daemon\process\daemon-process-boot-script.js
[2026-06-18T18:15:34.979] [DEBUG] debug-file - Start initialize module-target build option map, moduleName=entry, buildMode=release
[2026-06-18T18:15:34.979] [DEBUG] debug-file - Target 'default' config initialized
[2026-06-18T18:15:34.980] [DEBUG] debug-file - Module 'entry' target 'default' build option initialized
[2026-06-18T18:15:34.980] [DEBUG] debug-file - End initialize module-target build option map, moduleName=entry
[2026-06-18T18:15:34.980] [DEBUG] debug-file - Start initialize module-target build option map, moduleName=entry, buildMode=debug
[2026-06-18T18:15:34.980] [DEBUG] debug-file - Target 'default' config initialized
[2026-06-18T18:15:34.980] [DEBUG] debug-file - Module 'entry' target 'default' build option initialized
[2026-06-18T18:15:34.980] [DEBUG] debug-file - End initialize module-target build option map, moduleName=entry
[2026-06-18T18:15:34.980] [DEBUG] debug-file - Start initialize module-target build option map, moduleName=entry, buildMode=debug
[2026-06-18T18:15:34.980] [DEBUG] debug-file - Target 'default' config initialized
[2026-06-18T18:15:34.981] [DEBUG] debug-file - Module 'entry' target 'default' build option initialized
[2026-06-18T18:15:34.981] [DEBUG] debug-file - End initialize module-target build option map, moduleName=entry
[2026-06-18T18:15:34.981] [DEBUG] debug-file - Obtain build option for module 'entry' target 'default'in this build.
[2026-06-18T18:15:34.985] [DEBUG] debug-file - Module entry task initialization takes 4 ms 
[2026-06-18T18:15:34.985] [DEBUG] debug-file - Hap plugin register hook start...
[2026-06-18T18:15:34.985] [DEBUG] debug-file - Hap plugin register hook end...
[2026-06-18T18:15:34.985] [DEBUG] debug-file - Plugin build process completed
[2026-06-18T18:15:34.985] [DEBUG] debug-file - hvigorfile, begin to bind custom plugins...
[2026-06-18T18:15:34.985] [DEBUG] debug-file - hvigorfile, no custom plugins were found in D:\audio-format-switch-master\audio-format-switch-master\entry\hvigorfile.ts
[2026-06-18T18:15:34.985] [DEBUG] debug-file - hvigorfile, resolve finished D:\audio-format-switch-master\audio-format-switch-master\entry\hvigorfile.ts
[2026-06-18T18:15:34.997] [DEBUG] debug-file - hvigorfile, resolve hvigorfile dependencies in 13 ms 
[2026-06-18T18:15:34.998] [DEBUG] debug-file - project has submodules:entry
[2026-06-18T18:15:35.004] [DEBUG] debug-file - start to load updatedOhPackageInfo to the disk
[2026-06-18T18:15:35.013] [DEBUG] debug-file - load to the disk finished
[2026-06-18T18:15:35.014] [DEBUG] debug-file - Start to initialize dependency information.
[2026-06-18T18:15:35.016] [DEBUG] debug-file - Module audio-format-switch-master Collected Dependency: 
[2026-06-18T18:15:35.016] [DEBUG] debug-file - Module audio-format-switch-master's total dependency: 0
[2026-06-18T18:15:35.016] [DEBUG] debug-file - Start to initialize dependency information.
[2026-06-18T18:15:35.018] [DEBUG] debug-file - Module entry Collected Dependency: 
[2026-06-18T18:15:35.018] [DEBUG] debug-file - Module entry's total dependency: 0
[2026-06-18T18:15:35.020] [DEBUG] debug-file - Configuration phase cost:15 s 530 ms 
[2026-06-18T18:15:35.022] [DEBUG] debug-file - Configuration task cost before running: 15 s 573 ms 
[2026-06-18T18:15:35.027] [DEBUG] debug-file - Executing task :entry:default@PreBuild
[2026-06-18T18:15:35.028] [DEBUG] debug-file - Task 'entry:default@PreBuild' cost while wrapping incremental declarations: 1 ms 
[2026-06-18T18:15:35.035] [DEBUG] debug-file - Incremental task entry:default@PreBuild pre-execution cost: 6 ms .
[2026-06-18T18:15:35.035] [DEBUG] debug-file - entry : default@PreBuild cost memory 0.33240509033203125
[2026-06-18T18:15:35.037] [INFO] debug-file - UP-TO-DATE :entry:default@PreBuild...  
[2026-06-18T18:15:35.038] [DEBUG] debug-file - Executing task :entry:default@CreateModuleInfo
[2026-06-18T18:15:35.038] [DEBUG] debug-file - Task 'entry:default@CreateModuleInfo' cost while wrapping incremental declarations: 1 ms 
[2026-06-18T18:15:35.038] [DEBUG] debug-file - entry : default@CreateModuleInfo cost memory 0.04278564453125
[2026-06-18T18:15:35.038] [DEBUG] debug-file - runTaskFromQueue task cost before running: 15 s 590 ms 
[2026-06-18T18:15:35.039] [INFO] debug-file - Finished :entry:default@CreateModuleInfo... after 1 ms 
[2026-06-18T18:15:35.039] [DEBUG] debug-file - Executing task :entry:default@GenerateMetadata
[2026-06-18T18:15:35.040] [DEBUG] debug-file - Task 'entry:default@GenerateMetadata' cost while wrapping incremental declarations: 1 ms 
[2026-06-18T18:15:35.041] [DEBUG] debug-file - Incremental task entry:default@GenerateMetadata pre-execution cost: 1 ms .
[2026-06-18T18:15:35.041] [DEBUG] debug-file - entry : default@GenerateMetadata cost memory 0.08881378173828125
[2026-06-18T18:15:35.041] [INFO] debug-file - UP-TO-DATE :entry:default@GenerateMetadata...  
[2026-06-18T18:15:35.042] [DEBUG] debug-file - Executing task :entry:default@ConfigureCmake
[2026-06-18T18:15:35.042] [DEBUG] debug-file - entry : default@ConfigureCmake cost memory 0.014556884765625
[2026-06-18T18:15:35.042] [DEBUG] debug-file - runTaskFromQueue task cost before running: 15 s 593 ms 
[2026-06-18T18:15:35.042] [INFO] debug-file - Finished :entry:default@ConfigureCmake... after 1 ms 
[2026-06-18T18:15:35.043] [DEBUG] debug-file - Executing task :entry:default@MergeProfile
[2026-06-18T18:15:35.043] [DEBUG] debug-file - Task 'entry:default@MergeProfile' cost while wrapping incremental declarations: 1 ms 
[2026-06-18T18:15:35.045] [DEBUG] debug-file - Incremental task entry:default@MergeProfile pre-execution cost: 2 ms .
[2026-06-18T18:15:35.045] [DEBUG] debug-file - entry : default@MergeProfile cost memory 0.13643646240234375
[2026-06-18T18:15:35.045] [INFO] debug-file - UP-TO-DATE :entry:default@MergeProfile...  
[2026-06-18T18:15:35.046] [DEBUG] debug-file - Executing task :entry:default@CreateBuildProfile
[2026-06-18T18:15:35.047] [DEBUG] debug-file - Task 'entry:default@CreateBuildProfile' cost while wrapping incremental declarations: 1 ms 
[2026-06-18T18:15:35.048] [DEBUG] debug-file - Incremental task entry:default@CreateBuildProfile pre-execution cost: 1 ms .
[2026-06-18T18:15:35.048] [DEBUG] debug-file - entry : default@CreateBuildProfile cost memory 0.1087799072265625
[2026-06-18T18:15:35.048] [INFO] debug-file - UP-TO-DATE :entry:default@CreateBuildProfile...  
[2026-06-18T18:15:35.049] [DEBUG] debug-file - Executing task :entry:default@PreCheckSyscap
[2026-06-18T18:15:35.049] [DEBUG] debug-file - entry : default@PreCheckSyscap cost memory 0.01470184326171875
[2026-06-18T18:15:35.049] [DEBUG] debug-file - runTaskFromQueue task cost before running: 15 s 600 ms 
[2026-06-18T18:15:35.049] [INFO] debug-file - Finished :entry:default@PreCheckSyscap... after 1 ms 
[2026-06-18T18:15:35.050] [DEBUG] debug-file - Executing task :entry:default@GeneratePkgContextInfo
[2026-06-18T18:15:35.056] [DEBUG] debug-file - Task 'entry:default@GeneratePkgContextInfo' cost while wrapping incremental declarations: 1 ms 
[2026-06-18T18:15:35.057] [DEBUG] debug-file - Incremental task entry:default@GeneratePkgContextInfo pre-execution cost: 1 ms .
[2026-06-18T18:15:35.058] [DEBUG] debug-file - entry : default@GeneratePkgContextInfo cost memory 0.49687957763671875
[2026-06-18T18:15:35.058] [INFO] debug-file - UP-TO-DATE :entry:default@GeneratePkgContextInfo...  
[2026-06-18T18:15:35.059] [DEBUG] debug-file - Executing task :entry:default@GeneratePkgSdkInfo
[2026-06-18T18:15:35.061] [DEBUG] debug-file - Task 'entry:default@GeneratePkgSdkInfo' cost while wrapping incremental declarations: 1 ms 
[2026-06-18T18:15:35.062] [DEBUG] debug-file - entry : default@GeneratePkgSdkInfo cost memory 0.10088348388671875
[2026-06-18T18:15:35.062] [DEBUG] debug-file - runTaskFromQueue task cost before running: 15 s 613 ms 
[2026-06-18T18:15:35.062] [INFO] debug-file - Finished :entry:default@GeneratePkgSdkInfo... after 3 ms 
[2026-06-18T18:15:35.065] [DEBUG] debug-file - Executing task :entry:default@ProcessIntegratedHsp
[2026-06-18T18:15:35.065] [DEBUG] debug-file - entry:default@ProcessIntegratedHsp is not up-to-date, since the output file 'D:\audio-format-switch-master\audio-format-switch-master\build\cache\default\integrated_hsp\integratedHspCache.json' does not exist.
[2026-06-18T18:15:35.066] [DEBUG] debug-file - Incremental task entry:default@ProcessIntegratedHsp pre-execution cost: 1 ms .
[2026-06-18T18:15:35.066] [DEBUG] debug-file - entry : default@ProcessIntegratedHsp cost memory 0.057373046875
[2026-06-18T18:15:35.066] [DEBUG] debug-file - runTaskFromQueue task cost before running: 15 s 617 ms 
[2026-06-18T18:15:35.066] [INFO] debug-file - Finished :entry:default@ProcessIntegratedHsp... after 1 ms 
[2026-06-18T18:15:35.067] [DEBUG] debug-file - Executing task :entry:default@BuildNativeWithCmake
[2026-06-18T18:15:35.068] [DEBUG] debug-file - entry : default@BuildNativeWithCmake cost memory 0.0150299072265625
[2026-06-18T18:15:35.068] [DEBUG] debug-file - runTaskFromQueue task cost before running: 15 s 619 ms 
[2026-06-18T18:15:35.068] [INFO] debug-file - Finished :entry:default@BuildNativeWithCmake... after 1 ms 
[2026-06-18T18:15:35.069] [DEBUG] debug-file - Executing task :entry:default@MakePackInfo
[2026-06-18T18:15:35.071] [DEBUG] debug-file - Incremental task entry:default@MakePackInfo pre-execution cost: 2 ms .
[2026-06-18T18:15:35.071] [DEBUG] debug-file - entry : default@MakePackInfo cost memory 0.13543701171875
[2026-06-18T18:15:35.071] [INFO] debug-file - UP-TO-DATE :entry:default@MakePackInfo...  
[2026-06-18T18:15:35.072] [DEBUG] debug-file - Executing task :entry:default@SyscapTransform
[2026-06-18T18:15:35.072] [DEBUG] debug-file - File: 'D:\audio-format-switch-master\audio-format-switch-master\entry\src\main\syscap.json' from 'sysCapJsonPath' is not exists, just ignore.
[2026-06-18T18:15:35.073] [DEBUG] debug-file - Task 'entry:default@SyscapTransform' cost while wrapping incremental declarations: 1 ms 
[2026-06-18T18:15:35.080] [DEBUG] debug-file - entry:default@SyscapTransform is not up-to-date, since the output file 'D:\audio-format-switch-master\audio-format-switch-master\entry\build\default\intermediates\syscap\default\rpcid.sc' does not exist.
[2026-06-18T18:15:35.080] [DEBUG] debug-file - Incremental task entry:default@SyscapTransform pre-execution cost: 8 ms .
[2026-06-18T18:15:35.080] [DEBUG] debug-file - entry : default@SyscapTransform cost memory 0.14984893798828125
[2026-06-18T18:15:35.080] [DEBUG] debug-file - runTaskFromQueue task cost before running: 15 s 631 ms 
[2026-06-18T18:15:35.080] [INFO] debug-file - Finished :entry:default@SyscapTransform... after 9 ms 
[2026-06-18T18:15:35.081] [DEBUG] debug-file - Executing task :entry:default@ProcessProfile
[2026-06-18T18:15:35.088] [DEBUG] debug-file - Task 'entry:default@ProcessProfile' cost while wrapping incremental declarations: 1 ms 
[2026-06-18T18:15:35.090] [DEBUG] debug-file - Incremental task entry:default@ProcessProfile pre-execution cost: 2 ms .
[2026-06-18T18:15:35.090] [DEBUG] debug-file - entry : default@ProcessProfile cost memory 0.14376068115234375
[2026-06-18T18:15:35.091] [INFO] debug-file - UP-TO-DATE :entry:default@ProcessProfile...  
[2026-06-18T18:15:35.092] [DEBUG] debug-file - Executing task :entry:default@ProcessRouterMap
[2026-06-18T18:15:35.097] [DEBUG] debug-file - Incremental task entry:default@ProcessRouterMap pre-execution cost: 4 ms .
[2026-06-18T18:15:35.097] [DEBUG] debug-file - entry : default@ProcessRouterMap cost memory 0.16628265380859375
[2026-06-18T18:15:35.098] [INFO] debug-file - UP-TO-DATE :entry:default@ProcessRouterMap...  
[2026-06-18T18:15:35.099] [DEBUG] debug-file - Executing task :entry:default@ProcessShareConfig
[2026-06-18T18:15:35.105] [DEBUG] debug-file - Incremental task entry:default@ProcessShareConfig pre-execution cost: 6 ms .
[2026-06-18T18:15:35.105] [DEBUG] debug-file - entry : default@ProcessShareConfig cost memory -12.72027587890625
[2026-06-18T18:15:35.106] [INFO] debug-file - UP-TO-DATE :entry:default@ProcessShareConfig...  
[2026-06-18T18:15:35.107] [DEBUG] debug-file - Executing task :entry:default@ProcessStartupConfig
[2026-06-18T18:15:35.107] [DEBUG] debug-file - Task 'entry:default@ProcessStartupConfig' cost while wrapping incremental declarations: 1 ms 
[2026-06-18T18:15:35.108] [DEBUG] debug-file - entry:default@ProcessStartupConfig is not up-to-date, since the output file 'D:\audio-format-switch-master\audio-format-switch-master\entry\build\default\intermediates\startup\default\startup_config.json' does not exist.
[2026-06-18T18:15:35.108] [DEBUG] debug-file - Incremental task entry:default@ProcessStartupConfig pre-execution cost: 1 ms .
[2026-06-18T18:15:35.115] [DEBUG] debug-file - entry : default@ProcessStartupConfig cost memory 0.13021087646484375
[2026-06-18T18:15:35.115] [DEBUG] debug-file - runTaskFromQueue task cost before running: 15 s 666 ms 
[2026-06-18T18:15:35.115] [INFO] debug-file - Finished :entry:default@ProcessStartupConfig... after 9 ms 
[2026-06-18T18:15:35.116] [DEBUG] debug-file - Executing task :entry:default@BuildNativeWithNinja
[2026-06-18T18:15:35.116] [DEBUG] debug-file - entry : default@BuildNativeWithNinja cost memory 0.020782470703125
[2026-06-18T18:15:35.116] [DEBUG] debug-file - runTaskFromQueue task cost before running: 15 s 668 ms 
[2026-06-18T18:15:35.117] [INFO] debug-file - Finished :entry:default@BuildNativeWithNinja... after 1 ms 
[2026-06-18T18:15:35.118] [DEBUG] debug-file - restool module names: entry; moduleName=entry, taskName=default@ProcessResource
[2026-06-18T18:15:35.124] [DEBUG] debug-file - Executing task :entry:default@ProcessResource
[2026-06-18T18:15:35.125] [DEBUG] debug-file - Task 'entry:default@ProcessResource' cost while wrapping incremental declarations: 1 ms 
[2026-06-18T18:15:35.125] [DEBUG] debug-file - Incremental task entry:default@ProcessResource pre-execution cost: 1 ms .
[2026-06-18T18:15:35.126] [DEBUG] debug-file - entry : default@ProcessResource cost memory 0.36615753173828125
[2026-06-18T18:15:35.126] [INFO] debug-file - UP-TO-DATE :entry:default@ProcessResource...  
[2026-06-18T18:15:35.128] [DEBUG] debug-file - Executing task :entry:default@GenerateLoaderJson
[2026-06-18T18:15:35.128] [DEBUG] debug-file - Task 'entry:default@GenerateLoaderJson' cost while wrapping incremental declarations: 1 ms 
[2026-06-18T18:15:35.138] [DEBUG] debug-file - Incremental task entry:default@GenerateLoaderJson pre-execution cost: 3 ms .
[2026-06-18T18:15:35.138] [DEBUG] debug-file - entry : default@GenerateLoaderJson cost memory 0.5256881713867188
[2026-06-18T18:15:35.140] [INFO] debug-file - UP-TO-DATE :entry:default@GenerateLoaderJson...  
[2026-06-18T18:15:35.141] [DEBUG] debug-file - Executing task :entry:default@ProcessLibs
[2026-06-18T18:15:35.142] [DEBUG] debug-file - Incremental task entry:default@ProcessLibs pre-execution cost: 1 ms .
[2026-06-18T18:15:35.142] [DEBUG] debug-file - entry : default@ProcessLibs cost memory 0.33759307861328125
[2026-06-18T18:15:35.143] [INFO] debug-file - UP-TO-DATE :entry:default@ProcessLibs...  
[2026-06-18T18:15:35.143] [DEBUG] debug-file - restool module names: entry; moduleName=entry, taskName=default@CompileResource
[2026-06-18T18:15:35.144] [DEBUG] debug-file - Executing task :entry:default@CompileResource
[2026-06-18T18:15:35.163] [DEBUG] debug-file - Incremental task entry:default@CompileResource pre-execution cost: 13 ms .
[2026-06-18T18:15:35.163] [DEBUG] debug-file - entry : default@CompileResource cost memory 1.0079116821289062
[2026-06-18T18:15:35.164] [INFO] debug-file - UP-TO-DATE :entry:default@CompileResource...  
[2026-06-18T18:15:35.165] [DEBUG] debug-file - Executing task :entry:default@DoNativeStrip
[2026-06-18T18:15:35.165] [DEBUG] debug-file - File: 'D:\audio-format-switch-master\audio-format-switch-master\entry\build\default\intermediates\binxo\default' from 'doBinxoNativeLibs' is not exists, just ignore.
[2026-06-18T18:15:35.165] [DEBUG] debug-file - Task 'entry:default@DoNativeStrip' cost while wrapping incremental declarations: 1 ms 
[2026-06-18T18:15:35.166] [DEBUG] debug-file - Incremental task entry:default@DoNativeStrip pre-execution cost: 1 ms .
[2026-06-18T18:15:35.166] [DEBUG] debug-file - entry : default@DoNativeStrip cost memory 0.0968170166015625
[2026-06-18T18:15:35.166] [INFO] debug-file - UP-TO-DATE :entry:default@DoNativeStrip...  
[2026-06-18T18:15:35.167] [DEBUG] debug-file - Executing task :entry:default@CompileArkTS
[2026-06-18T18:15:35.168] [DEBUG] debug-file - obfuscationOptions: undefined
[2026-06-18T18:15:35.169] [DEBUG] debug-file - Task 'entry:default@CompileArkTS' cost while wrapping incremental declarations: 1 ms 
[2026-06-18T18:15:35.177] [DEBUG] debug-file - entry:default@CompileArkTS is not up-to-date, since the input file 'D:\audio-format-switch-master\audio-format-switch-master\entry\src\main\ets' has been changed.
[2026-06-18T18:15:35.177] [DEBUG] debug-file - Incremental task entry:default@CompileArkTS pre-execution cost: 8 ms .
[2026-06-18T18:15:35.201] [DEBUG] debug-file - build config:
[2026-06-18T18:15:35.201] [DEBUG] debug-file - {
  moduleType: 'entry',
  perf: 0,
  targetName: '.default',
  packageManagerType: 'ohpm',
  localPropertiesPath: 'D:\\audio-format-switch-master\\audio-format-switch-master\\local.properties',
  isPreview: false,
  isOhosTest: false,
  isLocalTest: false,
  buildMode: 'Debug',
  hotReloadBuild: undefined,
  watchMode: 'false',
  aceProfilePath: 'D:\\audio-format-switch-master\\audio-format-switch-master\\entry\\build\\default\\intermediates\\res\\default\\resources\\base\\profile',
  etsLoaderPath: 'E:\\DevEco Studio\\sdk\\default\\openharmony\\ets\\build-tools\\ets-loader',
  modulePath: 'D:\\audio-format-switch-master\\audio-format-switch-master\\entry',
  testFrameworkPar: {
    testMode: undefined,
    coveragePathFilter: undefined,
    coverageMode: undefined
  },
  needCoverageInsert: false,
  debugLine: false,
  projectTopDir: 'D:\\audio-format-switch-master\\audio-format-switch-master',
  compileSdkVersion: 23,
  compatibleSdkVersion: 20,
  originCompatibleSdkVersion: '6.0.0(20)',
  compatibleSdkVersionStage: undefined,
  bundleName: 'c***h',
  etsLoaderVersion: '6.1.0.105',
  etsLoaderReleaseType: 'Release',
  aotCompileMode: 'type',
  apPath: 'D:\\audio-format-switch-master\\audio-format-switch-master\\entry\\modules.ap',
  entryModuleName: 'entry',
  entryModuleVersion: '1.0.0',
  entryPackageName: 'entry',
  allModuleNameHash: 'be3e1490a19bd8d07662eb3de867532949623b451f558485d971c2f27ee92973',
  externalApiPaths: [ 'E:\\DevEco Studio\\sdk\\default\\hms\\ets' ],
  compilerTypes: [],
  isCrossplatform: false,
  hvigorPluginFile: undefined,
  compilePluginPath: undefined,
  buildGeneratedProfilePath: 'D:\\audio-format-switch-master\\audio-format-switch-master\\entry\\build\\default\\generated\\profile\\default',
  bundleType: 'app',
  arkTSVersion: undefined,
  apiVersion: 23,
  needCompleteSourcesMap: false,
  isFaMode: false,
  buildDir: 'D:\\audio-format-switch-master\\audio-format-switch-master\\entry\\build',
  deviceTypes: [ 'phone' ],
  pkgContextInfo: {
    entry: {
      packageName: 'entry',
      bundleName: '*****',
      moduleName: '',
      version: '',
      entryPath: 'src/main/',
      isSO: false,
      dependencyAlias: ''
    }
  },
  ohPackagePathMap: {},
  dependencyAliasMap: {},
  permission: { requestPermissions: undefined, definePermissions: undefined },
  useGetCurrentBundleName: false,
  projectArkOption: undefined,
  sourceMapDir: undefined,
  branchElimination: false,
  transformLib: undefined,
  tsImportSendable: false,
  resolveConflictMode: true,
  depName2RootPath: {},
  depName2DepInfo: {},
  depName2OhExports: {},
  rootPathSet: [ 'D:\\audio-format-switch-master\\audio-format-switch-master' ],
  useNativeResolver: true,
  shouldEmitJs: true,
  useTscResolve: false,
  singleFileEmit: false,
  userProjectConfig: {
    autoLazyImport: false,
    allowEmptyBundleName: false,
    reExportCheckMode: 'noCheck',
    executionMode: 'memory',
    usePathPlaceholder: false,
    writeRollupCache: true,
    isExpandImportEnabled: false,
    expandImportExclude: '',
    lazyImportExclude: '',
    lazyImportInclude: '',
    ignoreCrossplatformCheck: false,
    isHarDeduplicateEnabled: false,
    skipOhModulesLint: false,
    enableStrictCheckOHModule: false,
    disableSendableCheckRules: [],
    useDeclarationFileSignature: false,
    customizedOptions: undefined,
    integratedHsp: false,
    isPreloadSoEnabled: false
  },
  executionMode: 'memory',
  arkCompileCachePath: 'D:\\audio-format-switch-master\\audio-format-switch-master\\entry\\build\\default\\cache\\default\\default@CompileArkTS\\esmodule',
  autoLazyFilter: undefined,
  isHarDeduplicateEnabled: false,
  intermediateHarDuplicateDirPath: 'D:\\audio-format-switch-master\\audio-format-switch-master\\entry\\build\\default\\intermediates\\har_duplicate\\default',
  autoLazyImport: false,
  allowEmptyBundleName: false,
  reExportCheckMode: 'noCheck',
  usePathPlaceholder: false,
  writeRollupCache: true,
  isExpandImportEnabled: false,
  expandImportExclude: '',
  lazyImportExclude: '',
  lazyImportInclude: '',
  ignoreCrossplatformCheck: false,
  skipOhModulesLint: false,
  enableStrictCheckOHModule: false,
  disableSendableCheckRules: [],
  useDeclarationFileSignature: false,
  customizedOptions: undefined,
  integratedHsp: false,
  isPreloadSoEnabled: false,
  strictMode: {
    caseSensitiveCheck: true,
    useNormalizedOHMUrl: true,
    noExternalImportByPath: true
  },
  useNormalizedOHMUrl: true,
  caseSensitiveCheck: true,
  aceModuleJsonPath: 'D:\\audio-format-switch-master\\audio-format-switch-master\\entry\\build\\default\\intermediates\\res\\default\\ark_module.json',
  appResource: 'D:\\audio-format-switch-master\\audio-format-switch-master\\entry\\build\\default\\intermediates\\res\\default\\ResourceTable.txt',
  rawFileResource: 'D:\\audio-format-switch-master\\audio-format-switch-master\\entry\\build\\default\\intermediates\\res\\default\\resources\\rawfile',
  resourceTableHash: '6c01846ec43f83dda3236b826ce3ee4717843f851a24bccd7722c8787b896537',
  runtimeOS: 'HarmonyOS',
  sdkInfo: 'false:23:6.1.0.105:Release',
  aceModuleRoot: 'D:\\audio-format-switch-master\\audio-format-switch-master\\entry\\src\\main\\ets',
  compileMode: 'esmodule',
  aceSuperVisualPath: 'D:\\audio-format-switch-master\\audio-format-switch-master\\entry\\src\\main\\supervisual',
  aceBuildJson: 'D:\\audio-format-switch-master\\audio-format-switch-master\\entry\\build\\default\\intermediates\\loader\\default\\loader.json',
  cachePath: 'D:\\audio-format-switch-master\\audio-format-switch-master\\entry\\build\\default\\cache\\default\\default@CompileArkTS\\esmodule\\debug',
  aceModuleBuild: 'D:\\audio-format-switch-master\\audio-format-switch-master\\entry\\build\\default\\intermediates\\loader_out\\default\\ets',
  supportChunks: true,
  declaredFilesPath: undefined,
  shouldCollectDirectImportees: false,
  isByteCodeHarOptimize: false,
  expandImportPath: undefined,
  resourceTableTs: 'D:\\audio-format-switch-master\\audio-format-switch-master\\entry\\build\\default\\generated\\r\\default\\ResourceTable.ts',
  moduleMetaInfoFiles: [
    {
      filePath: 'D:\\audio-format-switch-master\\audio-format-switch-master\\entry\\build\\default\\generated\\r\\default\\ResourceTable.ts',
      ohmurl: '&entry/build/generated/r/ResourceTable&'
    }
  ],
  pkgNameToPkgBriefInfo: {
    entry: {
      pkgRoot: 'D:\\audio-format-switch-master\\audio-format-switch-master\\entry',
      originalSourceRoots: undefined,
      sourceRoots: [Array],
      pkgName: 'entry'
    }
  },
  projectModel: {
    'D:\\audio-format-switch-master\\audio-format-switch-master\\entry\\src\\main': {
      moduleName: 'entry',
      modulePkgPath: 'D:\\audio-format-switch-master\\audio-format-switch-master\\entry',
      belongProjectPath: 'D:\\audio-format-switch-master\\audio-format-switch-master'
    },
    'D:\\audio-format-switch-master\\audio-format-switch-master\\entry': {
      moduleName: 'entry',
      modulePkgPath: 'D:\\audio-format-switch-master\\audio-format-switch-master\\entry',
      belongProjectPath: 'D:\\audio-format-switch-master\\audio-format-switch-master'
    },
    'D:\\audio-format-switch-master\\audio-format-switch-master': {
      moduleName: 'audio-format-switch-master',
      modulePkgPath: 'D:\\audio-format-switch-master\\audio-format-switch-master',
      belongProjectPath: 'D:\\audio-format-switch-master\\audio-format-switch-master'
    }
  },
  pkgJsonFileHash: '3988b0835bccf210dee13376ccba6999fb1b98adb421db068b476e7002ad0e2d',
  allModulePaths: [
    'D:\\audio-format-switch-master\\audio-format-switch-master\\entry'
  ],
  routerMap: {},
  obfuscationOptions: undefined,
  byteCodeHarToDependencyKeys: undefined,
  compileBlockPkg: [],
  mockParams: {
    decorator: '@MockSetup',
    packageName: '@ohos/hamock',
    etsSourceRootPath: 'src/main/ets',
    mockConfigPath: undefined,
    mockConfigKey2ModuleInfo: {},
    source2ModuleIdMap: {}
  },
  copyCodeResourceEnable: false,
  copyCodeResourceExcludes: [],
  copyCodeResourceIncludes: undefined,
  uiTransformOptimization: false,
  sdkPath: 'E:/DevEco Studio/sdk',
  needPreloadSoFileSet: {},
  preloadSoFilePath: 'D:\\audio-format-switch-master\\audio-format-switch-master\\entry\\build\\default\\intermediates\\preload\\default\\preload.json',
  useSourceHash: false,
  localModuleParamMap: {},
  otherPaths: {
    'entry/*': [
      '..\\*',
      '..\\..\\..\\build\\default\\generated\\profile\\default\\*'
    ]
  },
  collectImportersConfig: undefined
}
[2026-06-18T18:15:35.201] [DEBUG] debug-file - Compile arkts with external api path: E:\DevEco Studio\sdk\default\hms\ets
[2026-06-18T18:15:35.203] [DEBUG] debug-file - default@CompileArkTS work[0] is submitted.
[2026-06-18T18:15:35.203] [DEBUG] debug-file - default@CompileArkTS work[0] is pushed to ready queue.
[2026-06-18T18:15:35.204] [DEBUG] debug-file - A work dispatched to worker[23] failed because unable to get work from ready queue.
[2026-06-18T18:15:35.204] [DEBUG] debug-file - A work dispatched to worker[22] failed because unable to get work from ready queue.
[2026-06-18T18:15:35.204] [DEBUG] debug-file - A work dispatched to worker[21] failed because unable to get work from ready queue.
[2026-06-18T18:15:35.204] [DEBUG] debug-file - A work dispatched to worker[20] failed because unable to get work from ready queue.
[2026-06-18T18:15:35.204] [DEBUG] debug-file - A work dispatched to worker[19] failed because unable to get work from ready queue.
[2026-06-18T18:15:35.204] [DEBUG] debug-file - A work dispatched to worker[18] failed because unable to get work from ready queue.
[2026-06-18T18:15:35.204] [DEBUG] debug-file - A work dispatched to worker[17] failed because unable to get work from ready queue.
[2026-06-18T18:15:35.204] [DEBUG] debug-file - A work dispatched to worker[16] failed because unable to get work from ready queue.
[2026-06-18T18:15:35.204] [DEBUG] debug-file - A work dispatched to worker[15] failed because unable to get work from ready queue.
[2026-06-18T18:15:35.204] [DEBUG] debug-file - A work dispatched to worker[14] failed because unable to get work from ready queue.
[2026-06-18T18:15:35.204] [DEBUG] debug-file - A work dispatched to worker[13] failed because unable to get work from ready queue.
[2026-06-18T18:15:35.204] [DEBUG] debug-file - A work dispatched to worker[12] failed because unable to get work from ready queue.
[2026-06-18T18:15:35.204] [DEBUG] debug-file - A work dispatched to worker[11] failed because unable to get work from ready queue.
[2026-06-18T18:15:35.204] [DEBUG] debug-file - A work dispatched to worker[10] failed because unable to get work from ready queue.
[2026-06-18T18:15:35.204] [DEBUG] debug-file - A work dispatched to worker[9] failed because unable to get work from ready queue.
[2026-06-18T18:15:35.204] [DEBUG] debug-file - A work dispatched to worker[8] failed because unable to get work from ready queue.
[2026-06-18T18:15:35.204] [DEBUG] debug-file - A work dispatched to worker[7] failed because unable to get work from ready queue.
[2026-06-18T18:15:35.204] [DEBUG] debug-file - A work dispatched to worker[6] failed because unable to get work from ready queue.
[2026-06-18T18:15:35.204] [DEBUG] debug-file - A work dispatched to worker[5] failed because unable to get work from ready queue.
[2026-06-18T18:15:35.204] [DEBUG] debug-file - Create  resident worker with id: 4.
[2026-06-18T18:15:35.205] [DEBUG] debug-file - default@CompileArkTS work[0] has been dispatched to worker[4].
[2026-06-18T18:15:35.205] [DEBUG] debug-file - default@CompileArkTS work[0] is dispatched.
[2026-06-18T18:15:35.205] [DEBUG] debug-file - entry : default@CompileArkTS cost memory 2.6611328125
[2026-06-18T18:15:35.207] [DEBUG] debug-file - Executing task :entry:default@BuildJS
[2026-06-18T18:15:35.207] [DEBUG] debug-file - Task 'entry:default@BuildJS' cost while wrapping incremental declarations: 1 ms 
[2026-06-18T18:15:35.210] [DEBUG] debug-file - entry : default@BuildJS cost memory 0.165435791015625
[2026-06-18T18:15:35.210] [DEBUG] debug-file - runTaskFromQueue task cost before running: 15 s 762 ms 
[2026-06-18T18:15:35.211] [INFO] debug-file - Finished :entry:default@BuildJS... after 4 ms 
[2026-06-18T18:15:35.212] [DEBUG] debug-file - Executing task :entry:default@CacheNativeLibs
[2026-06-18T18:15:35.212] [DEBUG] debug-file - File: 'D:\audio-format-switch-master\audio-format-switch-master\entry\build\default\intermediates\binxo\default' from 'cacheBinxoNativeLibs' is not exists, just ignore.
[2026-06-18T18:15:35.213] [DEBUG] debug-file - Task 'entry:default@CacheNativeLibs' cost while wrapping incremental declarations: 1 ms 
[2026-06-18T18:15:35.214] [DEBUG] debug-file - Incremental task entry:default@CacheNativeLibs pre-execution cost: 2 ms .
[2026-06-18T18:15:35.214] [DEBUG] debug-file - entry : default@CacheNativeLibs cost memory 0.1295318603515625
[2026-06-18T18:15:35.214] [INFO] debug-file - UP-TO-DATE :entry:default@CacheNativeLibs...  
[2026-06-18T18:15:52.400] [DEBUG] debug-file - Ark compile task finished.finished time is 1368883533510000
[2026-06-18T18:15:52.401] [DEBUG] debug-file - worker[4] has one work done.
[2026-06-18T18:15:52.404] [DEBUG] debug-file - default@CompileArkTS work[0] done.
[2026-06-18T18:15:52.406] [DEBUG] debug-file - A work dispatched to worker[4] failed because unable to get work from ready queue.
[2026-06-18T18:15:52.409] [INFO] debug-file - Finished :entry:default@CompileArkTS... after 15 s 438 ms 
[2026-06-18T18:15:52.410] [DEBUG] debug-file - Executing task :entry:default@GeneratePkgModuleJson
[2026-06-18T18:15:52.411] [DEBUG] debug-file - File: 'D:\audio-format-switch-master\audio-format-switch-master\entry\build\default\intermediates\preload\default\preload.json' from 'preloadSoJsonPath' is not exists, just ignore.
[2026-06-18T18:15:52.411] [DEBUG] debug-file - Error occurs while handling @Input 'shouldDeduplicateHar': The "data" argument must be of type string or an instance of Buffer, TypedArray, or DataView. Received undefined
[2026-06-18T18:15:52.411] [DEBUG] debug-file - Task 'entry:default@GeneratePkgModuleJson' cost while wrapping incremental declarations: 2 ms 
[2026-06-18T18:15:52.412] [DEBUG] debug-file - Incremental task entry:default@GeneratePkgModuleJson pre-execution cost: 1 ms .
[2026-06-18T18:15:52.413] [DEBUG] debug-file - entry : default@GeneratePkgModuleJson cost memory 0.11937713623046875
[2026-06-18T18:15:52.413] [INFO] debug-file - UP-TO-DATE :entry:default@GeneratePkgModuleJson...  
[2026-06-18T18:15:52.414] [DEBUG] debug-file - Executing task :entry:default@ProcessCompiledResources
[2026-06-18T18:15:52.414] [DEBUG] debug-file - File: 'D:\audio-format-switch-master\audio-format-switch-master\entry\build\default\intermediates\preload\default\preload.json' from 'preloadSoJsonPath' is not exists, just ignore.
[2026-06-18T18:15:52.414] [DEBUG] debug-file - Task 'entry:default@ProcessCompiledResources' cost while wrapping incremental declarations: 1 ms 
[2026-06-18T18:15:52.414] [DEBUG] debug-file - entry : default@ProcessCompiledResources cost memory 0.06322479248046875
[2026-06-18T18:15:52.414] [DEBUG] debug-file - runTaskFromQueue task cost before running: 32 s 965 ms 
[2026-06-18T18:15:52.414] [INFO] debug-file - Finished :entry:default@ProcessCompiledResources... after 1 ms 
[2026-06-18T18:15:52.416] [DEBUG] debug-file - Executing task :entry:default@PackageHap
[2026-06-18T18:15:52.424] [DEBUG] debug-file - entry:default@PackageHap is not up-to-date, since the input file 'D:\audio-format-switch-master\audio-format-switch-master\entry\build\default\intermediates\loader_out\default\ets' has been changed.
[2026-06-18T18:15:52.424] [DEBUG] debug-file - Incremental task entry:default@PackageHap pre-execution cost: 7 ms .
[2026-06-18T18:15:52.425] [DEBUG] debug-file - Use tool [E:\DevEco Studio\sdk\default\openharmony\toolchains\lib\app_packing_tool.jar]
 [
  'java',
  '-Dfile.encoding=GBK',
  '-jar',
  'E:\\DevEco Studio\\sdk\\default\\openharmony\\toolchains\\lib\\app_packing_tool.jar',
  '--mode',
  'hap',
  '--force',
  'true',
  '--lib-path',
  'D:\\audio-format-switch-master\\audio-format-switch-master\\entry\\build\\default\\intermediates\\stripped_native_libs\\default',
  '--json-path',
  'D:\\audio-format-switch-master\\audio-format-switch-master\\entry\\build\\default\\intermediates\\package\\default\\module.json',
  '--resources-path',
  'D:\\audio-format-switch-master\\audio-format-switch-master\\entry\\build\\default\\intermediates\\res\\default\\resources',
  '--index-path',
  'D:\\audio-format-switch-master\\audio-format-switch-master\\entry\\build\\default\\intermediates\\res\\default\\resources.index',
  '--pack-info-path',
  'D:\\audio-format-switch-master\\audio-format-switch-master\\entry\\build\\default\\outputs\\default\\pack.info',
  '--out-path',
  'D:\\audio-format-switch-master\\audio-format-switch-master\\entry\\build\\default\\outputs\\default\\entry-default-unsigned.hap',
  '--ets-path',
  'D:\\audio-format-switch-master\\audio-format-switch-master\\entry\\build\\default\\intermediates\\loader_out\\default\\ets',
  '--pkg-context-path',
  'D:\\audio-format-switch-master\\audio-format-switch-master\\entry\\build\\default\\intermediates\\loader\\default\\pkgContextInfo.json'
]
[2026-06-18T18:15:52.426] [DEBUG] debug-file - default@PackageHap work[1] is submitted.
[2026-06-18T18:15:52.426] [DEBUG] debug-file - default@PackageHap work[1] is pushed to ready queue.
[2026-06-18T18:15:52.426] [DEBUG] debug-file - A work dispatched to worker[23] failed because unable to get work from ready queue.
[2026-06-18T18:15:52.426] [DEBUG] debug-file - Create  resident worker with id: 22.
[2026-06-18T18:15:52.427] [DEBUG] debug-file - default@PackageHap work[1] has been dispatched to worker[22].
[2026-06-18T18:15:52.427] [DEBUG] debug-file - default@PackageHap work[1] is dispatched.
[2026-06-18T18:15:52.429] [DEBUG] debug-file - entry : default@PackageHap cost memory 0.0791015625
[2026-06-18T18:15:53.209] [DEBUG] debug-file - current process  memoryUsage: {
  rss: 609681408,
  heapTotal: 81035264,
  heapUsed: 49248288,
  external: 2341412,
  arrayBuffers: 99735
} os memoryUsage :13.58059310913086
[2026-06-18T18:15:53.811] [DEBUG] debug-file - worker[22] has one work done.
[2026-06-18T18:15:53.811] [DEBUG] debug-file - default@PackageHap work[1] done.
[2026-06-18T18:15:53.811] [DEBUG] debug-file - A work dispatched to worker[22] failed because unable to get work from ready queue.
[2026-06-18T18:15:53.812] [INFO] debug-file - Finished :entry:default@PackageHap... after 617 ms 
[2026-06-18T18:15:53.814] [DEBUG] debug-file - Executing task :entry:default@PackingCheck
[2026-06-18T18:15:53.821] [DEBUG] debug-file - entry : default@PackingCheck cost memory -0.1257476806640625
[2026-06-18T18:15:53.821] [DEBUG] debug-file - runTaskFromQueue task cost before running: 34 s 372 ms 
[2026-06-18T18:15:53.821] [INFO] debug-file - Finished :entry:default@PackingCheck... after 8 ms 
[2026-06-18T18:15:53.822] [DEBUG] debug-file - Executing task :entry:default@SignHap
[2026-06-18T18:15:53.822] [WARN] debug-file - Will skip sign 'hos_hap'. No signingConfigs profile is configured in current project.
             If needed, configure the signingConfigs in D:\audio-format-switch-master\audio-format-switch-master\build-profile.json5.
[2026-06-18T18:15:53.823] [DEBUG] debug-file - entry:default@SignHap is not up-to-date, since the input file 'D:\audio-format-switch-master\audio-format-switch-master\entry\build\default\outputs\default\entry-default-unsigned.hap' has been changed.
[2026-06-18T18:15:53.823] [DEBUG] debug-file - Incremental task entry:default@SignHap pre-execution cost: 1 ms .
[2026-06-18T18:15:53.824] [DEBUG] debug-file - entry : default@SignHap cost memory 0.10341644287109375
[2026-06-18T18:15:53.824] [DEBUG] debug-file - runTaskFromQueue task cost before running: 34 s 375 ms 
[2026-06-18T18:15:53.824] [INFO] debug-file - Finished :entry:default@SignHap... after 2 ms 
[2026-06-18T18:15:53.824] [DEBUG] debug-file - Executing task :entry:default@CollectDebugSymbol
[2026-06-18T18:15:53.825] [DEBUG] debug-file - entry : default@CollectDebugSymbol cost memory 0.09366607666015625
[2026-06-18T18:15:53.825] [DEBUG] debug-file - runTaskFromQueue task cost before running: 34 s 376 ms 
[2026-06-18T18:15:53.825] [INFO] debug-file - Finished :entry:default@CollectDebugSymbol... after 1 ms 
[2026-06-18T18:15:53.826] [DEBUG] debug-file - Executing task :entry:assembleHap
[2026-06-18T18:15:53.826] [DEBUG] debug-file - entry : assembleHap cost memory 0.0128326416015625
[2026-06-18T18:15:53.826] [DEBUG] debug-file - runTaskFromQueue task cost before running: 34 s 377 ms 
[2026-06-18T18:15:53.826] [INFO] debug-file - Finished :entry:assembleHap... after 1 ms 
[2026-06-18T18:15:53.843] [INFO] debug-file - BUILD SUCCESSFUL in 34 s 394 ms 
[2026-06-18T18:15:53.843] [DEBUG] debug-file - There is no need to refresh cache, since the incremental task entry:default@PreBuild is up-to-date.
[2026-06-18T18:15:53.843] [DEBUG] debug-file - Update task entry:default@CreateModuleInfo output file:D:\audio-format-switch-master\audio-format-switch-master\entry\build\default\generated\profile\default\ModuleInfo.ts cache.
[2026-06-18T18:15:53.843] [DEBUG] debug-file - Incremental task entry:default@CreateModuleInfo post-execution cost:1 ms .
[2026-06-18T18:15:53.844] [DEBUG] debug-file - There is no need to refresh cache, since the incremental task entry:default@GenerateMetadata is up-to-date.
[2026-06-18T18:15:53.844] [DEBUG] debug-file - There is no need to refresh cache, since the incremental task entry:default@MergeProfile is up-to-date.
[2026-06-18T18:15:53.844] [DEBUG] debug-file - There is no need to refresh cache, since the incremental task entry:default@CreateBuildProfile is up-to-date.
[2026-06-18T18:15:53.844] [DEBUG] debug-file - There is no need to refresh cache, since the incremental task entry:default@GeneratePkgContextInfo is up-to-date.
[2026-06-18T18:15:53.844] [DEBUG] debug-file - Update task entry:default@GeneratePkgSdkInfo output file:D:\audio-format-switch-master\audio-format-switch-master\entry\build\default\intermediates\loader\default\pkgSdkInfo.json cache.
[2026-06-18T18:15:53.844] [DEBUG] debug-file - Incremental task entry:default@GeneratePkgSdkInfo post-execution cost:1 ms .
[2026-06-18T18:15:53.844] [DEBUG] debug-file - Update task entry:default@ProcessIntegratedHsp output file:D:\audio-format-switch-master\audio-format-switch-master\build\cache\default\integrated_hsp\integratedHspCache.json cache.
[2026-06-18T18:15:53.844] [DEBUG] debug-file - Incremental task entry:default@ProcessIntegratedHsp post-execution cost:1 ms .
[2026-06-18T18:15:53.844] [DEBUG] debug-file - There is no need to refresh cache, since the incremental task entry:default@MakePackInfo is up-to-date.
[2026-06-18T18:15:53.844] [DEBUG] debug-file - Update task entry:default@SyscapTransform input file:E:\DevEco Studio\sdk\default\openharmony\toolchains\syscap_tool.exe cache by regenerate.
[2026-06-18T18:15:53.844] [DEBUG] debug-file - Update task entry:default@SyscapTransform input file:E:\DevEco Studio\sdk\default\openharmony\ets\api\device-define cache by regenerate.
[2026-06-18T18:15:53.845] [DEBUG] debug-file - Update task entry:default@SyscapTransform output file:D:\audio-format-switch-master\audio-format-switch-master\entry\build\default\intermediates\syscap\default\rpcid.sc cache.
[2026-06-18T18:15:53.846] [DEBUG] debug-file - Incremental task entry:default@SyscapTransform post-execution cost:2 ms .
[2026-06-18T18:15:53.846] [DEBUG] debug-file - There is no need to refresh cache, since the incremental task entry:default@ProcessProfile is up-to-date.
[2026-06-18T18:15:53.846] [DEBUG] debug-file - There is no need to refresh cache, since the incremental task entry:default@ProcessRouterMap is up-to-date.
[2026-06-18T18:15:53.846] [DEBUG] debug-file - There is no need to refresh cache, since the incremental task entry:default@ProcessShareConfig is up-to-date.
[2026-06-18T18:15:53.846] [DEBUG] debug-file - Update task entry:default@ProcessStartupConfig input file:D:\audio-format-switch-master\audio-format-switch-master\entry\build\default\intermediates\loader\default\pkgContextInfo.json cache by regenerate.
[2026-06-18T18:15:53.847] [DEBUG] debug-file - Update task entry:default@ProcessStartupConfig output file:D:\audio-format-switch-master\audio-format-switch-master\entry\build\default\intermediates\startup\default\startup_config.json cache.
[2026-06-18T18:15:53.847] [DEBUG] debug-file - Incremental task entry:default@ProcessStartupConfig post-execution cost:1 ms .
[2026-06-18T18:15:53.847] [DEBUG] debug-file - There is no need to refresh cache, since the incremental task entry:default@ProcessResource is up-to-date.
[2026-06-18T18:15:53.847] [DEBUG] debug-file - There is no need to refresh cache, since the incremental task entry:default@GenerateLoaderJson is up-to-date.
[2026-06-18T18:15:53.847] [DEBUG] debug-file - There is no need to refresh cache, since the incremental task entry:default@ProcessLibs is up-to-date.
[2026-06-18T18:15:53.847] [DEBUG] debug-file - There is no need to refresh cache, since the incremental task entry:default@CompileResource is up-to-date.
[2026-06-18T18:15:53.847] [DEBUG] debug-file - There is no need to refresh cache, since the incremental task entry:default@DoNativeStrip is up-to-date.
[2026-06-18T18:15:53.848] [DEBUG] debug-file - Update task entry:default@CompileArkTS input file:D:\audio-format-switch-master\audio-format-switch-master\entry\build\default\intermediates\loader\default cache by regenerate.
[2026-06-18T18:15:53.849] [DEBUG] debug-file - Update task entry:default@CompileArkTS input file:D:\audio-format-switch-master\audio-format-switch-master\entry\build\default\intermediates\res\default\resources\rawfile cache by regenerate.
[2026-06-18T18:15:53.850] [DEBUG] debug-file - Update task entry:default@CompileArkTS input file:D:\audio-format-switch-master\audio-format-switch-master\entry\build\default\intermediates\res\default\ResourceTable.txt cache by regenerate.
[2026-06-18T18:15:53.850] [DEBUG] debug-file - Update task entry:default@CompileArkTS input file:D:\audio-format-switch-master\audio-format-switch-master\entry\build\default\intermediates\res\default\ark_module.json cache by regenerate.
[2026-06-18T18:15:53.850] [DEBUG] debug-file - Update task entry:default@CompileArkTS input file:D:\audio-format-switch-master\audio-format-switch-master\entry\build\default\intermediates\res\default\resources\base\profile cache by regenerate.
[2026-06-18T18:15:53.851] [DEBUG] debug-file - Update task entry:default@CompileArkTS input file:D:\audio-format-switch-master\audio-format-switch-master\entry\src\main\ets cache from map.
[2026-06-18T18:15:53.851] [DEBUG] debug-file - Update task entry:default@CompileArkTS input file:D:\audio-format-switch-master\audio-format-switch-master\entry\build\default\intermediates\loader\default\pkgContextInfo.json cache by regenerate.
[2026-06-18T18:15:53.851] [DEBUG] debug-file - Update task entry:default@CompileArkTS input file:D:\audio-format-switch-master\audio-format-switch-master\entry\build\default\generated\profile\default\BuildProfile.ets cache by regenerate.
[2026-06-18T18:15:53.852] [DEBUG] debug-file - Update task entry:default@CompileArkTS output file:D:\audio-format-switch-master\audio-format-switch-master\entry\build\default\intermediates\loader_out\default\ets cache.
[2026-06-18T18:15:53.852] [DEBUG] debug-file - Incremental task entry:default@CompileArkTS post-execution cost:5 ms .
[2026-06-18T18:15:53.853] [DEBUG] debug-file - Update task entry:default@BuildJS input file:D:\audio-format-switch-master\audio-format-switch-master\entry\build\default\intermediates\loader\default cache by regenerate.
[2026-06-18T18:15:53.853] [DEBUG] debug-file - Update task entry:default@BuildJS input file:D:\audio-format-switch-master\audio-format-switch-master\entry\build\default\intermediates\res\default\resources\rawfile cache by regenerate.
[2026-06-18T18:15:53.854] [DEBUG] debug-file - Update task entry:default@BuildJS input file:D:\audio-format-switch-master\audio-format-switch-master\entry\build\default\intermediates\res\default\ResourceTable.txt cache by regenerate.
[2026-06-18T18:15:53.854] [DEBUG] debug-file - Update task entry:default@BuildJS input file:D:\audio-format-switch-master\audio-format-switch-master\entry\build\default\intermediates\res\default\ark_module.json cache by regenerate.
[2026-06-18T18:15:53.854] [DEBUG] debug-file - Update task entry:default@BuildJS input file:D:\audio-format-switch-master\audio-format-switch-master\entry\build\default\intermediates\res\default\resources\base\profile cache by regenerate.
[2026-06-18T18:15:53.855] [DEBUG] debug-file - Update task entry:default@BuildJS input file:D:\audio-format-switch-master\audio-format-switch-master\entry\build\default\intermediates\loader\default\pkgContextInfo.json cache by regenerate.
[2026-06-18T18:15:53.855] [DEBUG] debug-file - Update task entry:default@BuildJS output file:D:\audio-format-switch-master\audio-format-switch-master\entry\build\default\intermediates\loader_out\default\js cache.
[2026-06-18T18:15:53.855] [DEBUG] debug-file - Incremental task entry:default@BuildJS post-execution cost:4 ms .
[2026-06-18T18:15:53.855] [DEBUG] debug-file - There is no need to refresh cache, since the incremental task entry:default@CacheNativeLibs is up-to-date.
[2026-06-18T18:15:53.855] [DEBUG] debug-file - There is no need to refresh cache, since the incremental task entry:default@GeneratePkgModuleJson is up-to-date.
[2026-06-18T18:15:53.856] [DEBUG] debug-file - Incremental task entry:default@ProcessCompiledResources post-execution cost:1 ms .
[2026-06-18T18:15:53.856] [DEBUG] debug-file - Update task entry:default@PackageHap input file:D:\audio-format-switch-master\audio-format-switch-master\entry\build\default\intermediates\stripped_native_libs\default cache by regenerate.
[2026-06-18T18:15:53.856] [DEBUG] debug-file - Update task entry:default@PackageHap input file:D:\audio-format-switch-master\audio-format-switch-master\entry\build\default\intermediates\res\default\module.json cache by regenerate.
[2026-06-18T18:15:53.857] [DEBUG] debug-file - Update task entry:default@PackageHap input file:D:\audio-format-switch-master\audio-format-switch-master\entry\build\default\intermediates\res\default\resources cache by regenerate.
[2026-06-18T18:15:53.860] [DEBUG] debug-file - Update task entry:default@PackageHap input file:D:\audio-format-switch-master\audio-format-switch-master\entry\build\default\intermediates\res\default\resources.index cache by regenerate.
[2026-06-18T18:15:53.861] [DEBUG] debug-file - Update task entry:default@PackageHap input file:D:\audio-format-switch-master\audio-format-switch-master\entry\build\default\outputs\default\pack.info cache by regenerate.
[2026-06-18T18:15:53.861] [DEBUG] debug-file - Update task entry:default@PackageHap input file:D:\audio-format-switch-master\audio-format-switch-master\entry\build\default\intermediates\loader_out\default\ets cache from map.
[2026-06-18T18:15:53.861] [DEBUG] debug-file - Update task entry:default@PackageHap input file:D:\audio-format-switch-master\audio-format-switch-master\entry\build\default\intermediates\loader\default\pkgContextInfo.json cache by regenerate.
[2026-06-18T18:15:53.861] [DEBUG] debug-file - Update task entry:default@PackageHap input file:D:\audio-format-switch-master\audio-format-switch-master\entry\build\default\intermediates\loader_out\default\ets\sourceMaps.map cache by regenerate.
[2026-06-18T18:15:53.861] [DEBUG] debug-file - Update task entry:default@PackageHap input file:D:\audio-format-switch-master\audio-format-switch-master\entry\build\default\generated\profile\default\BuildProfile.ets cache by regenerate.
[2026-06-18T18:15:53.862] [DEBUG] debug-file - Update task entry:default@PackageHap output file:D:\audio-format-switch-master\audio-format-switch-master\entry\build\default\outputs\default\entry-default-unsigned.hap cache.
[2026-06-18T18:15:53.862] [DEBUG] debug-file - Update task entry:default@PackageHap output file:D:\audio-format-switch-master\audio-format-switch-master\entry\build\default\intermediates\source_map\default\sourceMaps.map cache.
[2026-06-18T18:15:53.862] [DEBUG] debug-file - Update task entry:default@PackageHap output file:D:\audio-format-switch-master\audio-format-switch-master\entry\build\default\outputs\default\mapping\sourceMaps.map cache.
[2026-06-18T18:15:53.863] [DEBUG] debug-file - Incremental task entry:default@PackageHap post-execution cost:8 ms .
[2026-06-18T18:15:53.864] [DEBUG] debug-file - Update task entry:default@SignHap input file:D:\audio-format-switch-master\audio-format-switch-master\entry\build\default\outputs\default\entry-default-unsigned.hap cache from map.
[2026-06-18T18:15:53.865] [DEBUG] debug-file - Update task entry:default@SignHap output file:D:\audio-format-switch-master\audio-format-switch-master\entry\build\default\outputs\default\entry-default-signed.hap cache.
[2026-06-18T18:15:53.865] [DEBUG] debug-file - Incremental task entry:default@SignHap post-execution cost:2 ms .
[2026-06-18T18:15:53.865] [DEBUG] debug-file - Update task entry:default@CollectDebugSymbol input file:D:\audio-format-switch-master\audio-format-switch-master\entry\build\default\intermediates\loader_out\default\ets\sourceMaps.map cache by regenerate.
[2026-06-18T18:15:53.866] [DEBUG] debug-file - Update task entry:default@CollectDebugSymbol input file:D:\audio-format-switch-master\audio-format-switch-master\entry\build\default\intermediates\libs\default cache by regenerate.
[2026-06-18T18:15:53.867] [DEBUG] debug-file - Update task entry:default@CollectDebugSymbol output file:D:\audio-format-switch-master\audio-format-switch-master\entry\build\default\outputs\default\symbol cache.
[2026-06-18T18:15:53.867] [DEBUG] debug-file - Incremental task entry:default@CollectDebugSymbol post-execution cost:3 ms .
[2026-06-18T18:15:53.895] [DEBUG] debug-file - Cleanup worker 0.
[2026-06-18T18:15:53.896] [DEBUG] debug-file - Worker 0 has been cleaned up.
[2026-06-18T18:15:53.896] [DEBUG] debug-file - Current idle worker size: 3.
[2026-06-18T18:15:53.896] [DEBUG] debug-file - Current resident worker size: 4.
[2026-06-18T18:15:53.896] [DEBUG] debug-file - Cleanup worker 1.
[2026-06-18T18:15:53.896] [DEBUG] debug-file - Worker 1 has been cleaned up.
[2026-06-18T18:15:53.896] [DEBUG] debug-file - Current idle worker size: 2.
[2026-06-18T18:15:53.896] [DEBUG] debug-file - Current resident worker size: 4.
[2026-06-18T18:15:53.896] [DEBUG] debug-file - Cleanup worker 22.
[2026-06-18T18:15:53.896] [DEBUG] debug-file - Worker 22 has been cleaned up.
[2026-06-18T18:15:53.896] [DEBUG] debug-file - Current idle worker size: 1.
[2026-06-18T18:15:53.896] [DEBUG] debug-file - Current resident worker size: 4.
[2026-06-18T18:15:53.897] [DEBUG] debug-file - hvigor build process will be closed.
[2026-06-18T18:15:53.899] [DEBUG] debug-file - session manager: send message to worker process.
[2026-06-18T18:15:53.899] [DEBUG] debug-file - session manager: send message to worker process.
[2026-06-18T18:15:53.900] [DEBUG] debug-file - watch worker: worker id should be larger than 0. Nothing will be sent to any worker thread.
[2026-06-18T18:15:53.900] [DEBUG] debug-file - watch worker: worker id should be larger than 0. Nothing will be sent to any worker thread.
[2026-06-18T18:15:53.901] [DEBUG] debug-file - worker[0] exits with exit code 1.
[2026-06-18T18:15:53.902] [DEBUG] debug-file - worker[1] exits with exit code 1.
[2026-06-18T18:15:53.914] [DEBUG] debug-file - worker[22] exits with exit code 1.
[2026-06-21T14:53:40.221] [DEBUG] debug-file - hvigor java daemon: Starting java daemon. jvmXmxValue=512m, jarPath=E:\DevEco Studio\tools\hvigor\hvigor\lib\hvigor-java-daemon.jar
[2026-06-21T14:53:40.237] [DEBUG] debug-file - hvigor java daemon: Read cache file, 
    port=45050, pid=32948, sessionId exists=true
[2026-06-21T14:53:40.255] [DEBUG] debug-file - hvigor java daemon: tryConnect failed, Error: connect ECONNREFUSED 127.0.0.1:45050, will start new daemon
[2026-06-21T14:53:40.307] [DEBUG] debug-file - java daemon started at port 45050 pid 36368
[2026-06-21T14:53:37.781] [DEBUG] debug-file - env: nodejsVersion=v18.20.1
[2026-06-21T14:53:37.934] [DEBUG] debug-file - env: daemon=true
[2026-06-21T14:53:37.785] [DEBUG] debug-file - env: hvigor-config.json5 content = {
  modelVersion: '6.0.0',
  dependencies: {},
  execution: {},
  logging: {},
  debugging: {},
  nodeOptions: {}
}
[2026-06-21T14:53:41.220] [DEBUG] debug-file - session manager: set active socket. socketId=NZSv67yFLU-EiB9dAAAB
[2026-06-21T14:53:41.231] [DEBUG] debug-file - watch worker: worker id should be larger than 0. Nothing will be sent to any worker thread.
[2026-06-21T14:53:41.234] [DEBUG] debug-file - Since there is no instance or instance is terminated, create a new worker pool.
[2026-06-21T14:53:41.234] [DEBUG] debug-file - Worker pool is initialized with config:  {
  minPoolNum: 2,
  maxPoolNum: undefined,
  maxCoreSize: undefined,
  cacheCapacity: undefined,
  cacheTtl: undefined
}
[2026-06-21T14:53:41.235] [DEBUG] debug-file - Create  resident worker with id: 0.
[2026-06-21T14:53:41.237] [DEBUG] debug-file - Create  resident worker with id: 1.
[2026-06-21T14:53:41.238] [DEBUG] debug-file - Workers' log level updated to INFO
[2026-06-21T14:53:41.245] [DEBUG] debug-file - Hvigor init with startParameters:{
  hvigorfileTypeCheck: false,
  parallelExecution: true,
  incrementalExecution: true,
  printStackTrace: false,
  daemon: true,
  analyze: 0,
  logLevel: Level { level: 20000, levelStr: 'INFO', colour: 'green' },
  optimizationStrategy: 'memory',
  hotCompile: undefined,
  hotReloadBuild: undefined,
  customizedParam: undefined
}
[2026-06-21T14:53:41.249] [DEBUG] debug-file - Cache service initialization finished in 4 ms 
[2026-06-21T14:53:41.251] [DEBUG] debug-file - hvigorfile, resolving D:\audio-format-switch-master\audio-format-switch-master\hvigorfile.ts
[2026-06-21T14:54:00.130] [DEBUG] debug-file - hvigorfile, require result:  { default: { plugins: [] } }
[2026-06-21T14:54:00.131] [DEBUG] debug-file - hvigorfile, binding system plugins null
[2026-06-21T14:54:00.131] [DEBUG] debug-file - Starting plugin build process
[2026-06-21T14:54:00.131] [DEBUG] debug-file - App plugin prepare start...
[2026-06-21T14:54:00.131] [DEBUG] debug-file - App plugin prepare end...
[2026-06-21T14:54:00.132] [DEBUG] debug-file - App plugin creating...
[2026-06-21T14:54:00.328] [DEBUG] debug-file - App plugin register hook start...
[2026-06-21T14:54:00.328] [DEBUG] debug-file - App plugin register hook end...
[2026-06-21T14:54:00.329] [DEBUG] debug-file - Plugin build process completed
[2026-06-21T14:54:00.329] [DEBUG] debug-file - Start initialize project's product build option map with build mode debug.
[2026-06-21T14:54:00.329] [DEBUG] debug-file - Picking option from product 'default' with build mode 'debug'.
[2026-06-21T14:54:00.330] [DEBUG] debug-file - Product 'default' build option initialized
[2026-06-21T14:54:00.330] [DEBUG] debug-file - End initialize project's product build option map with build mode 'debug'.
[2026-06-21T14:54:00.331] [DEBUG] debug-file - Obtain build option for product 'default'in this build.
[2026-06-21T14:54:00.332] [DEBUG] debug-file - No signingConfig found, initRemoteHspCache failed.
[2026-06-21T14:54:00.334] [DEBUG] debug-file - Local scan or download HarmonyOS sdk components toolchains,ets,js,native,previewer
[2026-06-21T14:54:00.337] [DEBUG] debug-file - Local scan or download hmscore sdk components toolchains,ets,native
[2026-06-21T14:54:00.340] [DEBUG] debug-file - Start recording SDK configuration permission data.
[2026-06-21T14:54:00.374] [DEBUG] debug-file - Sdk init in 41 ms 
[2026-06-21T14:54:00.380] [DEBUG] debug-file - Project task initialization takes 5 ms 
[2026-06-21T14:54:00.381] [DEBUG] debug-file - hvigorfile, begin to bind custom plugins...
[2026-06-21T14:54:00.381] [DEBUG] debug-file - hvigorfile, no custom plugins were found in D:\audio-format-switch-master\audio-format-switch-master\hvigorfile.ts
[2026-06-21T14:54:00.381] [DEBUG] debug-file - hvigorfile, resolve finished D:\audio-format-switch-master\audio-format-switch-master\hvigorfile.ts
[2026-06-21T14:54:00.382] [DEBUG] debug-file - hvigorfile, resolving D:\audio-format-switch-master\audio-format-switch-master\entry\hvigorfile.ts
[2026-06-21T14:54:00.387] [DEBUG] debug-file - hvigorfile, require result:  { default: { plugins: [] } }
[2026-06-21T14:54:00.387] [DEBUG] debug-file - hvigorfile, binding system plugins null
[2026-06-21T14:54:00.387] [DEBUG] debug-file - Starting plugin build process
[2026-06-21T14:54:00.387] [DEBUG] debug-file - Hap plugin creating...
[2026-06-21T14:54:00.388] [DEBUG] debug-file - failed to load cangjie to dynamically generate schemas: Error: Cannot find module '@ohos/cangjie-build-support/index'
Require stack:
- E:\DevEco Studio\tools\hvigor\hvigor-ohos-plugin\src\plugin\hooks\cangjie-register.js
- E:\DevEco Studio\tools\hvigor\hvigor-ohos-plugin\src\plugin\strategy\stage-init-strategy.js
- E:\DevEco Studio\tools\hvigor\hvigor-ohos-plugin\src\plugin\builder\abstract-plugin-builder.js
- E:\DevEco Studio\tools\hvigor\hvigor-ohos-plugin\src\plugin\builder\app-plugin-builder.js
- E:\DevEco Studio\tools\hvigor\hvigor-ohos-plugin\src\plugin\factory\plugin-factory.js
- E:\DevEco Studio\tools\hvigor\hvigor-ohos-plugin\index.js
- D:\audio-format-switch-master\audio-format-switch-master\hvigorfile.ts
- E:\DevEco Studio\tools\hvigor\hvigor\src\base\internal\lifecycle\configuration.js
- E:\DevEco Studio\tools\hvigor\hvigor\src\base\boot\index.js
- E:\DevEco Studio\tools\hvigor\hvigor\src\base\daemon\cluster\worker-process-lifecycle.js
- E:\DevEco Studio\tools\hvigor\hvigor\src\base\daemon\process\daemon-process-boot-script.js
[2026-06-21T14:54:00.400] [DEBUG] debug-file - Start initialize module-target build option map, moduleName=entry, buildMode=release
[2026-06-21T14:54:00.400] [DEBUG] debug-file - Target 'default' config initialized
[2026-06-21T14:54:00.401] [DEBUG] debug-file - Module 'entry' target 'default' build option initialized
[2026-06-21T14:54:00.401] [DEBUG] debug-file - End initialize module-target build option map, moduleName=entry
[2026-06-21T14:54:00.401] [DEBUG] debug-file - Start initialize module-target build option map, moduleName=entry, buildMode=debug
[2026-06-21T14:54:00.401] [DEBUG] debug-file - Target 'default' config initialized
[2026-06-21T14:54:00.401] [DEBUG] debug-file - Module 'entry' target 'default' build option initialized
[2026-06-21T14:54:00.401] [DEBUG] debug-file - End initialize module-target build option map, moduleName=entry
[2026-06-21T14:54:00.401] [DEBUG] debug-file - Start initialize module-target build option map, moduleName=entry, buildMode=debug
[2026-06-21T14:54:00.402] [DEBUG] debug-file - Target 'default' config initialized
[2026-06-21T14:54:00.402] [DEBUG] debug-file - Module 'entry' target 'default' build option initialized
[2026-06-21T14:54:00.402] [DEBUG] debug-file - End initialize module-target build option map, moduleName=entry
[2026-06-21T14:54:00.402] [DEBUG] debug-file - Obtain build option for module 'entry' target 'default'in this build.
[2026-06-21T14:54:00.405] [DEBUG] debug-file - Module entry task initialization takes 3 ms 
[2026-06-21T14:54:00.406] [DEBUG] debug-file - Hap plugin register hook start...
[2026-06-21T14:54:00.406] [DEBUG] debug-file - Hap plugin register hook end...
[2026-06-21T14:54:00.406] [DEBUG] debug-file - Plugin build process completed
[2026-06-21T14:54:00.406] [DEBUG] debug-file - hvigorfile, begin to bind custom plugins...
[2026-06-21T14:54:00.406] [DEBUG] debug-file - hvigorfile, no custom plugins were found in D:\audio-format-switch-master\audio-format-switch-master\entry\hvigorfile.ts
[2026-06-21T14:54:00.406] [DEBUG] debug-file - hvigorfile, resolve finished D:\audio-format-switch-master\audio-format-switch-master\entry\hvigorfile.ts
[2026-06-21T14:54:00.421] [DEBUG] debug-file - hvigorfile, resolve hvigorfile dependencies in 15 ms 
[2026-06-21T14:54:00.421] [DEBUG] debug-file - project has submodules:entry
[2026-06-21T14:54:00.423] [DEBUG] debug-file - start to load updatedOhPackageInfo to the disk
[2026-06-21T14:54:00.424] [DEBUG] debug-file - load to the disk finished
[2026-06-21T14:54:00.425] [DEBUG] debug-file - Start to initialize dependency information.
[2026-06-21T14:54:00.426] [DEBUG] debug-file - Module audio-format-switch-master Collected Dependency: 
[2026-06-21T14:54:00.426] [DEBUG] debug-file - Module audio-format-switch-master's total dependency: 0
[2026-06-21T14:54:00.427] [DEBUG] debug-file - Start to initialize dependency information.
[2026-06-21T14:54:00.429] [DEBUG] debug-file - Module entry Collected Dependency: 
[2026-06-21T14:54:00.429] [DEBUG] debug-file - Module entry's total dependency: 0
[2026-06-21T14:54:00.432] [DEBUG] debug-file - Configuration phase cost:19 s 182 ms 
[2026-06-21T14:54:00.433] [DEBUG] debug-file - Configuration task cost before running: 19 s 195 ms 
[2026-06-21T14:54:00.438] [DEBUG] debug-file - Executing task :entry:default@PreBuild
[2026-06-21T14:54:00.439] [DEBUG] debug-file - Task 'entry:default@PreBuild' cost while wrapping incremental declarations: 1 ms 
[2026-06-21T14:54:00.445] [DEBUG] debug-file - Incremental task entry:default@PreBuild pre-execution cost: 5 ms .
[2026-06-21T14:54:00.445] [DEBUG] debug-file - entry : default@PreBuild cost memory 0.33240509033203125
[2026-06-21T14:54:00.446] [INFO] debug-file - UP-TO-DATE :entry:default@PreBuild...  
[2026-06-21T14:54:00.447] [DEBUG] debug-file - Executing task :entry:default@CreateModuleInfo
[2026-06-21T14:54:00.447] [DEBUG] debug-file - Task 'entry:default@CreateModuleInfo' cost while wrapping incremental declarations: 1 ms 
[2026-06-21T14:54:00.447] [DEBUG] debug-file - entry : default@CreateModuleInfo cost memory 0.0427703857421875
[2026-06-21T14:54:00.447] [DEBUG] debug-file - runTaskFromQueue task cost before running: 19 s 209 ms 
[2026-06-21T14:54:00.448] [INFO] debug-file - Finished :entry:default@CreateModuleInfo... after 1 ms 
[2026-06-21T14:54:00.448] [DEBUG] debug-file - Executing task :entry:default@GenerateMetadata
[2026-06-21T14:54:00.449] [DEBUG] debug-file - Task 'entry:default@GenerateMetadata' cost while wrapping incremental declarations: 1 ms 
[2026-06-21T14:54:00.449] [DEBUG] debug-file - Incremental task entry:default@GenerateMetadata pre-execution cost: 1 ms .
[2026-06-21T14:54:00.449] [DEBUG] debug-file - entry : default@GenerateMetadata cost memory 0.0887908935546875
[2026-06-21T14:54:00.450] [INFO] debug-file - UP-TO-DATE :entry:default@GenerateMetadata...  
[2026-06-21T14:54:00.450] [DEBUG] debug-file - Executing task :entry:default@ConfigureCmake
[2026-06-21T14:54:00.450] [DEBUG] debug-file - entry : default@ConfigureCmake cost memory 0.0145721435546875
[2026-06-21T14:54:00.450] [DEBUG] debug-file - runTaskFromQueue task cost before running: 19 s 212 ms 
[2026-06-21T14:54:00.450] [INFO] debug-file - Finished :entry:default@ConfigureCmake... after 1 ms 
[2026-06-21T14:54:00.451] [DEBUG] debug-file - Executing task :entry:default@MergeProfile
[2026-06-21T14:54:00.451] [DEBUG] debug-file - Task 'entry:default@MergeProfile' cost while wrapping incremental declarations: 1 ms 
[2026-06-21T14:54:00.453] [DEBUG] debug-file - Incremental task entry:default@MergeProfile pre-execution cost: 2 ms .
[2026-06-21T14:54:00.453] [DEBUG] debug-file - entry : default@MergeProfile cost memory 0.13642120361328125
[2026-06-21T14:54:00.453] [INFO] debug-file - UP-TO-DATE :entry:default@MergeProfile...  
[2026-06-21T14:54:00.454] [DEBUG] debug-file - Executing task :entry:default@CreateBuildProfile
[2026-06-21T14:54:00.454] [DEBUG] debug-file - Task 'entry:default@CreateBuildProfile' cost while wrapping incremental declarations: 1 ms 
[2026-06-21T14:54:00.455] [DEBUG] debug-file - Incremental task entry:default@CreateBuildProfile pre-execution cost: 1 ms .
[2026-06-21T14:54:00.455] [DEBUG] debug-file - entry : default@CreateBuildProfile cost memory 0.108795166015625
[2026-06-21T14:54:00.455] [INFO] debug-file - UP-TO-DATE :entry:default@CreateBuildProfile...  
[2026-06-21T14:54:00.456] [DEBUG] debug-file - Executing task :entry:default@PreCheckSyscap
[2026-06-21T14:54:00.456] [DEBUG] debug-file - entry : default@PreCheckSyscap cost memory 0.01471710205078125
[2026-06-21T14:54:00.456] [DEBUG] debug-file - runTaskFromQueue task cost before running: 19 s 218 ms 
[2026-06-21T14:54:00.456] [INFO] debug-file - Finished :entry:default@PreCheckSyscap... after 1 ms 
[2026-06-21T14:54:00.457] [DEBUG] debug-file - Executing task :entry:default@GeneratePkgContextInfo
[2026-06-21T14:54:00.463] [DEBUG] debug-file - Task 'entry:default@GeneratePkgContextInfo' cost while wrapping incremental declarations: 1 ms 
[2026-06-21T14:54:00.464] [DEBUG] debug-file - Incremental task entry:default@GeneratePkgContextInfo pre-execution cost: 1 ms .
[2026-06-21T14:54:00.464] [DEBUG] debug-file - entry : default@GeneratePkgContextInfo cost memory 0.4965972900390625
[2026-06-21T14:54:00.464] [INFO] debug-file - UP-TO-DATE :entry:default@GeneratePkgContextInfo...  
[2026-06-21T14:54:00.465] [DEBUG] debug-file - Executing task :entry:default@GeneratePkgSdkInfo
[2026-06-21T14:54:00.466] [DEBUG] debug-file - Task 'entry:default@GeneratePkgSdkInfo' cost while wrapping incremental declarations: 1 ms 
[2026-06-21T14:54:00.467] [DEBUG] debug-file - entry : default@GeneratePkgSdkInfo cost memory 0.10113525390625
[2026-06-21T14:54:00.467] [DEBUG] debug-file - runTaskFromQueue task cost before running: 19 s 229 ms 
[2026-06-21T14:54:00.467] [INFO] debug-file - Finished :entry:default@GeneratePkgSdkInfo... after 2 ms 
[2026-06-21T14:54:00.469] [DEBUG] debug-file - Executing task :entry:default@ProcessIntegratedHsp
[2026-06-21T14:54:00.469] [DEBUG] debug-file - entry:default@ProcessIntegratedHsp is not up-to-date, since the output file 'D:\audio-format-switch-master\audio-format-switch-master\build\cache\default\integrated_hsp\integratedHspCache.json' does not exist.
[2026-06-21T14:54:00.469] [DEBUG] debug-file - Incremental task entry:default@ProcessIntegratedHsp pre-execution cost: 1 ms .
[2026-06-21T14:54:00.469] [DEBUG] debug-file - entry : default@ProcessIntegratedHsp cost memory 0.0573883056640625
[2026-06-21T14:54:00.469] [DEBUG] debug-file - runTaskFromQueue task cost before running: 19 s 231 ms 
[2026-06-21T14:54:00.470] [INFO] debug-file - Finished :entry:default@ProcessIntegratedHsp... after 1 ms 
[2026-06-21T14:54:00.470] [DEBUG] debug-file - Executing task :entry:default@BuildNativeWithCmake
[2026-06-21T14:54:00.470] [DEBUG] debug-file - entry : default@BuildNativeWithCmake cost memory 0.01506805419921875
[2026-06-21T14:54:00.470] [DEBUG] debug-file - runTaskFromQueue task cost before running: 19 s 232 ms 
[2026-06-21T14:54:00.470] [INFO] debug-file - Finished :entry:default@BuildNativeWithCmake... after 1 ms 
[2026-06-21T14:54:00.471] [DEBUG] debug-file - Executing task :entry:default@MakePackInfo
[2026-06-21T14:54:00.473] [DEBUG] debug-file - Incremental task entry:default@MakePackInfo pre-execution cost: 2 ms .
[2026-06-21T14:54:00.473] [DEBUG] debug-file - entry : default@MakePackInfo cost memory 0.135223388671875
[2026-06-21T14:54:00.473] [INFO] debug-file - UP-TO-DATE :entry:default@MakePackInfo...  
[2026-06-21T14:54:00.474] [DEBUG] debug-file - Executing task :entry:default@SyscapTransform
[2026-06-21T14:54:00.474] [DEBUG] debug-file - File: 'D:\audio-format-switch-master\audio-format-switch-master\entry\src\main\syscap.json' from 'sysCapJsonPath' is not exists, just ignore.
[2026-06-21T14:54:00.475] [DEBUG] debug-file - Task 'entry:default@SyscapTransform' cost while wrapping incremental declarations: 1 ms 
[2026-06-21T14:54:00.498] [DEBUG] debug-file - entry:default@SyscapTransform is not up-to-date, since the output file 'D:\audio-format-switch-master\audio-format-switch-master\entry\build\default\intermediates\syscap\default\rpcid.sc' does not exist.
[2026-06-21T14:54:00.499] [DEBUG] debug-file - Incremental task entry:default@SyscapTransform pre-execution cost: 24 ms .
[2026-06-21T14:54:00.499] [DEBUG] debug-file - entry : default@SyscapTransform cost memory 0.14989471435546875
[2026-06-21T14:54:00.499] [DEBUG] debug-file - runTaskFromQueue task cost before running: 19 s 261 ms 
[2026-06-21T14:54:00.499] [INFO] debug-file - Finished :entry:default@SyscapTransform... after 25 ms 
[2026-06-21T14:54:00.501] [DEBUG] debug-file - Executing task :entry:default@ProcessProfile
[2026-06-21T14:54:00.507] [DEBUG] debug-file - Task 'entry:default@ProcessProfile' cost while wrapping incremental declarations: 1 ms 
[2026-06-21T14:54:00.508] [DEBUG] debug-file - Incremental task entry:default@ProcessProfile pre-execution cost: 1 ms .
[2026-06-21T14:54:00.508] [DEBUG] debug-file - entry : default@ProcessProfile cost memory 0.14058685302734375
[2026-06-21T14:54:00.508] [INFO] debug-file - UP-TO-DATE :entry:default@ProcessProfile...  
[2026-06-21T14:54:00.509] [DEBUG] debug-file - Executing task :entry:default@ProcessRouterMap
[2026-06-21T14:54:00.511] [DEBUG] debug-file - Incremental task entry:default@ProcessRouterMap pre-execution cost: 2 ms .
[2026-06-21T14:54:00.511] [DEBUG] debug-file - entry : default@ProcessRouterMap cost memory 0.1662445068359375
[2026-06-21T14:54:00.511] [INFO] debug-file - UP-TO-DATE :entry:default@ProcessRouterMap...  
[2026-06-21T14:54:00.512] [DEBUG] debug-file - Executing task :entry:default@ProcessShareConfig
[2026-06-21T14:54:00.513] [DEBUG] debug-file - Incremental task entry:default@ProcessShareConfig pre-execution cost: 2 ms .
[2026-06-21T14:54:00.513] [DEBUG] debug-file - entry : default@ProcessShareConfig cost memory 0.14037322998046875
[2026-06-21T14:54:00.514] [INFO] debug-file - UP-TO-DATE :entry:default@ProcessShareConfig...  
[2026-06-21T14:54:00.518] [DEBUG] debug-file - Executing task :entry:default@ProcessStartupConfig
[2026-06-21T14:54:00.518] [DEBUG] debug-file - Task 'entry:default@ProcessStartupConfig' cost while wrapping incremental declarations: 1 ms 
[2026-06-21T14:54:00.519] [DEBUG] debug-file - entry:default@ProcessStartupConfig is not up-to-date, since the output file 'D:\audio-format-switch-master\audio-format-switch-master\entry\build\default\intermediates\startup\default\startup_config.json' does not exist.
[2026-06-21T14:54:00.519] [DEBUG] debug-file - Incremental task entry:default@ProcessStartupConfig pre-execution cost: 1 ms .
[2026-06-21T14:54:00.526] [DEBUG] debug-file - entry : default@ProcessStartupConfig cost memory 0.13028717041015625
[2026-06-21T14:54:00.526] [DEBUG] debug-file - runTaskFromQueue task cost before running: 19 s 288 ms 
[2026-06-21T14:54:00.527] [INFO] debug-file - Finished :entry:default@ProcessStartupConfig... after 9 ms 
[2026-06-21T14:54:00.528] [DEBUG] debug-file - Executing task :entry:default@BuildNativeWithNinja
[2026-06-21T14:54:00.528] [DEBUG] debug-file - entry : default@BuildNativeWithNinja cost memory 0.020782470703125
[2026-06-21T14:54:00.528] [DEBUG] debug-file - runTaskFromQueue task cost before running: 19 s 290 ms 
[2026-06-21T14:54:00.528] [INFO] debug-file - Finished :entry:default@BuildNativeWithNinja... after 1 ms 
[2026-06-21T14:54:00.529] [DEBUG] debug-file - restool module names: entry; moduleName=entry, taskName=default@ProcessResource
[2026-06-21T14:54:00.536] [DEBUG] debug-file - Executing task :entry:default@ProcessResource
[2026-06-21T14:54:00.536] [DEBUG] debug-file - Task 'entry:default@ProcessResource' cost while wrapping incremental declarations: 1 ms 
[2026-06-21T14:54:00.537] [DEBUG] debug-file - Incremental task entry:default@ProcessResource pre-execution cost: 1 ms .
[2026-06-21T14:54:00.537] [DEBUG] debug-file - entry : default@ProcessResource cost memory 0.1414947509765625
[2026-06-21T14:54:00.538] [INFO] debug-file - UP-TO-DATE :entry:default@ProcessResource...  
[2026-06-21T14:54:00.540] [DEBUG] debug-file - Executing task :entry:default@GenerateLoaderJson
[2026-06-21T14:54:00.540] [DEBUG] debug-file - Task 'entry:default@GenerateLoaderJson' cost while wrapping incremental declarations: 1 ms 
[2026-06-21T14:54:00.551] [DEBUG] debug-file - Incremental task entry:default@GenerateLoaderJson pre-execution cost: 3 ms .
[2026-06-21T14:54:00.551] [DEBUG] debug-file - entry : default@GenerateLoaderJson cost memory 0.5257034301757812
[2026-06-21T14:54:00.554] [INFO] debug-file - UP-TO-DATE :entry:default@GenerateLoaderJson...  
[2026-06-21T14:54:00.555] [DEBUG] debug-file - Executing task :entry:default@ProcessLibs
[2026-06-21T14:54:00.557] [DEBUG] debug-file - Incremental task entry:default@ProcessLibs pre-execution cost: 1 ms .
[2026-06-21T14:54:00.557] [DEBUG] debug-file - entry : default@ProcessLibs cost memory 0.33758544921875
[2026-06-21T14:54:00.558] [INFO] debug-file - UP-TO-DATE :entry:default@ProcessLibs...  
[2026-06-21T14:54:00.558] [DEBUG] debug-file - restool module names: entry; moduleName=entry, taskName=default@CompileResource
[2026-06-21T14:54:00.559] [DEBUG] debug-file - Executing task :entry:default@CompileResource
[2026-06-21T14:54:00.578] [DEBUG] debug-file - Incremental task entry:default@CompileResource pre-execution cost: 11 ms .
[2026-06-21T14:54:00.578] [DEBUG] debug-file - entry : default@CompileResource cost memory 1.007781982421875
[2026-06-21T14:54:00.579] [INFO] debug-file - UP-TO-DATE :entry:default@CompileResource...  
[2026-06-21T14:54:00.580] [DEBUG] debug-file - Executing task :entry:default@DoNativeStrip
[2026-06-21T14:54:00.580] [DEBUG] debug-file - File: 'D:\audio-format-switch-master\audio-format-switch-master\entry\build\default\intermediates\binxo\default' from 'doBinxoNativeLibs' is not exists, just ignore.
[2026-06-21T14:54:00.580] [DEBUG] debug-file - Task 'entry:default@DoNativeStrip' cost while wrapping incremental declarations: 1 ms 
[2026-06-21T14:54:00.581] [DEBUG] debug-file - Incremental task entry:default@DoNativeStrip pre-execution cost: 1 ms .
[2026-06-21T14:54:00.581] [DEBUG] debug-file - entry : default@DoNativeStrip cost memory 0.09682464599609375
[2026-06-21T14:54:00.581] [INFO] debug-file - UP-TO-DATE :entry:default@DoNativeStrip...  
[2026-06-21T14:54:00.582] [DEBUG] debug-file - Executing task :entry:default@CompileArkTS
[2026-06-21T14:54:00.583] [DEBUG] debug-file - obfuscationOptions: undefined
[2026-06-21T14:54:00.584] [DEBUG] debug-file - Task 'entry:default@CompileArkTS' cost while wrapping incremental declarations: 1 ms 
[2026-06-21T14:54:00.593] [DEBUG] debug-file - Incremental task entry:default@CompileArkTS pre-execution cost: 6 ms .
[2026-06-21T14:54:00.593] [DEBUG] debug-file - entry : default@CompileArkTS cost memory 0.7552413940429688
[2026-06-21T14:54:00.594] [INFO] debug-file - UP-TO-DATE :entry:default@CompileArkTS...  
[2026-06-21T14:54:00.595] [DEBUG] debug-file - Executing task :entry:default@BuildJS
[2026-06-21T14:54:00.595] [DEBUG] debug-file - Task 'entry:default@BuildJS' cost while wrapping incremental declarations: 1 ms 
[2026-06-21T14:54:00.597] [DEBUG] debug-file - entry : default@BuildJS cost memory 0.16063690185546875
[2026-06-21T14:54:00.597] [DEBUG] debug-file - runTaskFromQueue task cost before running: 19 s 359 ms 
[2026-06-21T14:54:00.597] [INFO] debug-file - Finished :entry:default@BuildJS... after 3 ms 
[2026-06-21T14:54:00.598] [DEBUG] debug-file - Executing task :entry:default@CacheNativeLibs
[2026-06-21T14:54:00.598] [DEBUG] debug-file - File: 'D:\audio-format-switch-master\audio-format-switch-master\entry\build\default\intermediates\binxo\default' from 'cacheBinxoNativeLibs' is not exists, just ignore.
[2026-06-21T14:54:00.598] [DEBUG] debug-file - Task 'entry:default@CacheNativeLibs' cost while wrapping incremental declarations: 1 ms 
[2026-06-21T14:54:00.599] [DEBUG] debug-file - Incremental task entry:default@CacheNativeLibs pre-execution cost: 1 ms .
[2026-06-21T14:54:00.599] [DEBUG] debug-file - entry : default@CacheNativeLibs cost memory 0.12638092041015625
[2026-06-21T14:54:00.599] [INFO] debug-file - UP-TO-DATE :entry:default@CacheNativeLibs...  
[2026-06-21T14:54:00.599] [DEBUG] debug-file - Executing task :entry:default@GeneratePkgModuleJson
[2026-06-21T14:54:00.600] [DEBUG] debug-file - File: 'D:\audio-format-switch-master\audio-format-switch-master\entry\build\default\intermediates\preload\default\preload.json' from 'preloadSoJsonPath' is not exists, just ignore.
[2026-06-21T14:54:00.600] [DEBUG] debug-file - Error occurs while handling @Input 'shouldDeduplicateHar': The "data" argument must be of type string or an instance of Buffer, TypedArray, or DataView. Received undefined
[2026-06-21T14:54:00.600] [DEBUG] debug-file - Task 'entry:default@GeneratePkgModuleJson' cost while wrapping incremental declarations: 1 ms 
[2026-06-21T14:54:00.600] [DEBUG] debug-file - Incremental task entry:default@GeneratePkgModuleJson pre-execution cost: 1 ms .
[2026-06-21T14:54:00.601] [DEBUG] debug-file - entry : default@GeneratePkgModuleJson cost memory 0.11273193359375
[2026-06-21T14:54:00.601] [INFO] debug-file - UP-TO-DATE :entry:default@GeneratePkgModuleJson...  
[2026-06-21T14:54:00.601] [DEBUG] debug-file - Executing task :entry:default@ProcessCompiledResources
[2026-06-21T14:54:00.601] [DEBUG] debug-file - File: 'D:\audio-format-switch-master\audio-format-switch-master\entry\build\default\intermediates\preload\default\preload.json' from 'preloadSoJsonPath' is not exists, just ignore.
[2026-06-21T14:54:00.601] [DEBUG] debug-file - Task 'entry:default@ProcessCompiledResources' cost while wrapping incremental declarations: 1 ms 
[2026-06-21T14:54:00.601] [DEBUG] debug-file - entry : default@ProcessCompiledResources cost memory 0.21166229248046875
[2026-06-21T14:54:00.601] [DEBUG] debug-file - runTaskFromQueue task cost before running: 19 s 363 ms 
[2026-06-21T14:54:00.602] [INFO] debug-file - Finished :entry:default@ProcessCompiledResources... after 1 ms 
[2026-06-21T14:54:00.603] [DEBUG] debug-file - Executing task :entry:default@PackageHap
[2026-06-21T14:54:00.609] [DEBUG] debug-file - Incremental task entry:default@PackageHap pre-execution cost: 6 ms .
[2026-06-21T14:54:00.609] [DEBUG] debug-file - entry : default@PackageHap cost memory 0.864654541015625
[2026-06-21T14:54:00.609] [INFO] debug-file - UP-TO-DATE :entry:default@PackageHap...  
[2026-06-21T14:54:00.613] [DEBUG] debug-file - Executing task :entry:default@PackingCheck
[2026-06-21T14:54:00.622] [DEBUG] debug-file - entry : default@PackingCheck cost memory 0.41820526123046875
[2026-06-21T14:54:00.622] [DEBUG] debug-file - runTaskFromQueue task cost before running: 19 s 384 ms 
[2026-06-21T14:54:00.622] [INFO] debug-file - Finished :entry:default@PackingCheck... after 10 ms 
[2026-06-21T14:54:00.624] [DEBUG] debug-file - Executing task :entry:default@SignHap
[2026-06-21T14:54:00.624] [WARN] debug-file - Will skip sign 'hos_hap'. No signingConfigs profile is configured in current project.
             If needed, configure the signingConfigs in D:\audio-format-switch-master\audio-format-switch-master\build-profile.json5.
[2026-06-21T14:54:00.625] [DEBUG] debug-file - entry:default@SignHap is not up-to-date, since the output file 'D:\audio-format-switch-master\audio-format-switch-master\entry\build\default\outputs\default\entry-default-signed.hap' does not exist.
[2026-06-21T14:54:00.625] [DEBUG] debug-file - Incremental task entry:default@SignHap pre-execution cost: 1 ms .
[2026-06-21T14:54:00.625] [DEBUG] debug-file - entry : default@SignHap cost memory 0.0947265625
[2026-06-21T14:54:00.625] [DEBUG] debug-file - runTaskFromQueue task cost before running: 19 s 387 ms 
[2026-06-21T14:54:00.625] [INFO] debug-file - Finished :entry:default@SignHap... after 2 ms 
[2026-06-21T14:54:00.626] [DEBUG] debug-file - Executing task :entry:default@CollectDebugSymbol
[2026-06-21T14:54:00.627] [DEBUG] debug-file - entry : default@CollectDebugSymbol cost memory 0.09886932373046875
[2026-06-21T14:54:00.627] [DEBUG] debug-file - runTaskFromQueue task cost before running: 19 s 389 ms 
[2026-06-21T14:54:00.627] [INFO] debug-file - Finished :entry:default@CollectDebugSymbol... after 1 ms 
[2026-06-21T14:54:00.628] [DEBUG] debug-file - Executing task :entry:assembleHap
[2026-06-21T14:54:00.628] [DEBUG] debug-file - entry : assembleHap cost memory 0.01323699951171875
[2026-06-21T14:54:00.628] [DEBUG] debug-file - runTaskFromQueue task cost before running: 19 s 390 ms 
[2026-06-21T14:54:00.628] [INFO] debug-file - Finished :entry:assembleHap... after 1 ms 
[2026-06-21T14:54:00.642] [INFO] debug-file - BUILD SUCCESSFUL in 19 s 403 ms 
[2026-06-21T14:54:00.642] [DEBUG] debug-file - There is no need to refresh cache, since the incremental task entry:default@PreBuild is up-to-date.
[2026-06-21T14:54:00.642] [DEBUG] debug-file - Update task entry:default@CreateModuleInfo output file:D:\audio-format-switch-master\audio-format-switch-master\entry\build\default\generated\profile\default\ModuleInfo.ts cache.
[2026-06-21T14:54:00.643] [DEBUG] debug-file - Incremental task entry:default@CreateModuleInfo post-execution cost:1 ms .
[2026-06-21T14:54:00.643] [DEBUG] debug-file - There is no need to refresh cache, since the incremental task entry:default@GenerateMetadata is up-to-date.
[2026-06-21T14:54:00.643] [DEBUG] debug-file - There is no need to refresh cache, since the incremental task entry:default@MergeProfile is up-to-date.
[2026-06-21T14:54:00.643] [DEBUG] debug-file - There is no need to refresh cache, since the incremental task entry:default@CreateBuildProfile is up-to-date.
[2026-06-21T14:54:00.643] [DEBUG] debug-file - There is no need to refresh cache, since the incremental task entry:default@GeneratePkgContextInfo is up-to-date.
[2026-06-21T14:54:00.643] [DEBUG] debug-file - Update task entry:default@GeneratePkgSdkInfo output file:D:\audio-format-switch-master\audio-format-switch-master\entry\build\default\intermediates\loader\default\pkgSdkInfo.json cache.
[2026-06-21T14:54:00.643] [DEBUG] debug-file - Incremental task entry:default@GeneratePkgSdkInfo post-execution cost:1 ms .
[2026-06-21T14:54:00.643] [DEBUG] debug-file - Update task entry:default@ProcessIntegratedHsp output file:D:\audio-format-switch-master\audio-format-switch-master\build\cache\default\integrated_hsp\integratedHspCache.json cache.
[2026-06-21T14:54:00.643] [DEBUG] debug-file - Incremental task entry:default@ProcessIntegratedHsp post-execution cost:1 ms .
[2026-06-21T14:54:00.643] [DEBUG] debug-file - There is no need to refresh cache, since the incremental task entry:default@MakePackInfo is up-to-date.
[2026-06-21T14:54:00.644] [DEBUG] debug-file - Update task entry:default@SyscapTransform input file:E:\DevEco Studio\sdk\default\openharmony\toolchains\syscap_tool.exe cache by regenerate.
[2026-06-21T14:54:00.644] [DEBUG] debug-file - Update task entry:default@SyscapTransform input file:E:\DevEco Studio\sdk\default\openharmony\ets\api\device-define cache by regenerate.
[2026-06-21T14:54:00.645] [DEBUG] debug-file - Update task entry:default@SyscapTransform output file:D:\audio-format-switch-master\audio-format-switch-master\entry\build\default\intermediates\syscap\default\rpcid.sc cache.
[2026-06-21T14:54:00.645] [DEBUG] debug-file - Incremental task entry:default@SyscapTransform post-execution cost:2 ms .
[2026-06-21T14:54:00.645] [DEBUG] debug-file - There is no need to refresh cache, since the incremental task entry:default@ProcessProfile is up-to-date.
[2026-06-21T14:54:00.645] [DEBUG] debug-file - There is no need to refresh cache, since the incremental task entry:default@ProcessRouterMap is up-to-date.
[2026-06-21T14:54:00.645] [DEBUG] debug-file - There is no need to refresh cache, since the incremental task entry:default@ProcessShareConfig is up-to-date.
[2026-06-21T14:54:00.645] [DEBUG] debug-file - Update task entry:default@ProcessStartupConfig input file:D:\audio-format-switch-master\audio-format-switch-master\entry\build\default\intermediates\loader\default\pkgContextInfo.json cache by regenerate.
[2026-06-21T14:54:00.645] [DEBUG] debug-file - Update task entry:default@ProcessStartupConfig output file:D:\audio-format-switch-master\audio-format-switch-master\entry\build\default\intermediates\startup\default\startup_config.json cache.
[2026-06-21T14:54:00.645] [DEBUG] debug-file - Incremental task entry:default@ProcessStartupConfig post-execution cost:1 ms .
[2026-06-21T14:54:00.645] [DEBUG] debug-file - There is no need to refresh cache, since the incremental task entry:default@ProcessResource is up-to-date.
[2026-06-21T14:54:00.645] [DEBUG] debug-file - There is no need to refresh cache, since the incremental task entry:default@GenerateLoaderJson is up-to-date.
[2026-06-21T14:54:00.646] [DEBUG] debug-file - There is no need to refresh cache, since the incremental task entry:default@ProcessLibs is up-to-date.
[2026-06-21T14:54:00.646] [DEBUG] debug-file - There is no need to refresh cache, since the incremental task entry:default@CompileResource is up-to-date.
[2026-06-21T14:54:00.646] [DEBUG] debug-file - There is no need to refresh cache, since the incremental task entry:default@DoNativeStrip is up-to-date.
[2026-06-21T14:54:00.646] [DEBUG] debug-file - There is no need to refresh cache, since the incremental task entry:default@CompileArkTS is up-to-date.
[2026-06-21T14:54:00.646] [DEBUG] debug-file - Update task entry:default@BuildJS input file:D:\audio-format-switch-master\audio-format-switch-master\entry\build\default\intermediates\loader\default cache by regenerate.
[2026-06-21T14:54:00.647] [DEBUG] debug-file - Update task entry:default@BuildJS input file:D:\audio-format-switch-master\audio-format-switch-master\entry\build\default\intermediates\res\default\resources\rawfile cache by regenerate.
[2026-06-21T14:54:00.647] [DEBUG] debug-file - Update task entry:default@BuildJS input file:D:\audio-format-switch-master\audio-format-switch-master\entry\build\default\intermediates\res\default\ResourceTable.txt cache by regenerate.
[2026-06-21T14:54:00.647] [DEBUG] debug-file - Update task entry:default@BuildJS input file:D:\audio-format-switch-master\audio-format-switch-master\entry\build\default\intermediates\res\default\ark_module.json cache by regenerate.
[2026-06-21T14:54:00.647] [DEBUG] debug-file - Update task entry:default@BuildJS input file:D:\audio-format-switch-master\audio-format-switch-master\entry\build\default\intermediates\res\default\resources\base\profile cache by regenerate.
[2026-06-21T14:54:00.648] [DEBUG] debug-file - Update task entry:default@BuildJS input file:D:\audio-format-switch-master\audio-format-switch-master\entry\build\default\intermediates\loader\default\pkgContextInfo.json cache by regenerate.
[2026-06-21T14:54:00.648] [DEBUG] debug-file - Update task entry:default@BuildJS output file:D:\audio-format-switch-master\audio-format-switch-master\entry\build\default\intermediates\loader_out\default\js cache.
[2026-06-21T14:54:00.648] [DEBUG] debug-file - Incremental task entry:default@BuildJS post-execution cost:3 ms .
[2026-06-21T14:54:00.648] [DEBUG] debug-file - There is no need to refresh cache, since the incremental task entry:default@CacheNativeLibs is up-to-date.
[2026-06-21T14:54:00.648] [DEBUG] debug-file - There is no need to refresh cache, since the incremental task entry:default@GeneratePkgModuleJson is up-to-date.
[2026-06-21T14:54:00.648] [DEBUG] debug-file - Incremental task entry:default@ProcessCompiledResources post-execution cost:1 ms .
[2026-06-21T14:54:00.648] [DEBUG] debug-file - There is no need to refresh cache, since the incremental task entry:default@PackageHap is up-to-date.
[2026-06-21T14:54:00.648] [DEBUG] debug-file - Update task entry:default@SignHap input file:D:\audio-format-switch-master\audio-format-switch-master\entry\build\default\outputs\default\entry-default-unsigned.hap cache by regenerate.
[2026-06-21T14:54:00.649] [DEBUG] debug-file - Update task entry:default@SignHap output file:D:\audio-format-switch-master\audio-format-switch-master\entry\build\default\outputs\default\entry-default-signed.hap cache.
[2026-06-21T14:54:00.649] [DEBUG] debug-file - Incremental task entry:default@SignHap post-execution cost:1 ms .
[2026-06-21T14:54:00.649] [DEBUG] debug-file - Update task entry:default@CollectDebugSymbol input file:D:\audio-format-switch-master\audio-format-switch-master\entry\build\default\intermediates\loader_out\default\ets\sourceMaps.map cache by regenerate.
[2026-06-21T14:54:00.649] [DEBUG] debug-file - Update task entry:default@CollectDebugSymbol input file:D:\audio-format-switch-master\audio-format-switch-master\entry\build\default\intermediates\libs\default cache by regenerate.
[2026-06-21T14:54:00.650] [DEBUG] debug-file - Update task entry:default@CollectDebugSymbol output file:D:\audio-format-switch-master\audio-format-switch-master\entry\build\default\outputs\default\symbol cache.
[2026-06-21T14:54:00.650] [DEBUG] debug-file - Incremental task entry:default@CollectDebugSymbol post-execution cost:1 ms .
[2026-06-21T14:54:00.689] [DEBUG] debug-file - Cleanup worker 0.
[2026-06-21T14:54:00.689] [DEBUG] debug-file - Worker 0 has been cleaned up.
[2026-06-21T14:54:00.689] [DEBUG] debug-file - Current idle worker size: 1.
[2026-06-21T14:54:00.689] [DEBUG] debug-file - Current resident worker size: 2.
[2026-06-21T14:54:00.689] [DEBUG] debug-file - Cleanup worker 1.
[2026-06-21T14:54:00.690] [DEBUG] debug-file - Worker 1 has been cleaned up.
[2026-06-21T14:54:00.690] [DEBUG] debug-file - Current idle worker size: 0.
[2026-06-21T14:54:00.690] [DEBUG] debug-file - Current resident worker size: 2.
[2026-06-21T14:54:00.691] [DEBUG] debug-file - hvigor build process will be closed.
[2026-06-21T14:54:00.697] [DEBUG] debug-file - session manager: send message to worker process.
[2026-06-21T14:54:00.697] [DEBUG] debug-file - session manager: send message to worker process.
[2026-06-21T14:54:00.700] [DEBUG] debug-file - watch worker: worker id should be larger than 0. Nothing will be sent to any worker thread.
[2026-06-21T14:54:00.700] [DEBUG] debug-file - watch worker: worker id should be larger than 0. Nothing will be sent to any worker thread.
[2026-06-21T14:54:00.728] [DEBUG] debug-file - worker[0] exits with exit code 1.
[2026-06-21T14:54:00.728] [DEBUG] debug-file - worker[1] exits with exit code 1.
[2026-06-21T18:30:33.890] [DEBUG] debug-file - env: nodejsVersion=v18.20.1
[2026-06-21T18:30:33.947] [DEBUG] debug-file - env: daemon=true
[2026-06-21T18:30:33.891] [DEBUG] debug-file - env: hvigor-config.json5 content = {
  modelVersion: '6.0.0',
  dependencies: {},
  execution: {},
  logging: {},
  debugging: {},
  nodeOptions: {}
}
[2026-06-21T18:30:34.616] [DEBUG] debug-file - hvigor java daemon: Starting java daemon. jvmXmxValue=512m, jarPath=E:\DevEco Studio\tools\hvigor\hvigor\lib\hvigor-java-daemon.jar
[2026-06-21T18:30:34.616] [DEBUG] debug-file - hvigor java daemon: Read cache file, 
    port=45050, pid=36368, sessionId exists=true
[2026-06-21T18:30:34.630] [DEBUG] debug-file - hvigor java daemon: tryConnect failed, Error: connect ECONNREFUSED 127.0.0.1:45050, will start new daemon
[2026-06-21T18:30:34.637] [DEBUG] debug-file - java daemon started at port 45050 pid 11728
[2026-06-21T18:30:34.658] [DEBUG] debug-file - session manager: set active socket. socketId=kI7a2bHhdKKLinLAAAAB
[2026-06-21T18:30:35.415] [DEBUG] debug-file - watch worker: worker id should be larger than 0. Nothing will be sent to any worker thread.
[2026-06-21T18:30:35.418] [DEBUG] debug-file - Since there is no instance or instance is terminated, create a new worker pool.
[2026-06-21T18:30:35.418] [DEBUG] debug-file - Worker pool is initialized with config:  {
  minPoolNum: 2,
  maxPoolNum: undefined,
  maxCoreSize: undefined,
  cacheCapacity: undefined,
  cacheTtl: undefined
}
[2026-06-21T18:30:35.419] [DEBUG] debug-file - Create  resident worker with id: 0.
[2026-06-21T18:30:35.421] [DEBUG] debug-file - Create  resident worker with id: 1.
[2026-06-21T18:30:35.422] [DEBUG] debug-file - Workers' log level updated to INFO
[2026-06-21T18:30:35.429] [DEBUG] debug-file - Hvigor init with startParameters:{
  hvigorfileTypeCheck: false,
  parallelExecution: true,
  incrementalExecution: true,
  printStackTrace: false,
  daemon: true,
  analyze: 0,
  logLevel: Level { level: 20000, levelStr: 'INFO', colour: 'green' },
  optimizationStrategy: 'memory',
  hotCompile: undefined,
  hotReloadBuild: undefined,
  customizedParam: undefined
}
[2026-06-21T18:30:35.435] [DEBUG] debug-file - Cache service initialization finished in 6 ms 
[2026-06-21T18:30:35.436] [DEBUG] debug-file - hvigorfile, resolving D:\audio-format-switch-master\audio-format-switch-master\hvigorfile.ts
[2026-06-21T18:30:37.160] [DEBUG] debug-file - hvigorfile, require result:  { default: { plugins: [] } }
[2026-06-21T18:30:37.160] [DEBUG] debug-file - hvigorfile, binding system plugins null
[2026-06-21T18:30:37.160] [DEBUG] debug-file - Starting plugin build process
[2026-06-21T18:30:37.160] [DEBUG] debug-file - App plugin prepare start...
[2026-06-21T18:30:37.161] [DEBUG] debug-file - App plugin prepare end...
[2026-06-21T18:30:37.161] [DEBUG] debug-file - App plugin creating...
[2026-06-21T18:30:37.289] [DEBUG] debug-file - App plugin register hook start...
[2026-06-21T18:30:37.290] [DEBUG] debug-file - App plugin register hook end...
[2026-06-21T18:30:37.290] [DEBUG] debug-file - Plugin build process completed
[2026-06-21T18:30:37.291] [DEBUG] debug-file - Start initialize project's product build option map with build mode debug.
[2026-06-21T18:30:37.291] [DEBUG] debug-file - Picking option from product 'default' with build mode 'debug'.
[2026-06-21T18:30:37.291] [DEBUG] debug-file - Product 'default' build option initialized
[2026-06-21T18:30:37.291] [DEBUG] debug-file - End initialize project's product build option map with build mode 'debug'.
[2026-06-21T18:30:37.292] [DEBUG] debug-file - Obtain build option for product 'default'in this build.
[2026-06-21T18:30:37.294] [DEBUG] debug-file - No signingConfig found, initRemoteHspCache failed.
[2026-06-21T18:30:37.295] [DEBUG] debug-file - Local scan or download HarmonyOS sdk components toolchains,ets,js,native,previewer
[2026-06-21T18:30:37.298] [DEBUG] debug-file - Local scan or download hmscore sdk components toolchains,ets,native
[2026-06-21T18:30:37.299] [DEBUG] debug-file - Start recording SDK configuration permission data.
[2026-06-21T18:30:37.323] [DEBUG] debug-file - Sdk init in 29 ms 
[2026-06-21T18:30:37.327] [DEBUG] debug-file - Project task initialization takes 3 ms 
[2026-06-21T18:30:37.327] [DEBUG] debug-file - hvigorfile, begin to bind custom plugins...
[2026-06-21T18:30:37.327] [DEBUG] debug-file - hvigorfile, no custom plugins were found in D:\audio-format-switch-master\audio-format-switch-master\hvigorfile.ts
[2026-06-21T18:30:37.327] [DEBUG] debug-file - hvigorfile, resolve finished D:\audio-format-switch-master\audio-format-switch-master\hvigorfile.ts
[2026-06-21T18:30:37.328] [DEBUG] debug-file - hvigorfile, resolving D:\audio-format-switch-master\audio-format-switch-master\entry\hvigorfile.ts
[2026-06-21T18:30:37.332] [DEBUG] debug-file - hvigorfile, require result:  { default: { plugins: [] } }
[2026-06-21T18:30:37.332] [DEBUG] debug-file - hvigorfile, binding system plugins null
[2026-06-21T18:30:37.332] [DEBUG] debug-file - Starting plugin build process
[2026-06-21T18:30:37.332] [DEBUG] debug-file - Hap plugin creating...
[2026-06-21T18:30:37.333] [DEBUG] debug-file - failed to load cangjie to dynamically generate schemas: Error: Cannot find module '@ohos/cangjie-build-support/index'
Require stack:
- E:\DevEco Studio\tools\hvigor\hvigor-ohos-plugin\src\plugin\hooks\cangjie-register.js
- E:\DevEco Studio\tools\hvigor\hvigor-ohos-plugin\src\plugin\strategy\stage-init-strategy.js
- E:\DevEco Studio\tools\hvigor\hvigor-ohos-plugin\src\plugin\builder\abstract-plugin-builder.js
- E:\DevEco Studio\tools\hvigor\hvigor-ohos-plugin\src\plugin\builder\app-plugin-builder.js
- E:\DevEco Studio\tools\hvigor\hvigor-ohos-plugin\src\plugin\factory\plugin-factory.js
- E:\DevEco Studio\tools\hvigor\hvigor-ohos-plugin\index.js
- D:\audio-format-switch-master\audio-format-switch-master\hvigorfile.ts
- E:\DevEco Studio\tools\hvigor\hvigor\src\base\internal\lifecycle\configuration.js
- E:\DevEco Studio\tools\hvigor\hvigor\src\base\boot\index.js
- E:\DevEco Studio\tools\hvigor\hvigor\src\base\daemon\cluster\worker-process-lifecycle.js
- E:\DevEco Studio\tools\hvigor\hvigor\src\base\daemon\process\daemon-process-boot-script.js
[2026-06-21T18:30:37.343] [DEBUG] debug-file - Start initialize module-target build option map, moduleName=entry, buildMode=release
[2026-06-21T18:30:37.343] [DEBUG] debug-file - Target 'default' config initialized
[2026-06-21T18:30:37.344] [DEBUG] debug-file - Module 'entry' target 'default' build option initialized
[2026-06-21T18:30:37.344] [DEBUG] debug-file - End initialize module-target build option map, moduleName=entry
[2026-06-21T18:30:37.344] [DEBUG] debug-file - Start initialize module-target build option map, moduleName=entry, buildMode=debug
[2026-06-21T18:30:37.344] [DEBUG] debug-file - Target 'default' config initialized
[2026-06-21T18:30:37.344] [DEBUG] debug-file - Module 'entry' target 'default' build option initialized
[2026-06-21T18:30:37.344] [DEBUG] debug-file - End initialize module-target build option map, moduleName=entry
[2026-06-21T18:30:37.344] [DEBUG] debug-file - Start initialize module-target build option map, moduleName=entry, buildMode=debug
[2026-06-21T18:30:37.344] [DEBUG] debug-file - Target 'default' config initialized
[2026-06-21T18:30:37.344] [DEBUG] debug-file - Module 'entry' target 'default' build option initialized
[2026-06-21T18:30:37.345] [DEBUG] debug-file - End initialize module-target build option map, moduleName=entry
[2026-06-21T18:30:37.345] [DEBUG] debug-file - Obtain build option for module 'entry' target 'default'in this build.
[2026-06-21T18:30:37.348] [DEBUG] debug-file - Module entry task initialization takes 3 ms 
[2026-06-21T18:30:37.348] [DEBUG] debug-file - Hap plugin register hook start...
[2026-06-21T18:30:37.348] [DEBUG] debug-file - Hap plugin register hook end...
[2026-06-21T18:30:37.348] [DEBUG] debug-file - Plugin build process completed
[2026-06-21T18:30:37.348] [DEBUG] debug-file - hvigorfile, begin to bind custom plugins...
[2026-06-21T18:30:37.348] [DEBUG] debug-file - hvigorfile, no custom plugins were found in D:\audio-format-switch-master\audio-format-switch-master\entry\hvigorfile.ts
[2026-06-21T18:30:37.348] [DEBUG] debug-file - hvigorfile, resolve finished D:\audio-format-switch-master\audio-format-switch-master\entry\hvigorfile.ts
[2026-06-21T18:30:37.363] [DEBUG] debug-file - hvigorfile, resolve hvigorfile dependencies in 15 ms 
[2026-06-21T18:30:37.363] [DEBUG] debug-file - project has submodules:entry
[2026-06-21T18:30:37.364] [DEBUG] debug-file - start to load updatedOhPackageInfo to the disk
[2026-06-21T18:30:37.366] [DEBUG] debug-file - load to the disk finished
[2026-06-21T18:30:37.366] [DEBUG] debug-file - Start to initialize dependency information.
[2026-06-21T18:30:37.367] [DEBUG] debug-file - Module audio-format-switch-master Collected Dependency: 
[2026-06-21T18:30:37.368] [DEBUG] debug-file - Module audio-format-switch-master's total dependency: 0
[2026-06-21T18:30:37.368] [DEBUG] debug-file - Start to initialize dependency information.
[2026-06-21T18:30:37.370] [DEBUG] debug-file - Module entry Collected Dependency: 
[2026-06-21T18:30:37.370] [DEBUG] debug-file - Module entry's total dependency: 0
[2026-06-21T18:30:37.372] [DEBUG] debug-file - Configuration phase cost:1 s 938 ms 
[2026-06-21T18:30:37.374] [DEBUG] debug-file - Configuration task cost before running: 1 s 952 ms 
[2026-06-21T18:30:37.378] [DEBUG] debug-file - Executing task :entry:default@PreBuild
[2026-06-21T18:30:37.379] [DEBUG] debug-file - Task 'entry:default@PreBuild' cost while wrapping incremental declarations: 1 ms 
[2026-06-21T18:30:37.386] [DEBUG] debug-file - Incremental task entry:default@PreBuild pre-execution cost: 6 ms .
[2026-06-21T18:30:37.387] [DEBUG] debug-file - entry : default@PreBuild cost memory 0.32559967041015625
[2026-06-21T18:30:37.388] [INFO] debug-file - UP-TO-DATE :entry:default@PreBuild...  
[2026-06-21T18:30:37.389] [DEBUG] debug-file - Executing task :entry:default@CreateModuleInfo
[2026-06-21T18:30:37.389] [DEBUG] debug-file - Task 'entry:default@CreateModuleInfo' cost while wrapping incremental declarations: 1 ms 
[2026-06-21T18:30:37.389] [DEBUG] debug-file - entry : default@CreateModuleInfo cost memory 0.0427703857421875
[2026-06-21T18:30:37.389] [DEBUG] debug-file - runTaskFromQueue task cost before running: 1 s 967 ms 
[2026-06-21T18:30:37.390] [INFO] debug-file - Finished :entry:default@CreateModuleInfo... after 1 ms 
[2026-06-21T18:30:37.390] [DEBUG] debug-file - Executing task :entry:default@GenerateMetadata
[2026-06-21T18:30:37.391] [DEBUG] debug-file - Task 'entry:default@GenerateMetadata' cost while wrapping incremental declarations: 1 ms 
[2026-06-21T18:30:37.392] [DEBUG] debug-file - Incremental task entry:default@GenerateMetadata pre-execution cost: 1 ms .
[2026-06-21T18:30:37.392] [DEBUG] debug-file - entry : default@GenerateMetadata cost memory 0.0869598388671875
[2026-06-21T18:30:37.392] [INFO] debug-file - UP-TO-DATE :entry:default@GenerateMetadata...  
[2026-06-21T18:30:37.392] [DEBUG] debug-file - Executing task :entry:default@ConfigureCmake
[2026-06-21T18:30:37.393] [DEBUG] debug-file - entry : default@ConfigureCmake cost memory 0.0145721435546875
[2026-06-21T18:30:37.393] [DEBUG] debug-file - runTaskFromQueue task cost before running: 1 s 971 ms 
[2026-06-21T18:30:37.393] [INFO] debug-file - Finished :entry:default@ConfigureCmake... after 1 ms 
[2026-06-21T18:30:37.393] [DEBUG] debug-file - Executing task :entry:default@MergeProfile
[2026-06-21T18:30:37.394] [DEBUG] debug-file - Task 'entry:default@MergeProfile' cost while wrapping incremental declarations: 1 ms 
[2026-06-21T18:30:37.395] [DEBUG] debug-file - Incremental task entry:default@MergeProfile pre-execution cost: 2 ms .
[2026-06-21T18:30:37.395] [DEBUG] debug-file - entry : default@MergeProfile cost memory 0.13111114501953125
[2026-06-21T18:30:37.395] [INFO] debug-file - UP-TO-DATE :entry:default@MergeProfile...  
[2026-06-21T18:30:37.396] [DEBUG] debug-file - Executing task :entry:default@CreateBuildProfile
[2026-06-21T18:30:37.396] [DEBUG] debug-file - Task 'entry:default@CreateBuildProfile' cost while wrapping incremental declarations: 1 ms 
[2026-06-21T18:30:37.397] [DEBUG] debug-file - Incremental task entry:default@CreateBuildProfile pre-execution cost: 1 ms .
[2026-06-21T18:30:37.397] [DEBUG] debug-file - entry : default@CreateBuildProfile cost memory 0.10577392578125
[2026-06-21T18:30:37.398] [INFO] debug-file - UP-TO-DATE :entry:default@CreateBuildProfile...  
[2026-06-21T18:30:37.398] [DEBUG] debug-file - Executing task :entry:default@PreCheckSyscap
[2026-06-21T18:30:37.398] [DEBUG] debug-file - entry : default@PreCheckSyscap cost memory 0.01471710205078125
[2026-06-21T18:30:37.399] [DEBUG] debug-file - runTaskFromQueue task cost before running: 1 s 977 ms 
[2026-06-21T18:30:37.399] [INFO] debug-file - Finished :entry:default@PreCheckSyscap... after 1 ms 
[2026-06-21T18:30:37.400] [DEBUG] debug-file - Executing task :entry:default@GeneratePkgContextInfo
[2026-06-21T18:30:37.404] [DEBUG] debug-file - Task 'entry:default@GeneratePkgContextInfo' cost while wrapping incremental declarations: 1 ms 
[2026-06-21T18:30:37.405] [DEBUG] debug-file - Incremental task entry:default@GeneratePkgContextInfo pre-execution cost: 1 ms .
[2026-06-21T18:30:37.405] [DEBUG] debug-file - entry : default@GeneratePkgContextInfo cost memory 0.2368316650390625
[2026-06-21T18:30:37.405] [INFO] debug-file - UP-TO-DATE :entry:default@GeneratePkgContextInfo...  
[2026-06-21T18:30:37.406] [DEBUG] debug-file - Executing task :entry:default@GeneratePkgSdkInfo
[2026-06-21T18:30:37.407] [DEBUG] debug-file - Task 'entry:default@GeneratePkgSdkInfo' cost while wrapping incremental declarations: 1 ms 
[2026-06-21T18:30:37.407] [DEBUG] debug-file - entry : default@GeneratePkgSdkInfo cost memory 0.10091400146484375
[2026-06-21T18:30:37.407] [DEBUG] debug-file - runTaskFromQueue task cost before running: 1 s 985 ms 
[2026-06-21T18:30:37.407] [INFO] debug-file - Finished :entry:default@GeneratePkgSdkInfo... after 2 ms 
[2026-06-21T18:30:37.409] [DEBUG] debug-file - Executing task :entry:default@ProcessIntegratedHsp
[2026-06-21T18:30:37.410] [DEBUG] debug-file - entry:default@ProcessIntegratedHsp is not up-to-date, since the output file 'D:\audio-format-switch-master\audio-format-switch-master\build\cache\default\integrated_hsp\integratedHspCache.json' does not exist.
[2026-06-21T18:30:37.410] [DEBUG] debug-file - Incremental task entry:default@ProcessIntegratedHsp pre-execution cost: 1 ms .
[2026-06-21T18:30:37.410] [DEBUG] debug-file - entry : default@ProcessIntegratedHsp cost memory 0.0573883056640625
[2026-06-21T18:30:37.410] [DEBUG] debug-file - runTaskFromQueue task cost before running: 1 s 988 ms 
[2026-06-21T18:30:37.410] [INFO] debug-file - Finished :entry:default@ProcessIntegratedHsp... after 1 ms 
[2026-06-21T18:30:37.410] [DEBUG] debug-file - Executing task :entry:default@BuildNativeWithCmake
[2026-06-21T18:30:37.411] [DEBUG] debug-file - entry : default@BuildNativeWithCmake cost memory 0.0150604248046875
[2026-06-21T18:30:37.411] [DEBUG] debug-file - runTaskFromQueue task cost before running: 1 s 989 ms 
[2026-06-21T18:30:37.411] [INFO] debug-file - Finished :entry:default@BuildNativeWithCmake... after 1 ms 
[2026-06-21T18:30:37.411] [DEBUG] debug-file - Executing task :entry:default@MakePackInfo
[2026-06-21T18:30:37.414] [DEBUG] debug-file - Incremental task entry:default@MakePackInfo pre-execution cost: 2 ms .
[2026-06-21T18:30:37.414] [DEBUG] debug-file - entry : default@MakePackInfo cost memory 0.13246917724609375
[2026-06-21T18:30:37.414] [INFO] debug-file - UP-TO-DATE :entry:default@MakePackInfo...  
[2026-06-21T18:30:37.415] [DEBUG] debug-file - Executing task :entry:default@SyscapTransform
[2026-06-21T18:30:37.415] [DEBUG] debug-file - File: 'D:\audio-format-switch-master\audio-format-switch-master\entry\src\main\syscap.json' from 'sysCapJsonPath' is not exists, just ignore.
[2026-06-21T18:30:37.416] [DEBUG] debug-file - Task 'entry:default@SyscapTransform' cost while wrapping incremental declarations: 1 ms 
[2026-06-21T18:30:37.425] [DEBUG] debug-file - entry:default@SyscapTransform is not up-to-date, since the output file 'D:\audio-format-switch-master\audio-format-switch-master\entry\build\default\intermediates\syscap\default\rpcid.sc' does not exist.
[2026-06-21T18:30:37.425] [DEBUG] debug-file - Incremental task entry:default@SyscapTransform pre-execution cost: 9 ms .
[2026-06-21T18:30:37.425] [DEBUG] debug-file - entry : default@SyscapTransform cost memory 0.1491851806640625
[2026-06-21T18:30:37.425] [DEBUG] debug-file - runTaskFromQueue task cost before running: 2 s 3 ms 
[2026-06-21T18:30:37.425] [INFO] debug-file - Finished :entry:default@SyscapTransform... after 11 ms 
[2026-06-21T18:30:37.427] [DEBUG] debug-file - Executing task :entry:default@ProcessProfile
[2026-06-21T18:30:37.428] [DEBUG] debug-file - Task 'entry:default@ProcessProfile' cost while wrapping incremental declarations: 1 ms 
[2026-06-21T18:30:37.429] [DEBUG] debug-file - Incremental task entry:default@ProcessProfile pre-execution cost: 1 ms .
[2026-06-21T18:30:37.429] [DEBUG] debug-file - entry : default@ProcessProfile cost memory 0.13838958740234375
[2026-06-21T18:30:37.429] [INFO] debug-file - UP-TO-DATE :entry:default@ProcessProfile...  
[2026-06-21T18:30:37.430] [DEBUG] debug-file - Executing task :entry:default@ProcessRouterMap
[2026-06-21T18:30:37.432] [DEBUG] debug-file - Incremental task entry:default@ProcessRouterMap pre-execution cost: 2 ms .
[2026-06-21T18:30:37.432] [DEBUG] debug-file - entry : default@ProcessRouterMap cost memory 0.163177490234375
[2026-06-21T18:30:37.432] [INFO] debug-file - UP-TO-DATE :entry:default@ProcessRouterMap...  
[2026-06-21T18:30:37.433] [DEBUG] debug-file - Executing task :entry:default@ProcessShareConfig
[2026-06-21T18:30:37.434] [DEBUG] debug-file - Incremental task entry:default@ProcessShareConfig pre-execution cost: 1 ms .
[2026-06-21T18:30:37.434] [DEBUG] debug-file - entry : default@ProcessShareConfig cost memory 0.13625335693359375
[2026-06-21T18:30:37.434] [INFO] debug-file - UP-TO-DATE :entry:default@ProcessShareConfig...  
[2026-06-21T18:30:37.435] [DEBUG] debug-file - Executing task :entry:default@ProcessStartupConfig
[2026-06-21T18:30:37.435] [DEBUG] debug-file - Task 'entry:default@ProcessStartupConfig' cost while wrapping incremental declarations: 1 ms 
[2026-06-21T18:30:37.436] [DEBUG] debug-file - entry:default@ProcessStartupConfig is not up-to-date, since the output file 'D:\audio-format-switch-master\audio-format-switch-master\entry\build\default\intermediates\startup\default\startup_config.json' does not exist.
[2026-06-21T18:30:37.436] [DEBUG] debug-file - Incremental task entry:default@ProcessStartupConfig pre-execution cost: 1 ms .
[2026-06-21T18:30:37.436] [DEBUG] debug-file - entry : default@ProcessStartupConfig cost memory 0.161376953125
[2026-06-21T18:30:37.437] [DEBUG] debug-file - runTaskFromQueue task cost before running: 2 s 15 ms 
[2026-06-21T18:30:37.437] [INFO] debug-file - Finished :entry:default@ProcessStartupConfig... after 2 ms 
[2026-06-21T18:30:37.437] [DEBUG] debug-file - Executing task :entry:default@BuildNativeWithNinja
[2026-06-21T18:30:37.438] [DEBUG] debug-file - entry : default@BuildNativeWithNinja cost memory 0.020782470703125
[2026-06-21T18:30:37.438] [DEBUG] debug-file - runTaskFromQueue task cost before running: 2 s 16 ms 
[2026-06-21T18:30:37.438] [INFO] debug-file - Finished :entry:default@BuildNativeWithNinja... after 1 ms 
[2026-06-21T18:30:37.439] [DEBUG] debug-file - restool module names: entry; moduleName=entry, taskName=default@ProcessResource
[2026-06-21T18:30:37.440] [DEBUG] debug-file - Executing task :entry:default@ProcessResource
[2026-06-21T18:30:37.440] [DEBUG] debug-file - Task 'entry:default@ProcessResource' cost while wrapping incremental declarations: 1 ms 
[2026-06-21T18:30:37.441] [DEBUG] debug-file - Incremental task entry:default@ProcessResource pre-execution cost: 1 ms .
[2026-06-21T18:30:37.441] [DEBUG] debug-file - entry : default@ProcessResource cost memory 0.13959503173828125
[2026-06-21T18:30:37.442] [INFO] debug-file - UP-TO-DATE :entry:default@ProcessResource...  
[2026-06-21T18:30:37.443] [DEBUG] debug-file - Executing task :entry:default@GenerateLoaderJson
[2026-06-21T18:30:37.443] [DEBUG] debug-file - Task 'entry:default@GenerateLoaderJson' cost while wrapping incremental declarations: 1 ms 
[2026-06-21T18:30:37.448] [DEBUG] debug-file - Incremental task entry:default@GenerateLoaderJson pre-execution cost: 3 ms .
[2026-06-21T18:30:37.448] [DEBUG] debug-file - entry : default@GenerateLoaderJson cost memory 0.75396728515625
[2026-06-21T18:30:37.450] [INFO] debug-file - UP-TO-DATE :entry:default@GenerateLoaderJson...  
[2026-06-21T18:30:37.450] [DEBUG] debug-file - Executing task :entry:default@ProcessLibs
[2026-06-21T18:30:37.452] [DEBUG] debug-file - Incremental task entry:default@ProcessLibs pre-execution cost: 2 ms .
[2026-06-21T18:30:37.452] [DEBUG] debug-file - entry : default@ProcessLibs cost memory 0.350616455078125
[2026-06-21T18:30:37.453] [INFO] debug-file - UP-TO-DATE :entry:default@ProcessLibs...  
[2026-06-21T18:30:37.453] [DEBUG] debug-file - restool module names: entry; moduleName=entry, taskName=default@CompileResource
[2026-06-21T18:30:37.453] [DEBUG] debug-file - Executing task :entry:default@CompileResource
[2026-06-21T18:30:37.463] [DEBUG] debug-file - Incremental task entry:default@CompileResource pre-execution cost: 9 ms .
[2026-06-21T18:30:37.463] [DEBUG] debug-file - entry : default@CompileResource cost memory 0.9985885620117188
[2026-06-21T18:30:37.464] [INFO] debug-file - UP-TO-DATE :entry:default@CompileResource...  
[2026-06-21T18:30:37.464] [DEBUG] debug-file - Executing task :entry:default@DoNativeStrip
[2026-06-21T18:30:37.464] [DEBUG] debug-file - File: 'D:\audio-format-switch-master\audio-format-switch-master\entry\build\default\intermediates\binxo\default' from 'doBinxoNativeLibs' is not exists, just ignore.
[2026-06-21T18:30:37.465] [DEBUG] debug-file - Task 'entry:default@DoNativeStrip' cost while wrapping incremental declarations: 1 ms 
[2026-06-21T18:30:37.465] [DEBUG] debug-file - Incremental task entry:default@DoNativeStrip pre-execution cost: 1 ms .
[2026-06-21T18:30:37.465] [DEBUG] debug-file - entry : default@DoNativeStrip cost memory 0.09554290771484375
[2026-06-21T18:30:37.465] [INFO] debug-file - UP-TO-DATE :entry:default@DoNativeStrip...  
[2026-06-21T18:30:37.466] [DEBUG] debug-file - Executing task :entry:default@CompileArkTS
[2026-06-21T18:30:37.467] [DEBUG] debug-file - obfuscationOptions: undefined
[2026-06-21T18:30:37.467] [DEBUG] debug-file - Task 'entry:default@CompileArkTS' cost while wrapping incremental declarations: 1 ms 
[2026-06-21T18:30:37.473] [DEBUG] debug-file - entry:default@CompileArkTS is not up-to-date, since the input file 'D:\audio-format-switch-master\audio-format-switch-master\entry\src\main\ets' has been changed.
[2026-06-21T18:30:37.473] [DEBUG] debug-file - Incremental task entry:default@CompileArkTS pre-execution cost: 5 ms .
[2026-06-21T18:30:37.497] [DEBUG] debug-file - build config:
[2026-06-21T18:30:37.498] [DEBUG] debug-file - {
  moduleType: 'entry',
  perf: 0,
  targetName: '.default',
  packageManagerType: 'ohpm',
  localPropertiesPath: 'D:\\audio-format-switch-master\\audio-format-switch-master\\local.properties',
  isPreview: false,
  isOhosTest: false,
  isLocalTest: false,
  buildMode: 'Debug',
  hotReloadBuild: undefined,
  watchMode: 'false',
  aceProfilePath: 'D:\\audio-format-switch-master\\audio-format-switch-master\\entry\\build\\default\\intermediates\\res\\default\\resources\\base\\profile',
  etsLoaderPath: 'E:\\DevEco Studio\\sdk\\default\\openharmony\\ets\\build-tools\\ets-loader',
  modulePath: 'D:\\audio-format-switch-master\\audio-format-switch-master\\entry',
  testFrameworkPar: {
    testMode: undefined,
    coveragePathFilter: undefined,
    coverageMode: undefined
  },
  needCoverageInsert: false,
  debugLine: false,
  projectTopDir: 'D:\\audio-format-switch-master\\audio-format-switch-master',
  compileSdkVersion: 23,
  compatibleSdkVersion: 20,
  originCompatibleSdkVersion: '6.0.0(20)',
  compatibleSdkVersionStage: undefined,
  bundleName: 'c***h',
  etsLoaderVersion: '6.1.0.105',
  etsLoaderReleaseType: 'Release',
  aotCompileMode: 'type',
  apPath: 'D:\\audio-format-switch-master\\audio-format-switch-master\\entry\\modules.ap',
  entryModuleName: 'entry',
  entryModuleVersion: '1.0.0',
  entryPackageName: 'entry',
  allModuleNameHash: 'be3e1490a19bd8d07662eb3de867532949623b451f558485d971c2f27ee92973',
  externalApiPaths: [ 'E:\\DevEco Studio\\sdk\\default\\hms\\ets' ],
  compilerTypes: [],
  isCrossplatform: false,
  hvigorPluginFile: undefined,
  compilePluginPath: undefined,
  buildGeneratedProfilePath: 'D:\\audio-format-switch-master\\audio-format-switch-master\\entry\\build\\default\\generated\\profile\\default',
  bundleType: 'app',
  arkTSVersion: undefined,
  apiVersion: 23,
  needCompleteSourcesMap: false,
  isFaMode: false,
  buildDir: 'D:\\audio-format-switch-master\\audio-format-switch-master\\entry\\build',
  deviceTypes: [ 'phone' ],
  pkgContextInfo: {
    entry: {
      packageName: 'entry',
      bundleName: '*****',
      moduleName: '',
      version: '',
      entryPath: 'src/main/',
      isSO: false,
      dependencyAlias: ''
    }
  },
  ohPackagePathMap: {},
  dependencyAliasMap: {},
  permission: { requestPermissions: undefined, definePermissions: undefined },
  useGetCurrentBundleName: false,
  projectArkOption: undefined,
  sourceMapDir: undefined,
  branchElimination: false,
  transformLib: undefined,
  tsImportSendable: false,
  resolveConflictMode: true,
  depName2RootPath: {},
  depName2DepInfo: {},
  depName2OhExports: {},
  rootPathSet: [ 'D:\\audio-format-switch-master\\audio-format-switch-master' ],
  useNativeResolver: true,
  shouldEmitJs: true,
  useTscResolve: false,
  singleFileEmit: false,
  userProjectConfig: {
    autoLazyImport: false,
    allowEmptyBundleName: false,
    reExportCheckMode: 'noCheck',
    executionMode: 'memory',
    usePathPlaceholder: false,
    writeRollupCache: true,
    isExpandImportEnabled: false,
    expandImportExclude: '',
    lazyImportExclude: '',
    lazyImportInclude: '',
    ignoreCrossplatformCheck: false,
    isHarDeduplicateEnabled: false,
    skipOhModulesLint: false,
    enableStrictCheckOHModule: false,
    disableSendableCheckRules: [],
    useDeclarationFileSignature: false,
    customizedOptions: undefined,
    integratedHsp: false,
    isPreloadSoEnabled: false
  },
  executionMode: 'memory',
  arkCompileCachePath: 'D:\\audio-format-switch-master\\audio-format-switch-master\\entry\\build\\default\\cache\\default\\default@CompileArkTS\\esmodule',
  autoLazyFilter: undefined,
  isHarDeduplicateEnabled: false,
  intermediateHarDuplicateDirPath: 'D:\\audio-format-switch-master\\audio-format-switch-master\\entry\\build\\default\\intermediates\\har_duplicate\\default',
  autoLazyImport: false,
  allowEmptyBundleName: false,
  reExportCheckMode: 'noCheck',
  usePathPlaceholder: false,
  writeRollupCache: true,
  isExpandImportEnabled: false,
  expandImportExclude: '',
  lazyImportExclude: '',
  lazyImportInclude: '',
  ignoreCrossplatformCheck: false,
  skipOhModulesLint: false,
  enableStrictCheckOHModule: false,
  disableSendableCheckRules: [],
  useDeclarationFileSignature: false,
  customizedOptions: undefined,
  integratedHsp: false,
  isPreloadSoEnabled: false,
  strictMode: {
    caseSensitiveCheck: true,
    useNormalizedOHMUrl: true,
    noExternalImportByPath: true
  },
  useNormalizedOHMUrl: true,
  caseSensitiveCheck: true,
  aceModuleJsonPath: 'D:\\audio-format-switch-master\\audio-format-switch-master\\entry\\build\\default\\intermediates\\res\\default\\ark_module.json',
  appResource: 'D:\\audio-format-switch-master\\audio-format-switch-master\\entry\\build\\default\\intermediates\\res\\default\\ResourceTable.txt',
  rawFileResource: 'D:\\audio-format-switch-master\\audio-format-switch-master\\entry\\build\\default\\intermediates\\res\\default\\resources\\rawfile',
  resourceTableHash: '6c01846ec43f83dda3236b826ce3ee4717843f851a24bccd7722c8787b896537',
  runtimeOS: 'HarmonyOS',
  sdkInfo: 'false:23:6.1.0.105:Release',
  aceModuleRoot: 'D:\\audio-format-switch-master\\audio-format-switch-master\\entry\\src\\main\\ets',
  compileMode: 'esmodule',
  aceSuperVisualPath: 'D:\\audio-format-switch-master\\audio-format-switch-master\\entry\\src\\main\\supervisual',
  aceBuildJson: 'D:\\audio-format-switch-master\\audio-format-switch-master\\entry\\build\\default\\intermediates\\loader\\default\\loader.json',
  cachePath: 'D:\\audio-format-switch-master\\audio-format-switch-master\\entry\\build\\default\\cache\\default\\default@CompileArkTS\\esmodule\\debug',
  aceModuleBuild: 'D:\\audio-format-switch-master\\audio-format-switch-master\\entry\\build\\default\\intermediates\\loader_out\\default\\ets',
  supportChunks: true,
  declaredFilesPath: undefined,
  shouldCollectDirectImportees: false,
  isByteCodeHarOptimize: false,
  expandImportPath: undefined,
  resourceTableTs: 'D:\\audio-format-switch-master\\audio-format-switch-master\\entry\\build\\default\\generated\\r\\default\\ResourceTable.ts',
  moduleMetaInfoFiles: [
    {
      filePath: 'D:\\audio-format-switch-master\\audio-format-switch-master\\entry\\build\\default\\generated\\r\\default\\ResourceTable.ts',
      ohmurl: '&entry/build/generated/r/ResourceTable&'
    }
  ],
  pkgNameToPkgBriefInfo: {
    entry: {
      pkgRoot: 'D:\\audio-format-switch-master\\audio-format-switch-master\\entry',
      originalSourceRoots: undefined,
      sourceRoots: [Array],
      pkgName: 'entry'
    }
  },
  projectModel: {
    'D:\\audio-format-switch-master\\audio-format-switch-master\\entry\\src\\main': {
      moduleName: 'entry',
      modulePkgPath: 'D:\\audio-format-switch-master\\audio-format-switch-master\\entry',
      belongProjectPath: 'D:\\audio-format-switch-master\\audio-format-switch-master'
    },
    'D:\\audio-format-switch-master\\audio-format-switch-master\\entry': {
      moduleName: 'entry',
      modulePkgPath: 'D:\\audio-format-switch-master\\audio-format-switch-master\\entry',
      belongProjectPath: 'D:\\audio-format-switch-master\\audio-format-switch-master'
    },
    'D:\\audio-format-switch-master\\audio-format-switch-master': {
      moduleName: 'audio-format-switch-master',
      modulePkgPath: 'D:\\audio-format-switch-master\\audio-format-switch-master',
      belongProjectPath: 'D:\\audio-format-switch-master\\audio-format-switch-master'
    }
  },
  pkgJsonFileHash: '3988b0835bccf210dee13376ccba6999fb1b98adb421db068b476e7002ad0e2d',
  allModulePaths: [
    'D:\\audio-format-switch-master\\audio-format-switch-master\\entry'
  ],
  routerMap: {},
  obfuscationOptions: undefined,
  byteCodeHarToDependencyKeys: undefined,
  compileBlockPkg: [],
  mockParams: {
    decorator: '@MockSetup',
    packageName: '@ohos/hamock',
    etsSourceRootPath: 'src/main/ets',
    mockConfigPath: undefined,
    mockConfigKey2ModuleInfo: {},
    source2ModuleIdMap: {}
  },
  copyCodeResourceEnable: false,
  copyCodeResourceExcludes: [],
  copyCodeResourceIncludes: undefined,
  uiTransformOptimization: false,
  sdkPath: 'E:/DevEco Studio/sdk',
  needPreloadSoFileSet: {},
  preloadSoFilePath: 'D:\\audio-format-switch-master\\audio-format-switch-master\\entry\\build\\default\\intermediates\\preload\\default\\preload.json',
  useSourceHash: false,
  localModuleParamMap: {},
  otherPaths: {
    'entry/*': [
      '..\\*',
      '..\\..\\..\\build\\default\\generated\\profile\\default\\*'
    ]
  },
  collectImportersConfig: undefined
}
[2026-06-21T18:30:37.499] [DEBUG] debug-file - Compile arkts with external api path: E:\DevEco Studio\sdk\default\hms\ets
[2026-06-21T18:30:37.501] [DEBUG] debug-file - default@CompileArkTS work[0] is submitted.
[2026-06-21T18:30:37.501] [DEBUG] debug-file - default@CompileArkTS work[0] is pushed to ready queue.
[2026-06-21T18:30:37.501] [DEBUG] debug-file - A work dispatched to worker[23] failed because unable to get work from ready queue.
[2026-06-21T18:30:37.501] [DEBUG] debug-file - A work dispatched to worker[22] failed because unable to get work from ready queue.
[2026-06-21T18:30:37.501] [DEBUG] debug-file - A work dispatched to worker[21] failed because unable to get work from ready queue.
[2026-06-21T18:30:37.501] [DEBUG] debug-file - A work dispatched to worker[20] failed because unable to get work from ready queue.
[2026-06-21T18:30:37.501] [DEBUG] debug-file - A work dispatched to worker[19] failed because unable to get work from ready queue.
[2026-06-21T18:30:37.501] [DEBUG] debug-file - A work dispatched to worker[18] failed because unable to get work from ready queue.
[2026-06-21T18:30:37.501] [DEBUG] debug-file - A work dispatched to worker[17] failed because unable to get work from ready queue.
[2026-06-21T18:30:37.501] [DEBUG] debug-file - A work dispatched to worker[16] failed because unable to get work from ready queue.
[2026-06-21T18:30:37.501] [DEBUG] debug-file - A work dispatched to worker[15] failed because unable to get work from ready queue.
[2026-06-21T18:30:37.502] [DEBUG] debug-file - A work dispatched to worker[14] failed because unable to get work from ready queue.
[2026-06-21T18:30:37.502] [DEBUG] debug-file - A work dispatched to worker[13] failed because unable to get work from ready queue.
[2026-06-21T18:30:37.502] [DEBUG] debug-file - A work dispatched to worker[12] failed because unable to get work from ready queue.
[2026-06-21T18:30:37.502] [DEBUG] debug-file - A work dispatched to worker[11] failed because unable to get work from ready queue.
[2026-06-21T18:30:37.502] [DEBUG] debug-file - A work dispatched to worker[10] failed because unable to get work from ready queue.
[2026-06-21T18:30:37.502] [DEBUG] debug-file - A work dispatched to worker[9] failed because unable to get work from ready queue.
[2026-06-21T18:30:37.502] [DEBUG] debug-file - A work dispatched to worker[8] failed because unable to get work from ready queue.
[2026-06-21T18:30:37.502] [DEBUG] debug-file - A work dispatched to worker[7] failed because unable to get work from ready queue.
[2026-06-21T18:30:37.502] [DEBUG] debug-file - A work dispatched to worker[6] failed because unable to get work from ready queue.
[2026-06-21T18:30:37.502] [DEBUG] debug-file - A work dispatched to worker[5] failed because unable to get work from ready queue.
[2026-06-21T18:30:37.502] [DEBUG] debug-file - Create  resident worker with id: 4.
[2026-06-21T18:30:37.503] [DEBUG] debug-file - default@CompileArkTS work[0] has been dispatched to worker[4].
[2026-06-21T18:30:37.503] [DEBUG] debug-file - default@CompileArkTS work[0] is dispatched.
[2026-06-21T18:30:37.503] [DEBUG] debug-file - entry : default@CompileArkTS cost memory -9.779205322265625
[2026-06-21T18:30:37.504] [DEBUG] debug-file - Executing task :entry:default@BuildJS
[2026-06-21T18:30:37.504] [DEBUG] debug-file - Task 'entry:default@BuildJS' cost while wrapping incremental declarations: 1 ms 
[2026-06-21T18:30:37.507] [DEBUG] debug-file - entry : default@BuildJS cost memory 0.1654510498046875
[2026-06-21T18:30:37.507] [DEBUG] debug-file - runTaskFromQueue task cost before running: 2 s 85 ms 
[2026-06-21T18:30:37.507] [INFO] debug-file - Finished :entry:default@BuildJS... after 4 ms 
[2026-06-21T18:30:37.508] [DEBUG] debug-file - Executing task :entry:default@CacheNativeLibs
[2026-06-21T18:30:37.508] [DEBUG] debug-file - File: 'D:\audio-format-switch-master\audio-format-switch-master\entry\build\default\intermediates\binxo\default' from 'cacheBinxoNativeLibs' is not exists, just ignore.
[2026-06-21T18:30:37.509] [DEBUG] debug-file - Task 'entry:default@CacheNativeLibs' cost while wrapping incremental declarations: 1 ms 
[2026-06-21T18:30:37.509] [DEBUG] debug-file - Incremental task entry:default@CacheNativeLibs pre-execution cost: 1 ms .
[2026-06-21T18:30:37.509] [DEBUG] debug-file - entry : default@CacheNativeLibs cost memory 0.12490081787109375
[2026-06-21T18:30:37.510] [INFO] debug-file - UP-TO-DATE :entry:default@CacheNativeLibs...  
[2026-06-21T18:30:55.147] [DEBUG] debug-file - worker[4] has one work error.
[2026-06-21T18:30:55.148] [DEBUG] debug-file - default@CompileArkTS work[0] failed.
[2026-06-21T18:30:55.147] [DEBUG] debug-file - Ark compile task finished.finished time is 1628994841783400
[2026-06-21T18:30:55.148] [ERROR] debug-file - Failed :entry:default@CompileArkTS... 
[2026-06-21T18:30:55.148] [WARN] debug-file - 
[33m1 WARN: [33m[33mArkTS:WARN File: D:/audio-format-switch-master/audio-format-switch-master/entry/src/main/ets/components/ControlAreaComponent.ets:282:7
 Function may throw exceptions. Special handling is required.
[39m[39m
[33m2 WARN: [33m[33mArkTS:WARN File: D:/audio-format-switch-master/audio-format-switch-master/entry/src/main/ets/components/ControlAreaComponent.ets:294:7
 Function may throw exceptions. Special handling is required.
[39m[39m
[33m3 WARN: [33m[33mArkTS:WARN File: D:/audio-format-switch-master/audio-format-switch-master/entry/src/main/ets/pages/Index.ets:144:7
 Function may throw exceptions. Special handling is required.
[39m[39m
[33m4 WARN: [33m[33mArkTS:WARN File: D:/audio-format-switch-master/audio-format-switch-master/entry/src/main/ets/pages/Index.ets:156:7
 Function may throw exceptions. Special handling is required.
[39m[39m
[2026-06-21T18:30:55.148] [DEBUG] debug-file - hvigor build process will be closed with an error.
[2026-06-21T18:30:55.162] [DEBUG] debug-file - ERROR: stacktrace = Error: ArkTS Compiler Error
[31m1 ERROR: [31m10505001 ArkTS Compiler Error
Error Message: Argument of type '{ duration: number; easing: string; }' is not assignable to parameter of type 'AnimateParam'.
  Object literal may only specify known properties, and 'easing' does not exist in type 'AnimateParam'. At File: D:/audio-format-switch-master/audio-format-switch-master/entry/src/main/ets/pages/Index.ets:97:13
[39m
[39m
[31mCOMPILE RESULT:FAIL {ERROR:2 WARN:4}[39m
    at runArkPack (E:\DevEco Studio\tools\hvigor\hvigor-ohos-plugin\node_modules\@ohos\hvigor-arkts-compose\dist\src\arkts-pack.js:1:5076)
ArkTSCompilerError: ArkTS Compiler Error
    at throwArkTsCompilerError (E:\DevEco Studio\tools\hvigor\hvigor-ohos-plugin\node_modules\@ohos\hvigor-arkts-compose\dist\src\data\compose-error.js:1:423)
    at throwErrorIfHasErrorInfo (E:\DevEco Studio\tools\hvigor\hvigor-ohos-plugin\node_modules\@ohos\hvigor-arkts-compose\dist\src\plugins\common-plugin.js:1:4894)
    at Object.handler (E:\DevEco Studio\tools\hvigor\hvigor-ohos-plugin\node_modules\@ohos\hvigor-arkts-compose\dist\src\plugins\common-plugin.js:1:2989)
    at E:\DevEco Studio\tools\hvigor\hvigor-ohos-plugin\node_modules\@ohos\hvigor-arkts-base\node_modules\rollup\dist\shared\rollup.js:27864:40
[2026-06-21T18:30:55.162] [ERROR] debug-file - Error: ArkTS Compiler Error
[31m1 ERROR: [31m10505001 ArkTS Compiler Error
Error Message: Argument of type '{ duration: number; easing: string; }' is not assignable to parameter of type 'AnimateParam'.
  Object literal may only specify known properties, and 'easing' does not exist in type 'AnimateParam'. At File: D:/audio-format-switch-master/audio-format-switch-master/entry/src/main/ets/pages/Index.ets:97:13
[39m
[39m
[31mCOMPILE RESULT:FAIL {ERROR:2 WARN:4}[39m
    at runArkPack (E:\DevEco Studio\tools\hvigor\hvigor-ohos-plugin\node_modules\@ohos\hvigor-arkts-compose\dist\src\arkts-pack.js:1:5076)
ArkTSCompilerError: ArkTS Compiler Error
    at throwArkTsCompilerError (E:\DevEco Studio\tools\hvigor\hvigor-ohos-plugin\node_modules\@ohos\hvigor-arkts-compose\dist\src\data\compose-error.js:1:423)
    at throwErrorIfHasErrorInfo (E:\DevEco Studio\tools\hvigor\hvigor-ohos-plugin\node_modules\@ohos\hvigor-arkts-compose\dist\src\plugins\common-plugin.js:1:4894)
    at Object.handler (E:\DevEco Studio\tools\hvigor\hvigor-ohos-plugin\node_modules\@ohos\hvigor-arkts-compose\dist\src\plugins\common-plugin.js:1:2989)
    at E:\DevEco Studio\tools\hvigor\hvigor-ohos-plugin\node_modules\@ohos\hvigor-arkts-base\node_modules\rollup\dist\shared\rollup.js:27864:40
[2026-06-21T18:30:55.179] [ERROR] debug-file - BUILD FAILED in 19 s 756 ms 
[2026-06-21T18:30:55.179] [DEBUG] debug-file - There is no need to refresh cache, since the incremental task entry:default@PreBuild is up-to-date.
[2026-06-21T18:30:55.179] [DEBUG] debug-file - Update task entry:default@CreateModuleInfo output file:D:\audio-format-switch-master\audio-format-switch-master\entry\build\default\generated\profile\default\ModuleInfo.ts cache.
[2026-06-21T18:30:55.180] [DEBUG] debug-file - Incremental task entry:default@CreateModuleInfo post-execution cost:1 ms .
[2026-06-21T18:30:55.180] [DEBUG] debug-file - There is no need to refresh cache, since the incremental task entry:default@GenerateMetadata is up-to-date.
[2026-06-21T18:30:55.180] [DEBUG] debug-file - There is no need to refresh cache, since the incremental task entry:default@MergeProfile is up-to-date.
[2026-06-21T18:30:55.180] [DEBUG] debug-file - There is no need to refresh cache, since the incremental task entry:default@CreateBuildProfile is up-to-date.
[2026-06-21T18:30:55.180] [DEBUG] debug-file - There is no need to refresh cache, since the incremental task entry:default@GeneratePkgContextInfo is up-to-date.
[2026-06-21T18:30:55.180] [DEBUG] debug-file - Update task entry:default@GeneratePkgSdkInfo output file:D:\audio-format-switch-master\audio-format-switch-master\entry\build\default\intermediates\loader\default\pkgSdkInfo.json cache.
[2026-06-21T18:30:55.180] [DEBUG] debug-file - Incremental task entry:default@GeneratePkgSdkInfo post-execution cost:1 ms .
[2026-06-21T18:30:55.180] [DEBUG] debug-file - Update task entry:default@ProcessIntegratedHsp output file:D:\audio-format-switch-master\audio-format-switch-master\build\cache\default\integrated_hsp\integratedHspCache.json cache.
[2026-06-21T18:30:55.180] [DEBUG] debug-file - Incremental task entry:default@ProcessIntegratedHsp post-execution cost:1 ms .
[2026-06-21T18:30:55.180] [DEBUG] debug-file - There is no need to refresh cache, since the incremental task entry:default@MakePackInfo is up-to-date.
[2026-06-21T18:30:55.180] [DEBUG] debug-file - Update task entry:default@SyscapTransform input file:E:\DevEco Studio\sdk\default\openharmony\toolchains\syscap_tool.exe cache by regenerate.
[2026-06-21T18:30:55.181] [DEBUG] debug-file - Update task entry:default@SyscapTransform input file:E:\DevEco Studio\sdk\default\openharmony\ets\api\device-define cache by regenerate.
[2026-06-21T18:30:55.182] [DEBUG] debug-file - Update task entry:default@SyscapTransform output file:D:\audio-format-switch-master\audio-format-switch-master\entry\build\default\intermediates\syscap\default\rpcid.sc cache.
[2026-06-21T18:30:55.182] [DEBUG] debug-file - Incremental task entry:default@SyscapTransform post-execution cost:2 ms .
[2026-06-21T18:30:55.182] [DEBUG] debug-file - There is no need to refresh cache, since the incremental task entry:default@ProcessProfile is up-to-date.
[2026-06-21T18:30:55.182] [DEBUG] debug-file - There is no need to refresh cache, since the incremental task entry:default@ProcessRouterMap is up-to-date.
[2026-06-21T18:30:55.182] [DEBUG] debug-file - There is no need to refresh cache, since the incremental task entry:default@ProcessShareConfig is up-to-date.
[2026-06-21T18:30:55.184] [DEBUG] debug-file - Update task entry:default@ProcessStartupConfig input file:D:\audio-format-switch-master\audio-format-switch-master\entry\build\default\intermediates\loader\default\pkgContextInfo.json cache by regenerate.
[2026-06-21T18:30:55.184] [DEBUG] debug-file - Update task entry:default@ProcessStartupConfig output file:D:\audio-format-switch-master\audio-format-switch-master\entry\build\default\intermediates\startup\default\startup_config.json cache.
[2026-06-21T18:30:55.184] [DEBUG] debug-file - Incremental task entry:default@ProcessStartupConfig post-execution cost:1 ms .
[2026-06-21T18:30:55.184] [DEBUG] debug-file - There is no need to refresh cache, since the incremental task entry:default@ProcessResource is up-to-date.
[2026-06-21T18:30:55.184] [DEBUG] debug-file - There is no need to refresh cache, since the incremental task entry:default@GenerateLoaderJson is up-to-date.
[2026-06-21T18:30:55.185] [DEBUG] debug-file - There is no need to refresh cache, since the incremental task entry:default@ProcessLibs is up-to-date.
[2026-06-21T18:30:55.185] [DEBUG] debug-file - There is no need to refresh cache, since the incremental task entry:default@CompileResource is up-to-date.
[2026-06-21T18:30:55.185] [DEBUG] debug-file - There is no need to refresh cache, since the incremental task entry:default@DoNativeStrip is up-to-date.
[2026-06-21T18:30:55.186] [DEBUG] debug-file - Update task entry:default@CompileArkTS input file:D:\audio-format-switch-master\audio-format-switch-master\entry\build\default\intermediates\loader\default cache by regenerate.
[2026-06-21T18:30:55.187] [DEBUG] debug-file - Update task entry:default@CompileArkTS input file:D:\audio-format-switch-master\audio-format-switch-master\entry\build\default\intermediates\res\default\resources\rawfile cache by regenerate.
[2026-06-21T18:30:55.188] [DEBUG] debug-file - Update task entry:default@CompileArkTS input file:D:\audio-format-switch-master\audio-format-switch-master\entry\build\default\intermediates\res\default\ResourceTable.txt cache by regenerate.
[2026-06-21T18:30:55.188] [DEBUG] debug-file - Update task entry:default@CompileArkTS input file:D:\audio-format-switch-master\audio-format-switch-master\entry\build\default\intermediates\res\default\ark_module.json cache by regenerate.
[2026-06-21T18:30:55.188] [DEBUG] debug-file - Update task entry:default@CompileArkTS input file:D:\audio-format-switch-master\audio-format-switch-master\entry\build\default\intermediates\res\default\resources\base\profile cache by regenerate.
[2026-06-21T18:30:55.189] [DEBUG] debug-file - Update task entry:default@CompileArkTS input file:D:\audio-format-switch-master\audio-format-switch-master\entry\src\main\ets cache from map.
[2026-06-21T18:30:55.189] [DEBUG] debug-file - Update task entry:default@CompileArkTS input file:D:\audio-format-switch-master\audio-format-switch-master\entry\build\default\intermediates\loader\default\pkgContextInfo.json cache by regenerate.
[2026-06-21T18:30:55.189] [DEBUG] debug-file - Update task entry:default@CompileArkTS input file:D:\audio-format-switch-master\audio-format-switch-master\entry\build\default\generated\profile\default\BuildProfile.ets cache by regenerate.
[2026-06-21T18:30:55.190] [DEBUG] debug-file - Update task entry:default@CompileArkTS output file:D:\audio-format-switch-master\audio-format-switch-master\entry\build\default\intermediates\loader_out\default\ets cache.
[2026-06-21T18:30:55.190] [DEBUG] debug-file - Incremental task entry:default@CompileArkTS post-execution cost:6 ms .
[2026-06-21T18:30:55.191] [DEBUG] debug-file - Update task entry:default@BuildJS input file:D:\audio-format-switch-master\audio-format-switch-master\entry\build\default\intermediates\loader\default cache by regenerate.
[2026-06-21T18:30:55.191] [DEBUG] debug-file - Update task entry:default@BuildJS input file:D:\audio-format-switch-master\audio-format-switch-master\entry\build\default\intermediates\res\default\resources\rawfile cache by regenerate.
[2026-06-21T18:30:55.192] [DEBUG] debug-file - Update task entry:default@BuildJS input file:D:\audio-format-switch-master\audio-format-switch-master\entry\build\default\intermediates\res\default\ResourceTable.txt cache by regenerate.
[2026-06-21T18:30:55.192] [DEBUG] debug-file - Update task entry:default@BuildJS input file:D:\audio-format-switch-master\audio-format-switch-master\entry\build\default\intermediates\res\default\ark_module.json cache by regenerate.
[2026-06-21T18:30:55.192] [DEBUG] debug-file - Update task entry:default@BuildJS input file:D:\audio-format-switch-master\audio-format-switch-master\entry\build\default\intermediates\res\default\resources\base\profile cache by regenerate.
[2026-06-21T18:30:55.193] [DEBUG] debug-file - Update task entry:default@BuildJS input file:D:\audio-format-switch-master\audio-format-switch-master\entry\build\default\intermediates\loader\default\pkgContextInfo.json cache by regenerate.
[2026-06-21T18:30:55.193] [DEBUG] debug-file - Update task entry:default@BuildJS output file:D:\audio-format-switch-master\audio-format-switch-master\entry\build\default\intermediates\loader_out\default\js cache.
[2026-06-21T18:30:55.193] [DEBUG] debug-file - Incremental task entry:default@BuildJS post-execution cost:4 ms .
[2026-06-21T18:30:55.193] [DEBUG] debug-file - There is no need to refresh cache, since the incremental task entry:default@CacheNativeLibs is up-to-date.
[2026-06-21T18:30:55.221] [DEBUG] debug-file - Cleanup worker 0.
[2026-06-21T18:30:55.221] [DEBUG] debug-file - Worker 0 has been cleaned up.
[2026-06-21T18:30:55.221] [DEBUG] debug-file - Current idle worker size: 2.
[2026-06-21T18:30:55.221] [DEBUG] debug-file - Current resident worker size: 3.
[2026-06-21T18:30:55.221] [DEBUG] debug-file - Cleanup worker 1.
[2026-06-21T18:30:55.221] [DEBUG] debug-file - Worker 1 has been cleaned up.
[2026-06-21T18:30:55.221] [DEBUG] debug-file - Current idle worker size: 1.
[2026-06-21T18:30:55.221] [DEBUG] debug-file - Current resident worker size: 3.
[2026-06-21T18:30:55.222] [DEBUG] debug-file - hvigor build process will be closed.
[2026-06-21T18:30:55.227] [DEBUG] debug-file - session manager: send message to worker process.
[2026-06-21T18:30:55.228] [DEBUG] debug-file - session manager: send message to worker process.
[2026-06-21T18:30:55.228] [DEBUG] debug-file - watch worker: worker id should be larger than 0. Nothing will be sent to any worker thread.
[2026-06-21T18:30:55.228] [DEBUG] debug-file - watch worker: worker id should be larger than 0. Nothing will be sent to any worker thread.
[2026-06-21T18:30:55.230] [DEBUG] debug-file - worker[1] exits with exit code 1.
[2026-06-21T18:30:55.230] [DEBUG] debug-file - worker[0] exits with exit code 1.
[2026-06-21T18:35:11.342] [DEBUG] debug-file - session manager: set active socket. socketId=coze_6MEOJ3UslGvAAAD
[2026-06-21T18:35:11.354] [DEBUG] debug-file - watch worker: worker id should be larger than 0. Nothing will be sent to any worker thread.
[2026-06-21T18:35:11.356] [DEBUG] debug-file - Workers' log level updated to INFO
[2026-06-21T18:35:11.360] [DEBUG] debug-file - Hvigor init with startParameters:{
  hvigorfileTypeCheck: false,
  parallelExecution: true,
  incrementalExecution: true,
  printStackTrace: false,
  daemon: true,
  analyze: 0,
  logLevel: Level { level: 20000, levelStr: 'INFO', colour: 'green' },
  optimizationStrategy: 'memory',
  hotCompile: undefined,
  hotReloadBuild: undefined,
  customizedParam: undefined
}
[2026-06-21T18:35:11.363] [DEBUG] debug-file - Cache service initialization finished in 3 ms 
[2026-06-21T18:35:11.363] [DEBUG] debug-file - hvigorfile, resolving D:\audio-format-switch-master\audio-format-switch-master\hvigorfile.ts
[2026-06-21T18:35:11.370] [DEBUG] debug-file - hvigorfile, require result:  { default: { plugins: [] } }
[2026-06-21T18:35:11.371] [DEBUG] debug-file - hvigorfile, binding system plugins null
[2026-06-21T18:35:11.371] [DEBUG] debug-file - Starting plugin build process
[2026-06-21T18:35:11.371] [DEBUG] debug-file - App plugin prepare start...
[2026-06-21T18:35:11.371] [DEBUG] debug-file - App plugin prepare end...
[2026-06-21T18:35:11.371] [DEBUG] debug-file - App plugin creating...
[2026-06-21T18:35:11.376] [DEBUG] debug-file - App plugin register hook start...
[2026-06-21T18:35:11.376] [DEBUG] debug-file - App plugin register hook end...
[2026-06-21T18:35:11.376] [DEBUG] debug-file - Plugin build process completed
[2026-06-21T18:35:11.377] [DEBUG] debug-file - Start initialize project's product build option map with build mode debug.
[2026-06-21T18:35:11.377] [DEBUG] debug-file - Picking option from product 'default' with build mode 'debug'.
[2026-06-21T18:35:11.377] [DEBUG] debug-file - Product 'default' build option initialized
[2026-06-21T18:35:11.377] [DEBUG] debug-file - End initialize project's product build option map with build mode 'debug'.
[2026-06-21T18:35:11.377] [DEBUG] debug-file - Obtain build option for product 'default'in this build.
[2026-06-21T18:35:11.378] [DEBUG] debug-file - No signingConfig found, initRemoteHspCache failed.
[2026-06-21T18:35:11.380] [DEBUG] debug-file - Start recording SDK configuration permission data.
[2026-06-21T18:35:11.399] [DEBUG] debug-file - Sdk init in 21 ms 
[2026-06-21T18:35:11.401] [DEBUG] debug-file - Project task initialization takes 2 ms 
[2026-06-21T18:35:11.401] [DEBUG] debug-file - hvigorfile, begin to bind custom plugins...
[2026-06-21T18:35:11.401] [DEBUG] debug-file - hvigorfile, no custom plugins were found in D:\audio-format-switch-master\audio-format-switch-master\hvigorfile.ts
[2026-06-21T18:35:11.401] [DEBUG] debug-file - hvigorfile, resolve finished D:\audio-format-switch-master\audio-format-switch-master\hvigorfile.ts
[2026-06-21T18:35:11.402] [DEBUG] debug-file - hvigorfile, resolving D:\audio-format-switch-master\audio-format-switch-master\entry\hvigorfile.ts
[2026-06-21T18:35:11.406] [DEBUG] debug-file - hvigorfile, require result:  { default: { plugins: [] } }
[2026-06-21T18:35:11.406] [DEBUG] debug-file - hvigorfile, binding system plugins null
[2026-06-21T18:35:11.406] [DEBUG] debug-file - Starting plugin build process
[2026-06-21T18:35:11.406] [DEBUG] debug-file - Hap plugin creating...
[2026-06-21T18:35:11.407] [DEBUG] debug-file - failed to load cangjie to dynamically generate schemas: Error: Cannot find module '@ohos/cangjie-build-support/index'
Require stack:
- E:\DevEco Studio\tools\hvigor\hvigor-ohos-plugin\src\plugin\hooks\cangjie-register.js
- E:\DevEco Studio\tools\hvigor\hvigor-ohos-plugin\src\plugin\strategy\stage-init-strategy.js
- E:\DevEco Studio\tools\hvigor\hvigor-ohos-plugin\src\plugin\builder\abstract-plugin-builder.js
- E:\DevEco Studio\tools\hvigor\hvigor-ohos-plugin\src\plugin\builder\app-plugin-builder.js
- E:\DevEco Studio\tools\hvigor\hvigor-ohos-plugin\src\plugin\factory\plugin-factory.js
- E:\DevEco Studio\tools\hvigor\hvigor-ohos-plugin\index.js
- D:\audio-format-switch-master\audio-format-switch-master\hvigorfile.ts
- E:\DevEco Studio\tools\hvigor\hvigor\src\base\internal\lifecycle\configuration.js
- E:\DevEco Studio\tools\hvigor\hvigor\src\base\boot\index.js
- E:\DevEco Studio\tools\hvigor\hvigor\src\base\daemon\cluster\worker-process-lifecycle.js
- E:\DevEco Studio\tools\hvigor\hvigor\src\base\daemon\process\daemon-process-boot-script.js
[2026-06-21T18:35:11.408] [DEBUG] debug-file - Start initialize module-target build option map, moduleName=entry, buildMode=release
[2026-06-21T18:35:11.408] [DEBUG] debug-file - Target 'default' config initialized
[2026-06-21T18:35:11.409] [DEBUG] debug-file - Module 'entry' target 'default' build option initialized
[2026-06-21T18:35:11.409] [DEBUG] debug-file - End initialize module-target build option map, moduleName=entry
[2026-06-21T18:35:11.409] [DEBUG] debug-file - Start initialize module-target build option map, moduleName=entry, buildMode=debug
[2026-06-21T18:35:11.409] [DEBUG] debug-file - Target 'default' config initialized
[2026-06-21T18:35:11.409] [DEBUG] debug-file - Module 'entry' target 'default' build option initialized
[2026-06-21T18:35:11.409] [DEBUG] debug-file - End initialize module-target build option map, moduleName=entry
[2026-06-21T18:35:11.409] [DEBUG] debug-file - Start initialize module-target build option map, moduleName=entry, buildMode=debug
[2026-06-21T18:35:11.409] [DEBUG] debug-file - Target 'default' config initialized
[2026-06-21T18:35:11.409] [DEBUG] debug-file - Module 'entry' target 'default' build option initialized
[2026-06-21T18:35:11.409] [DEBUG] debug-file - End initialize module-target build option map, moduleName=entry
[2026-06-21T18:35:11.409] [DEBUG] debug-file - Obtain build option for module 'entry' target 'default'in this build.
[2026-06-21T18:35:11.410] [DEBUG] debug-file - Module entry task initialization takes 1 ms 
[2026-06-21T18:35:11.410] [DEBUG] debug-file - Hap plugin register hook start...
[2026-06-21T18:35:11.410] [DEBUG] debug-file - Hap plugin register hook end...
[2026-06-21T18:35:11.410] [DEBUG] debug-file - Plugin build process completed
[2026-06-21T18:35:11.411] [DEBUG] debug-file - hvigorfile, begin to bind custom plugins...
[2026-06-21T18:35:11.411] [DEBUG] debug-file - hvigorfile, no custom plugins were found in D:\audio-format-switch-master\audio-format-switch-master\entry\hvigorfile.ts
[2026-06-21T18:35:11.411] [DEBUG] debug-file - hvigorfile, resolve finished D:\audio-format-switch-master\audio-format-switch-master\entry\hvigorfile.ts
[2026-06-21T18:35:11.426] [DEBUG] debug-file - hvigorfile, resolve hvigorfile dependencies in 15 ms 
[2026-06-21T18:35:11.426] [DEBUG] debug-file - project has submodules:entry
[2026-06-21T18:35:11.427] [DEBUG] debug-file - start to load updatedOhPackageInfo to the disk
[2026-06-21T18:35:11.428] [DEBUG] debug-file - load to the disk finished
[2026-06-21T18:35:11.429] [DEBUG] debug-file - Start to initialize dependency information.
[2026-06-21T18:35:11.429] [DEBUG] debug-file - Module audio-format-switch-master Collected Dependency: 
[2026-06-21T18:35:11.429] [DEBUG] debug-file - Module audio-format-switch-master's total dependency: 0
[2026-06-21T18:35:11.429] [DEBUG] debug-file - Start to initialize dependency information.
[2026-06-21T18:35:11.430] [DEBUG] debug-file - Module entry Collected Dependency: 
[2026-06-21T18:35:11.430] [DEBUG] debug-file - Module entry's total dependency: 0
[2026-06-21T18:35:11.431] [DEBUG] debug-file - Configuration phase cost:69 ms 
[2026-06-21T18:35:11.432] [DEBUG] debug-file - Configuration task cost before running: 76 ms 
[2026-06-21T18:35:11.434] [DEBUG] debug-file - Executing task :entry:default@PreBuild
[2026-06-21T18:35:11.434] [DEBUG] debug-file - Task 'entry:default@PreBuild' cost while wrapping incremental declarations: 1 ms 
[2026-06-21T18:35:11.438] [DEBUG] debug-file - Incremental task entry:default@PreBuild pre-execution cost: 3 ms .
[2026-06-21T18:35:11.438] [DEBUG] debug-file - entry : default@PreBuild cost memory 0.30350494384765625
[2026-06-21T18:35:11.439] [INFO] debug-file - UP-TO-DATE :entry:default@PreBuild...  
[2026-06-21T18:35:11.439] [DEBUG] debug-file - Executing task :entry:default@CreateModuleInfo
[2026-06-21T18:35:11.440] [DEBUG] debug-file - Task 'entry:default@CreateModuleInfo' cost while wrapping incremental declarations: 1 ms 
[2026-06-21T18:35:11.440] [DEBUG] debug-file - entry : default@CreateModuleInfo cost memory 0.04215240478515625
[2026-06-21T18:35:11.440] [DEBUG] debug-file - runTaskFromQueue task cost before running: 84 ms 
[2026-06-21T18:35:11.440] [INFO] debug-file - Finished :entry:default@CreateModuleInfo... after 1 ms 
[2026-06-21T18:35:11.441] [DEBUG] debug-file - Executing task :entry:default@GenerateMetadata
[2026-06-21T18:35:11.441] [DEBUG] debug-file - Task 'entry:default@GenerateMetadata' cost while wrapping incremental declarations: 1 ms 
[2026-06-21T18:35:11.442] [DEBUG] debug-file - Incremental task entry:default@GenerateMetadata pre-execution cost: 1 ms .
[2026-06-21T18:35:11.442] [DEBUG] debug-file - entry : default@GenerateMetadata cost memory 0.08394622802734375
[2026-06-21T18:35:11.442] [INFO] debug-file - UP-TO-DATE :entry:default@GenerateMetadata...  
[2026-06-21T18:35:11.442] [DEBUG] debug-file - Executing task :entry:default@ConfigureCmake
[2026-06-21T18:35:11.442] [DEBUG] debug-file - entry : default@ConfigureCmake cost memory 0.01491546630859375
[2026-06-21T18:35:11.442] [DEBUG] debug-file - runTaskFromQueue task cost before running: 86 ms 
[2026-06-21T18:35:11.442] [INFO] debug-file - Finished :entry:default@ConfigureCmake... after 1 ms 
[2026-06-21T18:35:11.443] [DEBUG] debug-file - Executing task :entry:default@MergeProfile
[2026-06-21T18:35:11.443] [DEBUG] debug-file - Task 'entry:default@MergeProfile' cost while wrapping incremental declarations: 1 ms 
[2026-06-21T18:35:11.444] [DEBUG] debug-file - Incremental task entry:default@MergeProfile pre-execution cost: 1 ms .
[2026-06-21T18:35:11.444] [DEBUG] debug-file - entry : default@MergeProfile cost memory 0.123626708984375
[2026-06-21T18:35:11.444] [INFO] debug-file - UP-TO-DATE :entry:default@MergeProfile...  
[2026-06-21T18:35:11.444] [DEBUG] debug-file - Executing task :entry:default@CreateBuildProfile
[2026-06-21T18:35:11.445] [DEBUG] debug-file - Task 'entry:default@CreateBuildProfile' cost while wrapping incremental declarations: 1 ms 
[2026-06-21T18:35:11.445] [DEBUG] debug-file - Incremental task entry:default@CreateBuildProfile pre-execution cost: 1 ms .
[2026-06-21T18:35:11.446] [DEBUG] debug-file - entry : default@CreateBuildProfile cost memory -1.5576248168945312
[2026-06-21T18:35:11.446] [INFO] debug-file - UP-TO-DATE :entry:default@CreateBuildProfile...  
[2026-06-21T18:35:11.446] [DEBUG] debug-file - Executing task :entry:default@PreCheckSyscap
[2026-06-21T18:35:11.446] [DEBUG] debug-file - entry : default@PreCheckSyscap cost memory 0.01497650146484375
[2026-06-21T18:35:11.446] [DEBUG] debug-file - runTaskFromQueue task cost before running: 90 ms 
[2026-06-21T18:35:11.446] [INFO] debug-file - Finished :entry:default@PreCheckSyscap... after 1 ms 
[2026-06-21T18:35:11.447] [DEBUG] debug-file - Executing task :entry:default@GeneratePkgContextInfo
[2026-06-21T18:35:11.449] [DEBUG] debug-file - Task 'entry:default@GeneratePkgContextInfo' cost while wrapping incremental declarations: 1 ms 
[2026-06-21T18:35:11.449] [DEBUG] debug-file - Incremental task entry:default@GeneratePkgContextInfo pre-execution cost: 1 ms .
[2026-06-21T18:35:11.449] [DEBUG] debug-file - entry : default@GeneratePkgContextInfo cost memory 0.231414794921875
[2026-06-21T18:35:11.449] [INFO] debug-file - UP-TO-DATE :entry:default@GeneratePkgContextInfo...  
[2026-06-21T18:35:11.450] [DEBUG] debug-file - Executing task :entry:default@GeneratePkgSdkInfo
[2026-06-21T18:35:11.450] [DEBUG] debug-file - Task 'entry:default@GeneratePkgSdkInfo' cost while wrapping incremental declarations: 1 ms 
[2026-06-21T18:35:11.451] [DEBUG] debug-file - entry : default@GeneratePkgSdkInfo cost memory 0.0986480712890625
[2026-06-21T18:35:11.451] [DEBUG] debug-file - runTaskFromQueue task cost before running: 95 ms 
[2026-06-21T18:35:11.451] [INFO] debug-file - Finished :entry:default@GeneratePkgSdkInfo... after 1 ms 
[2026-06-21T18:35:11.452] [DEBUG] debug-file - Executing task :entry:default@ProcessIntegratedHsp
[2026-06-21T18:35:11.452] [DEBUG] debug-file - entry:default@ProcessIntegratedHsp is not up-to-date, since the output file 'D:\audio-format-switch-master\audio-format-switch-master\build\cache\default\integrated_hsp\integratedHspCache.json' does not exist.
[2026-06-21T18:35:11.452] [DEBUG] debug-file - Incremental task entry:default@ProcessIntegratedHsp pre-execution cost: 1 ms .
[2026-06-21T18:35:11.452] [DEBUG] debug-file - entry : default@ProcessIntegratedHsp cost memory 0.05760955810546875
[2026-06-21T18:35:11.452] [DEBUG] debug-file - runTaskFromQueue task cost before running: 96 ms 
[2026-06-21T18:35:11.452] [INFO] debug-file - Finished :entry:default@ProcessIntegratedHsp... after 1 ms 
[2026-06-21T18:35:11.453] [DEBUG] debug-file - Executing task :entry:default@BuildNativeWithCmake
[2026-06-21T18:35:11.453] [DEBUG] debug-file - entry : default@BuildNativeWithCmake cost memory 0.01513671875
[2026-06-21T18:35:11.453] [DEBUG] debug-file - runTaskFromQueue task cost before running: 97 ms 
[2026-06-21T18:35:11.453] [INFO] debug-file - Finished :entry:default@BuildNativeWithCmake... after 1 ms 
[2026-06-21T18:35:11.453] [DEBUG] debug-file - Executing task :entry:default@MakePackInfo
[2026-06-21T18:35:11.455] [DEBUG] debug-file - Incremental task entry:default@MakePackInfo pre-execution cost: 1 ms .
[2026-06-21T18:35:11.455] [DEBUG] debug-file - entry : default@MakePackInfo cost memory 0.128570556640625
[2026-06-21T18:35:11.455] [INFO] debug-file - UP-TO-DATE :entry:default@MakePackInfo...  
[2026-06-21T18:35:11.456] [DEBUG] debug-file - Executing task :entry:default@SyscapTransform
[2026-06-21T18:35:11.456] [DEBUG] debug-file - File: 'D:\audio-format-switch-master\audio-format-switch-master\entry\src\main\syscap.json' from 'sysCapJsonPath' is not exists, just ignore.
[2026-06-21T18:35:11.456] [DEBUG] debug-file - Task 'entry:default@SyscapTransform' cost while wrapping incremental declarations: 1 ms 
[2026-06-21T18:35:11.457] [DEBUG] debug-file - entry:default@SyscapTransform is not up-to-date, since the output file 'D:\audio-format-switch-master\audio-format-switch-master\entry\build\default\intermediates\syscap\default\rpcid.sc' does not exist.
[2026-06-21T18:35:11.457] [DEBUG] debug-file - Incremental task entry:default@SyscapTransform pre-execution cost: 1 ms .
[2026-06-21T18:35:11.457] [DEBUG] debug-file - entry : default@SyscapTransform cost memory 0.1439361572265625
[2026-06-21T18:35:11.457] [DEBUG] debug-file - runTaskFromQueue task cost before running: 101 ms 
[2026-06-21T18:35:11.457] [INFO] debug-file - Finished :entry:default@SyscapTransform... after 2 ms 
[2026-06-21T18:35:11.458] [DEBUG] debug-file - Executing task :entry:default@ProcessProfile
[2026-06-21T18:35:11.459] [DEBUG] debug-file - Task 'entry:default@ProcessProfile' cost while wrapping incremental declarations: 1 ms 
[2026-06-21T18:35:11.459] [DEBUG] debug-file - Incremental task entry:default@ProcessProfile pre-execution cost: 1 ms .
[2026-06-21T18:35:11.459] [DEBUG] debug-file - entry : default@ProcessProfile cost memory -1.4127883911132812
[2026-06-21T18:35:11.459] [INFO] debug-file - UP-TO-DATE :entry:default@ProcessProfile...  
[2026-06-21T18:35:11.460] [DEBUG] debug-file - Executing task :entry:default@ProcessRouterMap
[2026-06-21T18:35:11.461] [DEBUG] debug-file - Incremental task entry:default@ProcessRouterMap pre-execution cost: 2 ms .
[2026-06-21T18:35:11.461] [DEBUG] debug-file - entry : default@ProcessRouterMap cost memory 0.16178131103515625
[2026-06-21T18:35:11.462] [INFO] debug-file - UP-TO-DATE :entry:default@ProcessRouterMap...  
[2026-06-21T18:35:11.462] [DEBUG] debug-file - Executing task :entry:default@ProcessShareConfig
[2026-06-21T18:35:11.463] [DEBUG] debug-file - Incremental task entry:default@ProcessShareConfig pre-execution cost: 1 ms .
[2026-06-21T18:35:11.463] [DEBUG] debug-file - entry : default@ProcessShareConfig cost memory 0.13474273681640625
[2026-06-21T18:35:11.463] [INFO] debug-file - UP-TO-DATE :entry:default@ProcessShareConfig...  
[2026-06-21T18:35:11.464] [DEBUG] debug-file - Executing task :entry:default@ProcessStartupConfig
[2026-06-21T18:35:11.464] [DEBUG] debug-file - Task 'entry:default@ProcessStartupConfig' cost while wrapping incremental declarations: 1 ms 
[2026-06-21T18:35:11.464] [DEBUG] debug-file - entry:default@ProcessStartupConfig is not up-to-date, since the output file 'D:\audio-format-switch-master\audio-format-switch-master\entry\build\default\intermediates\startup\default\startup_config.json' does not exist.
[2026-06-21T18:35:11.464] [DEBUG] debug-file - Incremental task entry:default@ProcessStartupConfig pre-execution cost: 1 ms .
[2026-06-21T18:35:11.465] [DEBUG] debug-file - entry : default@ProcessStartupConfig cost memory 0.1281585693359375
[2026-06-21T18:35:11.465] [DEBUG] debug-file - runTaskFromQueue task cost before running: 109 ms 
[2026-06-21T18:35:11.465] [INFO] debug-file - Finished :entry:default@ProcessStartupConfig... after 1 ms 
[2026-06-21T18:35:11.465] [DEBUG] debug-file - Executing task :entry:default@BuildNativeWithNinja
[2026-06-21T18:35:11.465] [DEBUG] debug-file - entry : default@BuildNativeWithNinja cost memory 0.020782470703125
[2026-06-21T18:35:11.465] [DEBUG] debug-file - runTaskFromQueue task cost before running: 109 ms 
[2026-06-21T18:35:11.466] [INFO] debug-file - Finished :entry:default@BuildNativeWithNinja... after 1 ms 
[2026-06-21T18:35:11.466] [DEBUG] debug-file - restool module names: entry; moduleName=entry, taskName=default@ProcessResource
[2026-06-21T18:35:11.467] [DEBUG] debug-file - Executing task :entry:default@ProcessResource
[2026-06-21T18:35:11.467] [DEBUG] debug-file - Task 'entry:default@ProcessResource' cost while wrapping incremental declarations: 1 ms 
[2026-06-21T18:35:11.468] [DEBUG] debug-file - Incremental task entry:default@ProcessResource pre-execution cost: 1 ms .
[2026-06-21T18:35:11.468] [DEBUG] debug-file - entry : default@ProcessResource cost memory 0.138763427734375
[2026-06-21T18:35:11.479] [INFO] debug-file - UP-TO-DATE :entry:default@ProcessResource...  
[2026-06-21T18:35:11.480] [DEBUG] debug-file - Executing task :entry:default@GenerateLoaderJson
[2026-06-21T18:35:11.483] [DEBUG] debug-file - Task 'entry:default@GenerateLoaderJson' cost while wrapping incremental declarations: 1 ms 
[2026-06-21T18:35:11.487] [DEBUG] debug-file - Incremental task entry:default@GenerateLoaderJson pre-execution cost: 3 ms .
[2026-06-21T18:35:11.487] [DEBUG] debug-file - entry : default@GenerateLoaderJson cost memory -1.114410400390625
[2026-06-21T18:35:11.488] [INFO] debug-file - UP-TO-DATE :entry:default@GenerateLoaderJson...  
[2026-06-21T18:35:11.489] [DEBUG] debug-file - Executing task :entry:default@ProcessLibs
[2026-06-21T18:35:11.490] [DEBUG] debug-file - Incremental task entry:default@ProcessLibs pre-execution cost: 1 ms .
[2026-06-21T18:35:11.490] [DEBUG] debug-file - entry : default@ProcessLibs cost memory 0.09970855712890625
[2026-06-21T18:35:11.490] [INFO] debug-file - UP-TO-DATE :entry:default@ProcessLibs...  
[2026-06-21T18:35:11.490] [DEBUG] debug-file - restool module names: entry; moduleName=entry, taskName=default@CompileResource
[2026-06-21T18:35:11.491] [DEBUG] debug-file - Executing task :entry:default@CompileResource
[2026-06-21T18:35:11.499] [DEBUG] debug-file - Incremental task entry:default@CompileResource pre-execution cost: 8 ms .
[2026-06-21T18:35:11.499] [DEBUG] debug-file - entry : default@CompileResource cost memory 0.9969100952148438
[2026-06-21T18:35:11.500] [INFO] debug-file - UP-TO-DATE :entry:default@CompileResource...  
[2026-06-21T18:35:11.501] [DEBUG] debug-file - Executing task :entry:default@DoNativeStrip
[2026-06-21T18:35:11.501] [DEBUG] debug-file - File: 'D:\audio-format-switch-master\audio-format-switch-master\entry\build\default\intermediates\binxo\default' from 'doBinxoNativeLibs' is not exists, just ignore.
[2026-06-21T18:35:11.501] [DEBUG] debug-file - Task 'entry:default@DoNativeStrip' cost while wrapping incremental declarations: 1 ms 
[2026-06-21T18:35:11.502] [DEBUG] debug-file - Incremental task entry:default@DoNativeStrip pre-execution cost: 1 ms .
[2026-06-21T18:35:11.502] [DEBUG] debug-file - entry : default@DoNativeStrip cost memory 0.09412384033203125
[2026-06-21T18:35:11.502] [INFO] debug-file - UP-TO-DATE :entry:default@DoNativeStrip...  
[2026-06-21T18:35:11.502] [DEBUG] debug-file - Executing task :entry:default@CompileArkTS
[2026-06-21T18:35:11.502] [DEBUG] debug-file - obfuscationOptions: undefined
[2026-06-21T18:35:11.503] [DEBUG] debug-file - Task 'entry:default@CompileArkTS' cost while wrapping incremental declarations: 1 ms 
[2026-06-21T18:35:11.508] [DEBUG] debug-file - build config:
[2026-06-21T18:35:11.508] [DEBUG] debug-file - {
  moduleType: 'entry',
  perf: 0,
  targetName: '.default',
  packageManagerType: 'ohpm',
  localPropertiesPath: 'D:\\audio-format-switch-master\\audio-format-switch-master\\local.properties',
  isPreview: false,
  isOhosTest: false,
  isLocalTest: false,
  buildMode: 'Debug',
  hotReloadBuild: undefined,
  watchMode: 'false',
  aceProfilePath: 'D:\\audio-format-switch-master\\audio-format-switch-master\\entry\\build\\default\\intermediates\\res\\default\\resources\\base\\profile',
  etsLoaderPath: 'E:\\DevEco Studio\\sdk\\default\\openharmony\\ets\\build-tools\\ets-loader',
  modulePath: 'D:\\audio-format-switch-master\\audio-format-switch-master\\entry',
  testFrameworkPar: {
    testMode: undefined,
    coveragePathFilter: undefined,
    coverageMode: undefined
  },
  needCoverageInsert: false,
  debugLine: false,
  projectTopDir: 'D:\\audio-format-switch-master\\audio-format-switch-master',
  compileSdkVersion: 23,
  compatibleSdkVersion: 20,
  originCompatibleSdkVersion: '6.0.0(20)',
  compatibleSdkVersionStage: undefined,
  bundleName: 'c***h',
  etsLoaderVersion: '6.1.0.105',
  etsLoaderReleaseType: 'Release',
  aotCompileMode: 'type',
  apPath: 'D:\\audio-format-switch-master\\audio-format-switch-master\\entry\\modules.ap',
  entryModuleName: 'entry',
  entryModuleVersion: '1.0.0',
  entryPackageName: 'entry',
  allModuleNameHash: 'be3e1490a19bd8d07662eb3de867532949623b451f558485d971c2f27ee92973',
  externalApiPaths: [ 'E:\\DevEco Studio\\sdk\\default\\hms\\ets' ],
  compilerTypes: [],
  isCrossplatform: false,
  hvigorPluginFile: undefined,
  compilePluginPath: undefined,
  buildGeneratedProfilePath: 'D:\\audio-format-switch-master\\audio-format-switch-master\\entry\\build\\default\\generated\\profile\\default',
  bundleType: 'app',
  arkTSVersion: undefined,
  apiVersion: 23,
  needCompleteSourcesMap: false,
  isFaMode: false,
  buildDir: 'D:\\audio-format-switch-master\\audio-format-switch-master\\entry\\build',
  deviceTypes: [ 'phone' ],
  pkgContextInfo: {
    entry: {
      packageName: 'entry',
      bundleName: '*****',
      moduleName: '',
      version: '',
      entryPath: 'src/main/',
      isSO: false,
      dependencyAlias: ''
    }
  },
  ohPackagePathMap: {},
  dependencyAliasMap: {},
  permission: { requestPermissions: undefined, definePermissions: undefined },
  useGetCurrentBundleName: false,
  projectArkOption: undefined,
  sourceMapDir: undefined,
  branchElimination: false,
  transformLib: undefined,
  tsImportSendable: false,
  resolveConflictMode: true,
  depName2RootPath: {},
  depName2DepInfo: {},
  depName2OhExports: {},
  rootPathSet: [ 'D:\\audio-format-switch-master\\audio-format-switch-master' ],
  useNativeResolver: true,
  shouldEmitJs: true,
  useTscResolve: false,
  singleFileEmit: false,
  userProjectConfig: {
    autoLazyImport: false,
    allowEmptyBundleName: false,
    reExportCheckMode: 'noCheck',
    executionMode: 'memory',
    usePathPlaceholder: false,
    writeRollupCache: true,
    isExpandImportEnabled: false,
    expandImportExclude: '',
    lazyImportExclude: '',
    lazyImportInclude: '',
    ignoreCrossplatformCheck: false,
    isHarDeduplicateEnabled: false,
    skipOhModulesLint: false,
    enableStrictCheckOHModule: false,
    disableSendableCheckRules: [],
    useDeclarationFileSignature: false,
    customizedOptions: undefined,
    integratedHsp: false,
    isPreloadSoEnabled: false
  },
  executionMode: 'memory',
  arkCompileCachePath: 'D:\\audio-format-switch-master\\audio-format-switch-master\\entry\\build\\default\\cache\\default\\default@CompileArkTS\\esmodule',
  autoLazyFilter: undefined,
  isHarDeduplicateEnabled: false,
  intermediateHarDuplicateDirPath: 'D:\\audio-format-switch-master\\audio-format-switch-master\\entry\\build\\default\\intermediates\\har_duplicate\\default',
  autoLazyImport: false,
  allowEmptyBundleName: false,
  reExportCheckMode: 'noCheck',
  usePathPlaceholder: false,
  writeRollupCache: true,
  isExpandImportEnabled: false,
  expandImportExclude: '',
  lazyImportExclude: '',
  lazyImportInclude: '',
  ignoreCrossplatformCheck: false,
  skipOhModulesLint: false,
  enableStrictCheckOHModule: false,
  disableSendableCheckRules: [],
  useDeclarationFileSignature: false,
  customizedOptions: undefined,
  integratedHsp: false,
  isPreloadSoEnabled: false,
  strictMode: {
    caseSensitiveCheck: true,
    useNormalizedOHMUrl: true,
    noExternalImportByPath: true
  },
  useNormalizedOHMUrl: true,
  caseSensitiveCheck: true,
  aceModuleJsonPath: 'D:\\audio-format-switch-master\\audio-format-switch-master\\entry\\build\\default\\intermediates\\res\\default\\ark_module.json',
  appResource: 'D:\\audio-format-switch-master\\audio-format-switch-master\\entry\\build\\default\\intermediates\\res\\default\\ResourceTable.txt',
  rawFileResource: 'D:\\audio-format-switch-master\\audio-format-switch-master\\entry\\build\\default\\intermediates\\res\\default\\resources\\rawfile',
  resourceTableHash: '6c01846ec43f83dda3236b826ce3ee4717843f851a24bccd7722c8787b896537',
  runtimeOS: 'HarmonyOS',
  sdkInfo: 'false:23:6.1.0.105:Release',
  aceModuleRoot: 'D:\\audio-format-switch-master\\audio-format-switch-master\\entry\\src\\main\\ets',
  compileMode: 'esmodule',
  aceSuperVisualPath: 'D:\\audio-format-switch-master\\audio-format-switch-master\\entry\\src\\main\\supervisual',
  aceBuildJson: 'D:\\audio-format-switch-master\\audio-format-switch-master\\entry\\build\\default\\intermediates\\loader\\default\\loader.json',
  cachePath: 'D:\\audio-format-switch-master\\audio-format-switch-master\\entry\\build\\default\\cache\\default\\default@CompileArkTS\\esmodule\\debug',
  aceModuleBuild: 'D:\\audio-format-switch-master\\audio-format-switch-master\\entry\\build\\default\\intermediates\\loader_out\\default\\ets',
  supportChunks: true,
  declaredFilesPath: undefined,
  shouldCollectDirectImportees: false,
  isByteCodeHarOptimize: false,
  expandImportPath: undefined,
  resourceTableTs: 'D:\\audio-format-switch-master\\audio-format-switch-master\\entry\\build\\default\\generated\\r\\default\\ResourceTable.ts',
  moduleMetaInfoFiles: [
    {
      filePath: 'D:\\audio-format-switch-master\\audio-format-switch-master\\entry\\build\\default\\generated\\r\\default\\ResourceTable.ts',
      ohmurl: '&entry/build/generated/r/ResourceTable&'
    }
  ],
  pkgNameToPkgBriefInfo: {
    entry: {
      pkgRoot: 'D:\\audio-format-switch-master\\audio-format-switch-master\\entry',
      originalSourceRoots: undefined,
      sourceRoots: [Array],
      pkgName: 'entry'
    }
  },
  projectModel: {
    'D:\\audio-format-switch-master\\audio-format-switch-master\\entry\\src\\main': {
      moduleName: 'entry',
      modulePkgPath: 'D:\\audio-format-switch-master\\audio-format-switch-master\\entry',
      belongProjectPath: 'D:\\audio-format-switch-master\\audio-format-switch-master'
    },
    'D:\\audio-format-switch-master\\audio-format-switch-master\\entry': {
      moduleName: 'entry',
      modulePkgPath: 'D:\\audio-format-switch-master\\audio-format-switch-master\\entry',
      belongProjectPath: 'D:\\audio-format-switch-master\\audio-format-switch-master'
    },
    'D:\\audio-format-switch-master\\audio-format-switch-master': {
      moduleName: 'audio-format-switch-master',
      modulePkgPath: 'D:\\audio-format-switch-master\\audio-format-switch-master',
      belongProjectPath: 'D:\\audio-format-switch-master\\audio-format-switch-master'
    }
  },
  pkgJsonFileHash: '3988b0835bccf210dee13376ccba6999fb1b98adb421db068b476e7002ad0e2d',
  allModulePaths: [
    'D:\\audio-format-switch-master\\audio-format-switch-master\\entry'
  ],
  routerMap: {},
  obfuscationOptions: undefined,
  byteCodeHarToDependencyKeys: undefined,
  compileBlockPkg: [],
  mockParams: {
    decorator: '@MockSetup',
    packageName: '@ohos/hamock',
    etsSourceRootPath: 'src/main/ets',
    mockConfigPath: undefined,
    mockConfigKey2ModuleInfo: {},
    source2ModuleIdMap: {}
  },
  copyCodeResourceEnable: false,
  copyCodeResourceExcludes: [],
  copyCodeResourceIncludes: undefined,
  uiTransformOptimization: false,
  sdkPath: 'E:/DevEco Studio/sdk',
  needPreloadSoFileSet: {},
  preloadSoFilePath: 'D:\\audio-format-switch-master\\audio-format-switch-master\\entry\\build\\default\\intermediates\\preload\\default\\preload.json',
  useSourceHash: false,
  localModuleParamMap: {},
  otherPaths: {
    'entry/*': [
      '..\\*',
      '..\\..\\..\\build\\default\\generated\\profile\\default\\*'
    ]
  },
  collectImportersConfig: undefined
}
[2026-06-21T18:35:11.509] [DEBUG] debug-file - Compile arkts with external api path: E:\DevEco Studio\sdk\default\hms\ets
[2026-06-21T18:35:11.509] [DEBUG] debug-file - default@CompileArkTS work[1] is submitted.
[2026-06-21T18:35:11.509] [DEBUG] debug-file - default@CompileArkTS work[1] is pushed to ready queue.
[2026-06-21T18:35:11.509] [DEBUG] debug-file - A work dispatched to worker[23] failed because unable to get work from ready queue.
[2026-06-21T18:35:11.509] [DEBUG] debug-file - A work dispatched to worker[22] failed because unable to get work from ready queue.
[2026-06-21T18:35:11.509] [DEBUG] debug-file - A work dispatched to worker[21] failed because unable to get work from ready queue.
[2026-06-21T18:35:11.509] [DEBUG] debug-file - A work dispatched to worker[20] failed because unable to get work from ready queue.
[2026-06-21T18:35:11.509] [DEBUG] debug-file - A work dispatched to worker[19] failed because unable to get work from ready queue.
[2026-06-21T18:35:11.509] [DEBUG] debug-file - A work dispatched to worker[18] failed because unable to get work from ready queue.
[2026-06-21T18:35:11.509] [DEBUG] debug-file - A work dispatched to worker[17] failed because unable to get work from ready queue.
[2026-06-21T18:35:11.509] [DEBUG] debug-file - A work dispatched to worker[16] failed because unable to get work from ready queue.
[2026-06-21T18:35:11.509] [DEBUG] debug-file - A work dispatched to worker[15] failed because unable to get work from ready queue.
[2026-06-21T18:35:11.509] [DEBUG] debug-file - A work dispatched to worker[14] failed because unable to get work from ready queue.
[2026-06-21T18:35:11.509] [DEBUG] debug-file - A work dispatched to worker[13] failed because unable to get work from ready queue.
[2026-06-21T18:35:11.509] [DEBUG] debug-file - A work dispatched to worker[12] failed because unable to get work from ready queue.
[2026-06-21T18:35:11.509] [DEBUG] debug-file - A work dispatched to worker[11] failed because unable to get work from ready queue.
[2026-06-21T18:35:11.509] [DEBUG] debug-file - A work dispatched to worker[10] failed because unable to get work from ready queue.
[2026-06-21T18:35:11.509] [DEBUG] debug-file - A work dispatched to worker[9] failed because unable to get work from ready queue.
[2026-06-21T18:35:11.509] [DEBUG] debug-file - A work dispatched to worker[8] failed because unable to get work from ready queue.
[2026-06-21T18:35:11.509] [DEBUG] debug-file - A work dispatched to worker[7] failed because unable to get work from ready queue.
[2026-06-21T18:35:11.509] [DEBUG] debug-file - A work dispatched to worker[6] failed because unable to get work from ready queue.
[2026-06-21T18:35:11.509] [DEBUG] debug-file - A work dispatched to worker[5] failed because unable to get work from ready queue.
[2026-06-21T18:35:11.510] [DEBUG] debug-file - default@CompileArkTS work[1] has been dispatched to worker[4].
[2026-06-21T18:35:11.510] [DEBUG] debug-file - default@CompileArkTS work[1] is dispatched.
[2026-06-21T18:35:11.510] [DEBUG] debug-file - entry : default@CompileArkTS cost memory 1.201141357421875
[2026-06-21T18:35:11.510] [DEBUG] debug-file - Executing task :entry:default@BuildJS
[2026-06-21T18:35:11.510] [DEBUG] debug-file - Task 'entry:default@BuildJS' cost while wrapping incremental declarations: 1 ms 
[2026-06-21T18:35:11.512] [DEBUG] debug-file - entry : default@BuildJS cost memory 0.1589202880859375
[2026-06-21T18:35:11.512] [DEBUG] debug-file - runTaskFromQueue task cost before running: 156 ms 
[2026-06-21T18:35:11.512] [INFO] debug-file - Finished :entry:default@BuildJS... after 2 ms 
[2026-06-21T18:35:11.513] [DEBUG] debug-file - Executing task :entry:default@CacheNativeLibs
[2026-06-21T18:35:11.513] [DEBUG] debug-file - File: 'D:\audio-format-switch-master\audio-format-switch-master\entry\build\default\intermediates\binxo\default' from 'cacheBinxoNativeLibs' is not exists, just ignore.
[2026-06-21T18:35:11.513] [DEBUG] debug-file - Task 'entry:default@CacheNativeLibs' cost while wrapping incremental declarations: 1 ms 
[2026-06-21T18:35:11.514] [DEBUG] debug-file - Incremental task entry:default@CacheNativeLibs pre-execution cost: 1 ms .
[2026-06-21T18:35:11.514] [DEBUG] debug-file - entry : default@CacheNativeLibs cost memory 0.12056732177734375
[2026-06-21T18:35:11.514] [INFO] debug-file - UP-TO-DATE :entry:default@CacheNativeLibs...  
[2026-06-21T18:35:12.612] [DEBUG] debug-file - Ark compile task finished.finished time is 1629252306175800
[2026-06-21T18:35:12.612] [DEBUG] debug-file - worker[4] has one work done.
[2026-06-21T18:35:12.613] [DEBUG] debug-file - default@CompileArkTS work[1] done.
[2026-06-21T18:35:12.614] [DEBUG] debug-file - A work dispatched to worker[4] failed because unable to get work from ready queue.
[2026-06-21T18:35:12.615] [INFO] debug-file - Finished :entry:default@CompileArkTS... after 1 s 109 ms 
[2026-06-21T18:35:12.616] [DEBUG] debug-file - Executing task :entry:default@GeneratePkgModuleJson
[2026-06-21T18:35:12.617] [DEBUG] debug-file - File: 'D:\audio-format-switch-master\audio-format-switch-master\entry\build\default\intermediates\preload\default\preload.json' from 'preloadSoJsonPath' is not exists, just ignore.
[2026-06-21T18:35:12.617] [DEBUG] debug-file - Error occurs while handling @Input 'shouldDeduplicateHar': The "data" argument must be of type string or an instance of Buffer, TypedArray, or DataView. Received undefined
[2026-06-21T18:35:12.617] [DEBUG] debug-file - Task 'entry:default@GeneratePkgModuleJson' cost while wrapping incremental declarations: 1 ms 
[2026-06-21T18:35:12.618] [DEBUG] debug-file - Incremental task entry:default@GeneratePkgModuleJson pre-execution cost: 1 ms .
[2026-06-21T18:35:12.619] [DEBUG] debug-file - entry : default@GeneratePkgModuleJson cost memory 0.10330963134765625
[2026-06-21T18:35:12.619] [INFO] debug-file - UP-TO-DATE :entry:default@GeneratePkgModuleJson...  
[2026-06-21T18:35:12.620] [DEBUG] debug-file - Executing task :entry:default@ProcessCompiledResources
[2026-06-21T18:35:12.620] [DEBUG] debug-file - File: 'D:\audio-format-switch-master\audio-format-switch-master\entry\build\default\intermediates\preload\default\preload.json' from 'preloadSoJsonPath' is not exists, just ignore.
[2026-06-21T18:35:12.620] [DEBUG] debug-file - Task 'entry:default@ProcessCompiledResources' cost while wrapping incremental declarations: 1 ms 
[2026-06-21T18:35:12.620] [DEBUG] debug-file - entry : default@ProcessCompiledResources cost memory 0.0586395263671875
[2026-06-21T18:35:12.620] [DEBUG] debug-file - runTaskFromQueue task cost before running: 1 s 264 ms 
[2026-06-21T18:35:12.620] [INFO] debug-file - Finished :entry:default@ProcessCompiledResources... after 1 ms 
[2026-06-21T18:35:12.622] [DEBUG] debug-file - Executing task :entry:default@PackageHap
[2026-06-21T18:35:12.629] [DEBUG] debug-file - entry:default@PackageHap is not up-to-date, since the input file 'D:\audio-format-switch-master\audio-format-switch-master\entry\build\default\intermediates\loader_out\default\ets' has been changed.
[2026-06-21T18:35:12.629] [DEBUG] debug-file - Incremental task entry:default@PackageHap pre-execution cost: 6 ms .
[2026-06-21T18:35:12.631] [DEBUG] debug-file - Use tool [E:\DevEco Studio\sdk\default\openharmony\toolchains\lib\app_packing_tool.jar]
 [
  'java',
  '-Dfile.encoding=GBK',
  '-jar',
  'E:\\DevEco Studio\\sdk\\default\\openharmony\\toolchains\\lib\\app_packing_tool.jar',
  '--mode',
  'hap',
  '--force',
  'true',
  '--lib-path',
  'D:\\audio-format-switch-master\\audio-format-switch-master\\entry\\build\\default\\intermediates\\stripped_native_libs\\default',
  '--json-path',
  'D:\\audio-format-switch-master\\audio-format-switch-master\\entry\\build\\default\\intermediates\\package\\default\\module.json',
  '--resources-path',
  'D:\\audio-format-switch-master\\audio-format-switch-master\\entry\\build\\default\\intermediates\\res\\default\\resources',
  '--index-path',
  'D:\\audio-format-switch-master\\audio-format-switch-master\\entry\\build\\default\\intermediates\\res\\default\\resources.index',
  '--pack-info-path',
  'D:\\audio-format-switch-master\\audio-format-switch-master\\entry\\build\\default\\outputs\\default\\pack.info',
  '--out-path',
  'D:\\audio-format-switch-master\\audio-format-switch-master\\entry\\build\\default\\outputs\\default\\entry-default-unsigned.hap',
  '--ets-path',
  'D:\\audio-format-switch-master\\audio-format-switch-master\\entry\\build\\default\\intermediates\\loader_out\\default\\ets',
  '--pkg-context-path',
  'D:\\audio-format-switch-master\\audio-format-switch-master\\entry\\build\\default\\intermediates\\loader\\default\\pkgContextInfo.json'
]
[2026-06-21T18:35:12.631] [DEBUG] debug-file - default@PackageHap work[2] is submitted.
[2026-06-21T18:35:12.631] [DEBUG] debug-file - default@PackageHap work[2] is pushed to ready queue.
[2026-06-21T18:35:12.631] [DEBUG] debug-file - A work dispatched to worker[23] failed because unable to get work from ready queue.
[2026-06-21T18:35:12.631] [DEBUG] debug-file - Create  resident worker with id: 22.
[2026-06-21T18:35:12.632] [DEBUG] debug-file - default@PackageHap work[2] has been dispatched to worker[22].
[2026-06-21T18:35:12.632] [DEBUG] debug-file - default@PackageHap work[2] is dispatched.
[2026-06-21T18:35:12.634] [DEBUG] debug-file - entry : default@PackageHap cost memory 0.8839263916015625
[2026-06-21T18:35:13.506] [DEBUG] debug-file - current process  memoryUsage: {
  rss: 607973376,
  heapTotal: 81035264,
  heapUsed: 49355376,
  external: 2341412,
  arrayBuffers: 99735
} os memoryUsage :13.94778060913086
[2026-06-21T18:35:14.064] [DEBUG] debug-file - worker[22] has one work done.
[2026-06-21T18:35:14.064] [DEBUG] debug-file - default@PackageHap work[2] done.
[2026-06-21T18:35:14.064] [DEBUG] debug-file - A work dispatched to worker[22] failed because unable to get work from ready queue.
[2026-06-21T18:35:14.065] [INFO] debug-file - Finished :entry:default@PackageHap... after 572 ms 
[2026-06-21T18:35:14.066] [DEBUG] debug-file - Executing task :entry:default@PackingCheck
[2026-06-21T18:35:14.072] [DEBUG] debug-file - entry : default@PackingCheck cost memory 0.8388137817382812
[2026-06-21T18:35:14.072] [DEBUG] debug-file - runTaskFromQueue task cost before running: 2 s 716 ms 
[2026-06-21T18:35:14.072] [INFO] debug-file - Finished :entry:default@PackingCheck... after 6 ms 
[2026-06-21T18:35:14.073] [DEBUG] debug-file - Executing task :entry:default@SignHap
[2026-06-21T18:35:14.073] [WARN] debug-file - Will skip sign 'hos_hap'. No signingConfigs profile is configured in current project.
             If needed, configure the signingConfigs in D:\audio-format-switch-master\audio-format-switch-master\build-profile.json5.
[2026-06-21T18:35:14.074] [DEBUG] debug-file - entry:default@SignHap is not up-to-date, since the input file 'D:\audio-format-switch-master\audio-format-switch-master\entry\build\default\outputs\default\entry-default-unsigned.hap' has been changed.
[2026-06-21T18:35:14.074] [DEBUG] debug-file - Incremental task entry:default@SignHap pre-execution cost: 1 ms .
[2026-06-21T18:35:14.074] [DEBUG] debug-file - entry : default@SignHap cost memory 0.0906829833984375
[2026-06-21T18:35:14.074] [DEBUG] debug-file - runTaskFromQueue task cost before running: 2 s 718 ms 
[2026-06-21T18:35:14.074] [INFO] debug-file - Finished :entry:default@SignHap... after 2 ms 
[2026-06-21T18:35:14.075] [DEBUG] debug-file - Executing task :entry:default@CollectDebugSymbol
[2026-06-21T18:35:14.076] [DEBUG] debug-file - entry : default@CollectDebugSymbol cost memory 0.08959197998046875
[2026-06-21T18:35:14.076] [DEBUG] debug-file - runTaskFromQueue task cost before running: 2 s 720 ms 
[2026-06-21T18:35:14.076] [INFO] debug-file - Finished :entry:default@CollectDebugSymbol... after 1 ms 
[2026-06-21T18:35:14.076] [DEBUG] debug-file - Executing task :entry:assembleHap
[2026-06-21T18:35:14.076] [DEBUG] debug-file - entry : assembleHap cost memory 0.012786865234375
[2026-06-21T18:35:14.076] [DEBUG] debug-file - runTaskFromQueue task cost before running: 2 s 720 ms 
[2026-06-21T18:35:14.077] [INFO] debug-file - Finished :entry:assembleHap... after 1 ms 
[2026-06-21T18:35:14.091] [INFO] debug-file - BUILD SUCCESSFUL in 2 s 735 ms 
[2026-06-21T18:35:14.092] [DEBUG] debug-file - There is no need to refresh cache, since the incremental task entry:default@PreBuild is up-to-date.
[2026-06-21T18:35:14.092] [DEBUG] debug-file - Update task entry:default@CreateModuleInfo output file:D:\audio-format-switch-master\audio-format-switch-master\entry\build\default\generated\profile\default\ModuleInfo.ts cache.
[2026-06-21T18:35:14.092] [DEBUG] debug-file - Incremental task entry:default@CreateModuleInfo post-execution cost:1 ms .
[2026-06-21T18:35:14.092] [DEBUG] debug-file - There is no need to refresh cache, since the incremental task entry:default@GenerateMetadata is up-to-date.
[2026-06-21T18:35:14.092] [DEBUG] debug-file - There is no need to refresh cache, since the incremental task entry:default@MergeProfile is up-to-date.
[2026-06-21T18:35:14.092] [DEBUG] debug-file - There is no need to refresh cache, since the incremental task entry:default@CreateBuildProfile is up-to-date.
[2026-06-21T18:35:14.092] [DEBUG] debug-file - There is no need to refresh cache, since the incremental task entry:default@GeneratePkgContextInfo is up-to-date.
[2026-06-21T18:35:14.092] [DEBUG] debug-file - Update task entry:default@GeneratePkgSdkInfo output file:D:\audio-format-switch-master\audio-format-switch-master\entry\build\default\intermediates\loader\default\pkgSdkInfo.json cache.
[2026-06-21T18:35:14.092] [DEBUG] debug-file - Incremental task entry:default@GeneratePkgSdkInfo post-execution cost:1 ms .
[2026-06-21T18:35:14.092] [DEBUG] debug-file - Update task entry:default@ProcessIntegratedHsp output file:D:\audio-format-switch-master\audio-format-switch-master\build\cache\default\integrated_hsp\integratedHspCache.json cache.
[2026-06-21T18:35:14.093] [DEBUG] debug-file - Incremental task entry:default@ProcessIntegratedHsp post-execution cost:1 ms .
[2026-06-21T18:35:14.093] [DEBUG] debug-file - There is no need to refresh cache, since the incremental task entry:default@MakePackInfo is up-to-date.
[2026-06-21T18:35:14.093] [DEBUG] debug-file - Update task entry:default@SyscapTransform input file:E:\DevEco Studio\sdk\default\openharmony\toolchains\syscap_tool.exe cache by regenerate.
[2026-06-21T18:35:14.093] [DEBUG] debug-file - Update task entry:default@SyscapTransform input file:E:\DevEco Studio\sdk\default\openharmony\ets\api\device-define cache by regenerate.
[2026-06-21T18:35:14.094] [DEBUG] debug-file - Update task entry:default@SyscapTransform output file:D:\audio-format-switch-master\audio-format-switch-master\entry\build\default\intermediates\syscap\default\rpcid.sc cache.
[2026-06-21T18:35:14.094] [DEBUG] debug-file - Incremental task entry:default@SyscapTransform post-execution cost:2 ms .
[2026-06-21T18:35:14.094] [DEBUG] debug-file - There is no need to refresh cache, since the incremental task entry:default@ProcessProfile is up-to-date.
[2026-06-21T18:35:14.094] [DEBUG] debug-file - There is no need to refresh cache, since the incremental task entry:default@ProcessRouterMap is up-to-date.
[2026-06-21T18:35:14.094] [DEBUG] debug-file - There is no need to refresh cache, since the incremental task entry:default@ProcessShareConfig is up-to-date.
[2026-06-21T18:35:14.094] [DEBUG] debug-file - Update task entry:default@ProcessStartupConfig input file:D:\audio-format-switch-master\audio-format-switch-master\entry\build\default\intermediates\loader\default\pkgContextInfo.json cache by regenerate.
[2026-06-21T18:35:14.095] [DEBUG] debug-file - Update task entry:default@ProcessStartupConfig output file:D:\audio-format-switch-master\audio-format-switch-master\entry\build\default\intermediates\startup\default\startup_config.json cache.
[2026-06-21T18:35:14.095] [DEBUG] debug-file - Incremental task entry:default@ProcessStartupConfig post-execution cost:1 ms .
[2026-06-21T18:35:14.095] [DEBUG] debug-file - There is no need to refresh cache, since the incremental task entry:default@ProcessResource is up-to-date.
[2026-06-21T18:35:14.095] [DEBUG] debug-file - There is no need to refresh cache, since the incremental task entry:default@GenerateLoaderJson is up-to-date.
[2026-06-21T18:35:14.095] [DEBUG] debug-file - There is no need to refresh cache, since the incremental task entry:default@ProcessLibs is up-to-date.
[2026-06-21T18:35:14.095] [DEBUG] debug-file - There is no need to refresh cache, since the incremental task entry:default@CompileResource is up-to-date.
[2026-06-21T18:35:14.095] [DEBUG] debug-file - There is no need to refresh cache, since the incremental task entry:default@DoNativeStrip is up-to-date.
[2026-06-21T18:35:14.096] [DEBUG] debug-file - Update task entry:default@CompileArkTS input file:D:\audio-format-switch-master\audio-format-switch-master\entry\build\default\intermediates\loader\default cache by regenerate.
[2026-06-21T18:35:14.096] [DEBUG] debug-file - Update task entry:default@CompileArkTS input file:D:\audio-format-switch-master\audio-format-switch-master\entry\build\default\intermediates\res\default\resources\rawfile cache by regenerate.
[2026-06-21T18:35:14.097] [DEBUG] debug-file - Update task entry:default@CompileArkTS input file:D:\audio-format-switch-master\audio-format-switch-master\entry\build\default\intermediates\res\default\ResourceTable.txt cache by regenerate.
[2026-06-21T18:35:14.097] [DEBUG] debug-file - Update task entry:default@CompileArkTS input file:D:\audio-format-switch-master\audio-format-switch-master\entry\build\default\intermediates\res\default\ark_module.json cache by regenerate.
[2026-06-21T18:35:14.097] [DEBUG] debug-file - Update task entry:default@CompileArkTS input file:D:\audio-format-switch-master\audio-format-switch-master\entry\build\default\intermediates\res\default\resources\base\profile cache by regenerate.
[2026-06-21T18:35:14.098] [DEBUG] debug-file - Update task entry:default@CompileArkTS input file:D:\audio-format-switch-master\audio-format-switch-master\entry\src\main\ets cache by regenerate.
[2026-06-21T18:35:14.100] [DEBUG] debug-file - Update task entry:default@CompileArkTS input file:D:\audio-format-switch-master\audio-format-switch-master\entry\build\default\intermediates\loader\default\pkgContextInfo.json cache by regenerate.
[2026-06-21T18:35:14.100] [DEBUG] debug-file - Update task entry:default@CompileArkTS input file:D:\audio-format-switch-master\audio-format-switch-master\entry\build\default\generated\profile\default\BuildProfile.ets cache by regenerate.
[2026-06-21T18:35:14.101] [DEBUG] debug-file - Update task entry:default@CompileArkTS output file:D:\audio-format-switch-master\audio-format-switch-master\entry\build\default\intermediates\loader_out\default\ets cache.
[2026-06-21T18:35:14.101] [DEBUG] debug-file - Incremental task entry:default@CompileArkTS post-execution cost:6 ms .
[2026-06-21T18:35:14.101] [DEBUG] debug-file - Update task entry:default@BuildJS input file:D:\audio-format-switch-master\audio-format-switch-master\entry\build\default\intermediates\loader\default cache by regenerate.
[2026-06-21T18:35:14.102] [DEBUG] debug-file - Update task entry:default@BuildJS input file:D:\audio-format-switch-master\audio-format-switch-master\entry\build\default\intermediates\res\default\resources\rawfile cache by regenerate.
[2026-06-21T18:35:14.102] [DEBUG] debug-file - Update task entry:default@BuildJS input file:D:\audio-format-switch-master\audio-format-switch-master\entry\build\default\intermediates\res\default\ResourceTable.txt cache by regenerate.
[2026-06-21T18:35:14.102] [DEBUG] debug-file - Update task entry:default@BuildJS input file:D:\audio-format-switch-master\audio-format-switch-master\entry\build\default\intermediates\res\default\ark_module.json cache by regenerate.
[2026-06-21T18:35:14.102] [DEBUG] debug-file - Update task entry:default@BuildJS input file:D:\audio-format-switch-master\audio-format-switch-master\entry\build\default\intermediates\res\default\resources\base\profile cache by regenerate.
[2026-06-21T18:35:14.103] [DEBUG] debug-file - Update task entry:default@BuildJS input file:D:\audio-format-switch-master\audio-format-switch-master\entry\build\default\intermediates\loader\default\pkgContextInfo.json cache by regenerate.
[2026-06-21T18:35:14.103] [DEBUG] debug-file - Update task entry:default@BuildJS output file:D:\audio-format-switch-master\audio-format-switch-master\entry\build\default\intermediates\loader_out\default\js cache.
[2026-06-21T18:35:14.103] [DEBUG] debug-file - Incremental task entry:default@BuildJS post-execution cost:3 ms .
[2026-06-21T18:35:14.103] [DEBUG] debug-file - There is no need to refresh cache, since the incremental task entry:default@CacheNativeLibs is up-to-date.
[2026-06-21T18:35:14.103] [DEBUG] debug-file - There is no need to refresh cache, since the incremental task entry:default@GeneratePkgModuleJson is up-to-date.
[2026-06-21T18:35:14.103] [DEBUG] debug-file - Incremental task entry:default@ProcessCompiledResources post-execution cost:1 ms .
[2026-06-21T18:35:14.103] [DEBUG] debug-file - Update task entry:default@PackageHap input file:D:\audio-format-switch-master\audio-format-switch-master\entry\build\default\intermediates\stripped_native_libs\default cache by regenerate.
[2026-06-21T18:35:14.103] [DEBUG] debug-file - Update task entry:default@PackageHap input file:D:\audio-format-switch-master\audio-format-switch-master\entry\build\default\intermediates\res\default\module.json cache by regenerate.
[2026-06-21T18:35:14.104] [DEBUG] debug-file - Update task entry:default@PackageHap input file:D:\audio-format-switch-master\audio-format-switch-master\entry\build\default\intermediates\res\default\resources cache by regenerate.
[2026-06-21T18:35:14.105] [DEBUG] debug-file - Update task entry:default@PackageHap input file:D:\audio-format-switch-master\audio-format-switch-master\entry\build\default\intermediates\res\default\resources.index cache by regenerate.
[2026-06-21T18:35:14.106] [DEBUG] debug-file - Update task entry:default@PackageHap input file:D:\audio-format-switch-master\audio-format-switch-master\entry\build\default\outputs\default\pack.info cache by regenerate.
[2026-06-21T18:35:14.106] [DEBUG] debug-file - Update task entry:default@PackageHap input file:D:\audio-format-switch-master\audio-format-switch-master\entry\build\default\intermediates\loader_out\default\ets cache from map.
[2026-06-21T18:35:14.106] [DEBUG] debug-file - Update task entry:default@PackageHap input file:D:\audio-format-switch-master\audio-format-switch-master\entry\build\default\intermediates\loader\default\pkgContextInfo.json cache by regenerate.
[2026-06-21T18:35:14.106] [DEBUG] debug-file - Update task entry:default@PackageHap input file:D:\audio-format-switch-master\audio-format-switch-master\entry\build\default\intermediates\loader_out\default\ets\sourceMaps.map cache by regenerate.
[2026-06-21T18:35:14.106] [DEBUG] debug-file - Update task entry:default@PackageHap input file:D:\audio-format-switch-master\audio-format-switch-master\entry\build\default\generated\profile\default\BuildProfile.ets cache by regenerate.
[2026-06-21T18:35:14.106] [DEBUG] debug-file - Update task entry:default@PackageHap output file:D:\audio-format-switch-master\audio-format-switch-master\entry\build\default\outputs\default\entry-default-unsigned.hap cache.
[2026-06-21T18:35:14.106] [DEBUG] debug-file - Update task entry:default@PackageHap output file:D:\audio-format-switch-master\audio-format-switch-master\entry\build\default\intermediates\source_map\default\sourceMaps.map cache.
[2026-06-21T18:35:14.106] [DEBUG] debug-file - Update task entry:default@PackageHap output file:D:\audio-format-switch-master\audio-format-switch-master\entry\build\default\outputs\default\mapping\sourceMaps.map cache.
[2026-06-21T18:35:14.107] [DEBUG] debug-file - Incremental task entry:default@PackageHap post-execution cost:4 ms .
[2026-06-21T18:35:14.107] [DEBUG] debug-file - Update task entry:default@SignHap input file:D:\audio-format-switch-master\audio-format-switch-master\entry\build\default\outputs\default\entry-default-unsigned.hap cache from map.
[2026-06-21T18:35:14.107] [DEBUG] debug-file - Update task entry:default@SignHap output file:D:\audio-format-switch-master\audio-format-switch-master\entry\build\default\outputs\default\entry-default-signed.hap cache.
[2026-06-21T18:35:14.107] [DEBUG] debug-file - Incremental task entry:default@SignHap post-execution cost:1 ms .
[2026-06-21T18:35:14.108] [DEBUG] debug-file - Update task entry:default@CollectDebugSymbol input file:D:\audio-format-switch-master\audio-format-switch-master\entry\build\default\intermediates\loader_out\default\ets\sourceMaps.map cache by regenerate.
[2026-06-21T18:35:14.108] [DEBUG] debug-file - Update task entry:default@CollectDebugSymbol input file:D:\audio-format-switch-master\audio-format-switch-master\entry\build\default\intermediates\libs\default cache by regenerate.
[2026-06-21T18:35:14.108] [DEBUG] debug-file - Update task entry:default@CollectDebugSymbol output file:D:\audio-format-switch-master\audio-format-switch-master\entry\build\default\outputs\default\symbol cache.
[2026-06-21T18:35:14.108] [DEBUG] debug-file - Incremental task entry:default@CollectDebugSymbol post-execution cost:1 ms .
[2026-06-21T18:35:14.127] [DEBUG] debug-file - Cleanup worker 22.
[2026-06-21T18:35:14.127] [DEBUG] debug-file - Worker 22 has been cleaned up.
[2026-06-21T18:35:14.127] [DEBUG] debug-file - Current idle worker size: 1.
[2026-06-21T18:35:14.127] [DEBUG] debug-file - Current resident worker size: 2.
[2026-06-21T18:35:14.127] [DEBUG] debug-file - hvigor build process will be closed.
[2026-06-21T18:35:14.132] [DEBUG] debug-file - session manager: send message to worker process.
[2026-06-21T18:35:14.133] [DEBUG] debug-file - session manager: send message to worker process.
[2026-06-21T18:35:14.133] [DEBUG] debug-file - watch worker: worker id should be larger than 0. Nothing will be sent to any worker thread.
[2026-06-21T18:35:14.133] [DEBUG] debug-file - watch worker: worker id should be larger than 0. Nothing will be sent to any worker thread.
[2026-06-21T18:35:14.136] [DEBUG] debug-file - worker[22] exits with exit code 1.
[2026-06-22T20:10:27.502] [DEBUG] debug-file - hvigor java daemon: Starting java daemon. jvmXmxValue=512m, jarPath=E:\DevEco Studio\tools\hvigor\hvigor\lib\hvigor-java-daemon.jar
[2026-06-22T20:10:27.508] [DEBUG] debug-file - hvigor java daemon: Read cache file, 
    port=45050, pid=11728, sessionId exists=true
[2026-06-22T20:10:27.524] [DEBUG] debug-file - hvigor java daemon: tryConnect failed, Error: connect ECONNREFUSED 127.0.0.1:45050, will start new daemon
[2026-06-22T20:10:27.621] [DEBUG] debug-file - java daemon started at port 45050 pid 41496
[2026-06-22T20:10:25.506] [DEBUG] debug-file - env: nodejsVersion=v18.20.1
[2026-06-22T20:10:25.630] [DEBUG] debug-file - env: daemon=true
[2026-06-22T20:10:25.507] [DEBUG] debug-file - env: hvigor-config.json5 content = {
  modelVersion: '6.0.0',
  dependencies: {},
  execution: {},
  logging: {},
  debugging: {},
  nodeOptions: {}
}
[2026-06-22T20:10:28.362] [DEBUG] debug-file - session manager: set active socket. socketId=YbrU-m0fur9C8XihAAAB
[2026-06-22T20:10:28.370] [DEBUG] debug-file - watch worker: worker id should be larger than 0. Nothing will be sent to any worker thread.
[2026-06-22T20:10:28.374] [DEBUG] debug-file - Since there is no instance or instance is terminated, create a new worker pool.
[2026-06-22T20:10:28.374] [DEBUG] debug-file - Worker pool is initialized with config:  {
  minPoolNum: 2,
  maxPoolNum: undefined,
  maxCoreSize: undefined,
  cacheCapacity: undefined,
  cacheTtl: undefined
}
[2026-06-22T20:10:28.375] [DEBUG] debug-file - Create  resident worker with id: 0.
[2026-06-22T20:10:28.376] [DEBUG] debug-file - Create  resident worker with id: 1.
[2026-06-22T20:10:28.377] [DEBUG] debug-file - Workers' log level updated to INFO
[2026-06-22T20:10:28.382] [DEBUG] debug-file - Hvigor init with startParameters:{
  hvigorfileTypeCheck: false,
  parallelExecution: true,
  incrementalExecution: true,
  printStackTrace: false,
  daemon: true,
  analyze: 0,
  logLevel: Level { level: 20000, levelStr: 'INFO', colour: 'green' },
  optimizationStrategy: 'memory',
  hotCompile: undefined,
  hotReloadBuild: undefined,
  customizedParam: undefined
}
[2026-06-22T20:10:28.386] [DEBUG] debug-file - Cache service initialization finished in 4 ms 
[2026-06-22T20:10:28.387] [DEBUG] debug-file - hvigorfile, resolving D:\audio-format-switch-master\audio-format-switch-master\hvigorfile.ts
[2026-06-22T20:10:43.524] [DEBUG] debug-file - hvigorfile, require result:  { default: { plugins: [] } }
[2026-06-22T20:10:43.524] [DEBUG] debug-file - hvigorfile, binding system plugins null
[2026-06-22T20:10:43.525] [DEBUG] debug-file - Starting plugin build process
[2026-06-22T20:10:43.525] [DEBUG] debug-file - App plugin prepare start...
[2026-06-22T20:10:43.525] [DEBUG] debug-file - App plugin prepare end...
[2026-06-22T20:10:43.525] [DEBUG] debug-file - App plugin creating...
[2026-06-22T20:10:43.647] [DEBUG] debug-file - App plugin register hook start...
[2026-06-22T20:10:43.647] [DEBUG] debug-file - App plugin register hook end...
[2026-06-22T20:10:43.647] [DEBUG] debug-file - Plugin build process completed
[2026-06-22T20:10:43.648] [DEBUG] debug-file - Start initialize project's product build option map with build mode debug.
[2026-06-22T20:10:43.648] [DEBUG] debug-file - Picking option from product 'default' with build mode 'debug'.
[2026-06-22T20:10:43.648] [DEBUG] debug-file - Product 'default' build option initialized
[2026-06-22T20:10:43.648] [DEBUG] debug-file - End initialize project's product build option map with build mode 'debug'.
[2026-06-22T20:10:43.649] [DEBUG] debug-file - Obtain build option for product 'default'in this build.
[2026-06-22T20:10:43.650] [DEBUG] debug-file - No signingConfig found, initRemoteHspCache failed.
[2026-06-22T20:10:43.652] [DEBUG] debug-file - Local scan or download HarmonyOS sdk components toolchains,ets,js,native,previewer
[2026-06-22T20:10:43.655] [DEBUG] debug-file - Local scan or download hmscore sdk components toolchains,ets,native
[2026-06-22T20:10:43.657] [DEBUG] debug-file - Start recording SDK configuration permission data.
[2026-06-22T20:10:43.687] [DEBUG] debug-file - Sdk init in 36 ms 
[2026-06-22T20:10:43.691] [DEBUG] debug-file - Project task initialization takes 3 ms 
[2026-06-22T20:10:43.691] [DEBUG] debug-file - hvigorfile, begin to bind custom plugins...
[2026-06-22T20:10:43.691] [DEBUG] debug-file - hvigorfile, no custom plugins were found in D:\audio-format-switch-master\audio-format-switch-master\hvigorfile.ts
[2026-06-22T20:10:43.691] [DEBUG] debug-file - hvigorfile, resolve finished D:\audio-format-switch-master\audio-format-switch-master\hvigorfile.ts
[2026-06-22T20:10:43.691] [DEBUG] debug-file - hvigorfile, resolving D:\audio-format-switch-master\audio-format-switch-master\entry\hvigorfile.ts
[2026-06-22T20:10:43.696] [DEBUG] debug-file - hvigorfile, require result:  { default: { plugins: [] } }
[2026-06-22T20:10:43.696] [DEBUG] debug-file - hvigorfile, binding system plugins null
[2026-06-22T20:10:43.696] [DEBUG] debug-file - Starting plugin build process
[2026-06-22T20:10:43.696] [DEBUG] debug-file - Hap plugin creating...
[2026-06-22T20:10:43.697] [DEBUG] debug-file - failed to load cangjie to dynamically generate schemas: Error: Cannot find module '@ohos/cangjie-build-support/index'
Require stack:
- E:\DevEco Studio\tools\hvigor\hvigor-ohos-plugin\src\plugin\hooks\cangjie-register.js
- E:\DevEco Studio\tools\hvigor\hvigor-ohos-plugin\src\plugin\strategy\stage-init-strategy.js
- E:\DevEco Studio\tools\hvigor\hvigor-ohos-plugin\src\plugin\builder\abstract-plugin-builder.js
- E:\DevEco Studio\tools\hvigor\hvigor-ohos-plugin\src\plugin\builder\app-plugin-builder.js
- E:\DevEco Studio\tools\hvigor\hvigor-ohos-plugin\src\plugin\factory\plugin-factory.js
- E:\DevEco Studio\tools\hvigor\hvigor-ohos-plugin\index.js
- D:\audio-format-switch-master\audio-format-switch-master\hvigorfile.ts
- E:\DevEco Studio\tools\hvigor\hvigor\src\base\internal\lifecycle\configuration.js
- E:\DevEco Studio\tools\hvigor\hvigor\src\base\boot\index.js
- E:\DevEco Studio\tools\hvigor\hvigor\src\base\daemon\cluster\worker-process-lifecycle.js
- E:\DevEco Studio\tools\hvigor\hvigor\src\base\daemon\process\daemon-process-boot-script.js
[2026-06-22T20:10:43.708] [DEBUG] debug-file - Start initialize module-target build option map, moduleName=entry, buildMode=release
[2026-06-22T20:10:43.708] [DEBUG] debug-file - Target 'default' config initialized
[2026-06-22T20:10:43.708] [DEBUG] debug-file - Module 'entry' target 'default' build option initialized
[2026-06-22T20:10:43.708] [DEBUG] debug-file - End initialize module-target build option map, moduleName=entry
[2026-06-22T20:10:43.709] [DEBUG] debug-file - Start initialize module-target build option map, moduleName=entry, buildMode=debug
[2026-06-22T20:10:43.709] [DEBUG] debug-file - Target 'default' config initialized
[2026-06-22T20:10:43.709] [DEBUG] debug-file - Module 'entry' target 'default' build option initialized
[2026-06-22T20:10:43.709] [DEBUG] debug-file - End initialize module-target build option map, moduleName=entry
[2026-06-22T20:10:43.709] [DEBUG] debug-file - Start initialize module-target build option map, moduleName=entry, buildMode=debug
[2026-06-22T20:10:43.709] [DEBUG] debug-file - Target 'default' config initialized
[2026-06-22T20:10:43.709] [DEBUG] debug-file - Module 'entry' target 'default' build option initialized
[2026-06-22T20:10:43.709] [DEBUG] debug-file - End initialize module-target build option map, moduleName=entry
[2026-06-22T20:10:43.709] [DEBUG] debug-file - Obtain build option for module 'entry' target 'default'in this build.
[2026-06-22T20:10:43.713] [DEBUG] debug-file - Module entry task initialization takes 3 ms 
[2026-06-22T20:10:43.713] [DEBUG] debug-file - Hap plugin register hook start...
[2026-06-22T20:10:43.713] [DEBUG] debug-file - Hap plugin register hook end...
[2026-06-22T20:10:43.713] [DEBUG] debug-file - Plugin build process completed
[2026-06-22T20:10:43.713] [DEBUG] debug-file - hvigorfile, begin to bind custom plugins...
[2026-06-22T20:10:43.713] [DEBUG] debug-file - hvigorfile, no custom plugins were found in D:\audio-format-switch-master\audio-format-switch-master\entry\hvigorfile.ts
[2026-06-22T20:10:43.713] [DEBUG] debug-file - hvigorfile, resolve finished D:\audio-format-switch-master\audio-format-switch-master\entry\hvigorfile.ts
[2026-06-22T20:10:43.727] [DEBUG] debug-file - hvigorfile, resolve hvigorfile dependencies in 15 ms 
[2026-06-22T20:10:43.728] [DEBUG] debug-file - project has submodules:entry
[2026-06-22T20:10:43.729] [DEBUG] debug-file - start to load updatedOhPackageInfo to the disk
[2026-06-22T20:10:43.730] [DEBUG] debug-file - load to the disk finished
[2026-06-22T20:10:43.731] [DEBUG] debug-file - Start to initialize dependency information.
[2026-06-22T20:10:43.732] [DEBUG] debug-file - Module audio-format-switch-master Collected Dependency: 
[2026-06-22T20:10:43.732] [DEBUG] debug-file - Module audio-format-switch-master's total dependency: 0
[2026-06-22T20:10:43.733] [DEBUG] debug-file - Start to initialize dependency information.
[2026-06-22T20:10:43.734] [DEBUG] debug-file - Module entry Collected Dependency: 
[2026-06-22T20:10:43.734] [DEBUG] debug-file - Module entry's total dependency: 0
[2026-06-22T20:10:43.737] [DEBUG] debug-file - Configuration phase cost:15 s 351 ms 
[2026-06-22T20:10:43.738] [DEBUG] debug-file - Configuration task cost before running: 15 s 361 ms 
[2026-06-22T20:10:43.742] [DEBUG] debug-file - Executing task :entry:default@PreBuild
[2026-06-22T20:10:43.743] [DEBUG] debug-file - Task 'entry:default@PreBuild' cost while wrapping incremental declarations: 1 ms 
[2026-06-22T20:10:43.748] [DEBUG] debug-file - Incremental task entry:default@PreBuild pre-execution cost: 4 ms .
[2026-06-22T20:10:43.748] [DEBUG] debug-file - entry : default@PreBuild cost memory 0.3319549560546875
[2026-06-22T20:10:43.749] [INFO] debug-file - UP-TO-DATE :entry:default@PreBuild...  
[2026-06-22T20:10:43.750] [DEBUG] debug-file - Executing task :entry:default@CreateModuleInfo
[2026-06-22T20:10:43.750] [DEBUG] debug-file - Task 'entry:default@CreateModuleInfo' cost while wrapping incremental declarations: 1 ms 
[2026-06-22T20:10:43.750] [DEBUG] debug-file - entry : default@CreateModuleInfo cost memory 0.14658355712890625
[2026-06-22T20:10:43.750] [DEBUG] debug-file - runTaskFromQueue task cost before running: 15 s 373 ms 
[2026-06-22T20:10:43.750] [INFO] debug-file - Finished :entry:default@CreateModuleInfo... after 1 ms 
[2026-06-22T20:10:43.751] [DEBUG] debug-file - Executing task :entry:default@GenerateMetadata
[2026-06-22T20:10:43.752] [DEBUG] debug-file - Task 'entry:default@GenerateMetadata' cost while wrapping incremental declarations: 1 ms 
[2026-06-22T20:10:43.767] [DEBUG] debug-file - Incremental task entry:default@GenerateMetadata pre-execution cost: 16 ms .
[2026-06-22T20:10:43.767] [DEBUG] debug-file - entry : default@GenerateMetadata cost memory 0.0919952392578125
[2026-06-22T20:10:43.767] [INFO] debug-file - UP-TO-DATE :entry:default@GenerateMetadata...  
[2026-06-22T20:10:43.768] [DEBUG] debug-file - Executing task :entry:default@ConfigureCmake
[2026-06-22T20:10:43.768] [DEBUG] debug-file - entry : default@ConfigureCmake cost memory 0.0145721435546875
[2026-06-22T20:10:43.768] [DEBUG] debug-file - runTaskFromQueue task cost before running: 15 s 391 ms 
[2026-06-22T20:10:43.768] [INFO] debug-file - Finished :entry:default@ConfigureCmake... after 1 ms 
[2026-06-22T20:10:43.769] [DEBUG] debug-file - Executing task :entry:default@MergeProfile
[2026-06-22T20:10:43.769] [DEBUG] debug-file - Task 'entry:default@MergeProfile' cost while wrapping incremental declarations: 1 ms 
[2026-06-22T20:10:43.771] [DEBUG] debug-file - Incremental task entry:default@MergeProfile pre-execution cost: 2 ms .
[2026-06-22T20:10:43.771] [DEBUG] debug-file - entry : default@MergeProfile cost memory 0.13581085205078125
[2026-06-22T20:10:43.771] [INFO] debug-file - UP-TO-DATE :entry:default@MergeProfile...  
[2026-06-22T20:10:43.772] [DEBUG] debug-file - Executing task :entry:default@CreateBuildProfile
[2026-06-22T20:10:43.772] [DEBUG] debug-file - Task 'entry:default@CreateBuildProfile' cost while wrapping incremental declarations: 1 ms 
[2026-06-22T20:10:43.773] [DEBUG] debug-file - Incremental task entry:default@CreateBuildProfile pre-execution cost: 1 ms .
[2026-06-22T20:10:43.773] [DEBUG] debug-file - entry : default@CreateBuildProfile cost memory 0.108795166015625
[2026-06-22T20:10:43.773] [INFO] debug-file - UP-TO-DATE :entry:default@CreateBuildProfile...  
[2026-06-22T20:10:43.774] [DEBUG] debug-file - Executing task :entry:default@PreCheckSyscap
[2026-06-22T20:10:43.774] [DEBUG] debug-file - entry : default@PreCheckSyscap cost memory 0.01471710205078125
[2026-06-22T20:10:43.774] [DEBUG] debug-file - runTaskFromQueue task cost before running: 15 s 397 ms 
[2026-06-22T20:10:43.774] [INFO] debug-file - Finished :entry:default@PreCheckSyscap... after 1 ms 
[2026-06-22T20:10:43.775] [DEBUG] debug-file - Executing task :entry:default@GeneratePkgContextInfo
[2026-06-22T20:10:43.780] [DEBUG] debug-file - Task 'entry:default@GeneratePkgContextInfo' cost while wrapping incremental declarations: 1 ms 
[2026-06-22T20:10:43.780] [DEBUG] debug-file - Incremental task entry:default@GeneratePkgContextInfo pre-execution cost: 1 ms .
[2026-06-22T20:10:43.780] [DEBUG] debug-file - entry : default@GeneratePkgContextInfo cost memory 0.49908447265625
[2026-06-22T20:10:43.780] [INFO] debug-file - UP-TO-DATE :entry:default@GeneratePkgContextInfo...  
[2026-06-22T20:10:43.781] [DEBUG] debug-file - Executing task :entry:default@GeneratePkgSdkInfo
[2026-06-22T20:10:43.782] [DEBUG] debug-file - Task 'entry:default@GeneratePkgSdkInfo' cost while wrapping incremental declarations: 1 ms 
[2026-06-22T20:10:43.782] [DEBUG] debug-file - entry : default@GeneratePkgSdkInfo cost memory 0.10089111328125
[2026-06-22T20:10:43.782] [DEBUG] debug-file - runTaskFromQueue task cost before running: 15 s 405 ms 
[2026-06-22T20:10:43.782] [INFO] debug-file - Finished :entry:default@GeneratePkgSdkInfo... after 2 ms 
[2026-06-22T20:10:43.784] [DEBUG] debug-file - Executing task :entry:default@ProcessIntegratedHsp
[2026-06-22T20:10:43.784] [DEBUG] debug-file - entry:default@ProcessIntegratedHsp is not up-to-date, since the output file 'D:\audio-format-switch-master\audio-format-switch-master\build\cache\default\integrated_hsp\integratedHspCache.json' does not exist.
[2026-06-22T20:10:43.785] [DEBUG] debug-file - Incremental task entry:default@ProcessIntegratedHsp pre-execution cost: 1 ms .
[2026-06-22T20:10:43.785] [DEBUG] debug-file - entry : default@ProcessIntegratedHsp cost memory 0.0573883056640625
[2026-06-22T20:10:43.785] [DEBUG] debug-file - runTaskFromQueue task cost before running: 15 s 407 ms 
[2026-06-22T20:10:43.785] [INFO] debug-file - Finished :entry:default@ProcessIntegratedHsp... after 1 ms 
[2026-06-22T20:10:43.785] [DEBUG] debug-file - Executing task :entry:default@BuildNativeWithCmake
[2026-06-22T20:10:43.785] [DEBUG] debug-file - entry : default@BuildNativeWithCmake cost memory 0.0150299072265625
[2026-06-22T20:10:43.785] [DEBUG] debug-file - runTaskFromQueue task cost before running: 15 s 408 ms 
[2026-06-22T20:10:43.786] [INFO] debug-file - Finished :entry:default@BuildNativeWithCmake... after 1 ms 
[2026-06-22T20:10:43.786] [DEBUG] debug-file - Executing task :entry:default@MakePackInfo
[2026-06-22T20:10:43.788] [DEBUG] debug-file - Incremental task entry:default@MakePackInfo pre-execution cost: 2 ms .
[2026-06-22T20:10:43.788] [DEBUG] debug-file - entry : default@MakePackInfo cost memory 0.1352386474609375
[2026-06-22T20:10:43.788] [INFO] debug-file - UP-TO-DATE :entry:default@MakePackInfo...  
[2026-06-22T20:10:43.789] [DEBUG] debug-file - Executing task :entry:default@SyscapTransform
[2026-06-22T20:10:43.789] [DEBUG] debug-file - File: 'D:\audio-format-switch-master\audio-format-switch-master\entry\src\main\syscap.json' from 'sysCapJsonPath' is not exists, just ignore.
[2026-06-22T20:10:43.790] [DEBUG] debug-file - Task 'entry:default@SyscapTransform' cost while wrapping incremental declarations: 1 ms 
[2026-06-22T20:10:43.797] [DEBUG] debug-file - entry:default@SyscapTransform is not up-to-date, since the output file 'D:\audio-format-switch-master\audio-format-switch-master\entry\build\default\intermediates\syscap\default\rpcid.sc' does not exist.
[2026-06-22T20:10:43.797] [DEBUG] debug-file - Incremental task entry:default@SyscapTransform pre-execution cost: 8 ms .
[2026-06-22T20:10:43.798] [DEBUG] debug-file - entry : default@SyscapTransform cost memory 0.1499176025390625
[2026-06-22T20:10:43.798] [DEBUG] debug-file - runTaskFromQueue task cost before running: 15 s 420 ms 
[2026-06-22T20:10:43.798] [INFO] debug-file - Finished :entry:default@SyscapTransform... after 9 ms 
[2026-06-22T20:10:43.799] [DEBUG] debug-file - Executing task :entry:default@ProcessProfile
[2026-06-22T20:10:43.807] [DEBUG] debug-file - Task 'entry:default@ProcessProfile' cost while wrapping incremental declarations: 1 ms 
[2026-06-22T20:10:43.808] [DEBUG] debug-file - Incremental task entry:default@ProcessProfile pre-execution cost: 1 ms .
[2026-06-22T20:10:43.808] [DEBUG] debug-file - entry : default@ProcessProfile cost memory 0.14058685302734375
[2026-06-22T20:10:43.808] [INFO] debug-file - UP-TO-DATE :entry:default@ProcessProfile...  
[2026-06-22T20:10:43.809] [DEBUG] debug-file - Executing task :entry:default@ProcessRouterMap
[2026-06-22T20:10:43.812] [DEBUG] debug-file - Incremental task entry:default@ProcessRouterMap pre-execution cost: 2 ms .
[2026-06-22T20:10:43.812] [DEBUG] debug-file - entry : default@ProcessRouterMap cost memory 0.16597747802734375
[2026-06-22T20:10:43.812] [INFO] debug-file - UP-TO-DATE :entry:default@ProcessRouterMap...  
[2026-06-22T20:10:43.812] [DEBUG] debug-file - Executing task :entry:default@ProcessShareConfig
[2026-06-22T20:10:43.814] [DEBUG] debug-file - Incremental task entry:default@ProcessShareConfig pre-execution cost: 2 ms .
[2026-06-22T20:10:43.814] [DEBUG] debug-file - entry : default@ProcessShareConfig cost memory 0.140655517578125
[2026-06-22T20:10:43.814] [INFO] debug-file - UP-TO-DATE :entry:default@ProcessShareConfig...  
[2026-06-22T20:10:43.815] [DEBUG] debug-file - Executing task :entry:default@ProcessStartupConfig
[2026-06-22T20:10:43.815] [DEBUG] debug-file - Task 'entry:default@ProcessStartupConfig' cost while wrapping incremental declarations: 1 ms 
[2026-06-22T20:10:43.816] [DEBUG] debug-file - entry:default@ProcessStartupConfig is not up-to-date, since the output file 'D:\audio-format-switch-master\audio-format-switch-master\entry\build\default\intermediates\startup\default\startup_config.json' does not exist.
[2026-06-22T20:10:43.816] [DEBUG] debug-file - Incremental task entry:default@ProcessStartupConfig pre-execution cost: 1 ms .
[2026-06-22T20:10:43.821] [DEBUG] debug-file - entry : default@ProcessStartupConfig cost memory 0.3763885498046875
[2026-06-22T20:10:43.821] [DEBUG] debug-file - runTaskFromQueue task cost before running: 15 s 444 ms 
[2026-06-22T20:10:43.822] [INFO] debug-file - Finished :entry:default@ProcessStartupConfig... after 7 ms 
[2026-06-22T20:10:43.822] [DEBUG] debug-file - Executing task :entry:default@BuildNativeWithNinja
[2026-06-22T20:10:43.823] [DEBUG] debug-file - entry : default@BuildNativeWithNinja cost memory 0.020782470703125
[2026-06-22T20:10:43.823] [DEBUG] debug-file - runTaskFromQueue task cost before running: 15 s 445 ms 
[2026-06-22T20:10:43.823] [INFO] debug-file - Finished :entry:default@BuildNativeWithNinja... after 1 ms 
[2026-06-22T20:10:43.824] [DEBUG] debug-file - restool module names: entry; moduleName=entry, taskName=default@ProcessResource
[2026-06-22T20:10:43.833] [DEBUG] debug-file - Executing task :entry:default@ProcessResource
[2026-06-22T20:10:43.833] [DEBUG] debug-file - Task 'entry:default@ProcessResource' cost while wrapping incremental declarations: 1 ms 
[2026-06-22T20:10:43.834] [DEBUG] debug-file - Incremental task entry:default@ProcessResource pre-execution cost: 1 ms .
[2026-06-22T20:10:43.834] [DEBUG] debug-file - entry : default@ProcessResource cost memory 0.14173126220703125
[2026-06-22T20:10:43.835] [INFO] debug-file - UP-TO-DATE :entry:default@ProcessResource...  
[2026-06-22T20:10:43.836] [DEBUG] debug-file - Executing task :entry:default@GenerateLoaderJson
[2026-06-22T20:10:43.837] [DEBUG] debug-file - Task 'entry:default@GenerateLoaderJson' cost while wrapping incremental declarations: 1 ms 
[2026-06-22T20:10:43.847] [DEBUG] debug-file - Incremental task entry:default@GenerateLoaderJson pre-execution cost: 3 ms .
[2026-06-22T20:10:43.847] [DEBUG] debug-file - entry : default@GenerateLoaderJson cost memory 0.5257949829101562
[2026-06-22T20:10:43.848] [INFO] debug-file - UP-TO-DATE :entry:default@GenerateLoaderJson...  
[2026-06-22T20:10:43.849] [DEBUG] debug-file - Executing task :entry:default@ProcessLibs
[2026-06-22T20:10:43.851] [DEBUG] debug-file - Incremental task entry:default@ProcessLibs pre-execution cost: 2 ms .
[2026-06-22T20:10:43.851] [DEBUG] debug-file - entry : default@ProcessLibs cost memory 0.1092681884765625
[2026-06-22T20:10:43.852] [INFO] debug-file - UP-TO-DATE :entry:default@ProcessLibs...  
[2026-06-22T20:10:43.852] [DEBUG] debug-file - restool module names: entry; moduleName=entry, taskName=default@CompileResource
[2026-06-22T20:10:43.853] [DEBUG] debug-file - Executing task :entry:default@CompileResource
[2026-06-22T20:10:43.870] [DEBUG] debug-file - Incremental task entry:default@CompileResource pre-execution cost: 10 ms .
[2026-06-22T20:10:43.870] [DEBUG] debug-file - entry : default@CompileResource cost memory 1.00811767578125
[2026-06-22T20:10:43.870] [INFO] debug-file - UP-TO-DATE :entry:default@CompileResource...  
[2026-06-22T20:10:43.871] [DEBUG] debug-file - Executing task :entry:default@DoNativeStrip
[2026-06-22T20:10:43.871] [DEBUG] debug-file - File: 'D:\audio-format-switch-master\audio-format-switch-master\entry\build\default\intermediates\binxo\default' from 'doBinxoNativeLibs' is not exists, just ignore.
[2026-06-22T20:10:43.872] [DEBUG] debug-file - Task 'entry:default@DoNativeStrip' cost while wrapping incremental declarations: 1 ms 
[2026-06-22T20:10:43.872] [DEBUG] debug-file - Incremental task entry:default@DoNativeStrip pre-execution cost: 1 ms .
[2026-06-22T20:10:43.872] [DEBUG] debug-file - entry : default@DoNativeStrip cost memory 0.09683990478515625
[2026-06-22T20:10:43.872] [INFO] debug-file - UP-TO-DATE :entry:default@DoNativeStrip...  
[2026-06-22T20:10:43.873] [DEBUG] debug-file - Executing task :entry:default@CompileArkTS
[2026-06-22T20:10:43.874] [DEBUG] debug-file - obfuscationOptions: undefined
[2026-06-22T20:10:43.874] [DEBUG] debug-file - Task 'entry:default@CompileArkTS' cost while wrapping incremental declarations: 1 ms 
[2026-06-22T20:10:43.880] [DEBUG] debug-file - entry:default@CompileArkTS is not up-to-date, since the input file 'D:\audio-format-switch-master\audio-format-switch-master\entry\src\main\ets' has been changed.
[2026-06-22T20:10:43.880] [DEBUG] debug-file - Incremental task entry:default@CompileArkTS pre-execution cost: 5 ms .
[2026-06-22T20:10:43.899] [DEBUG] debug-file - build config:
[2026-06-22T20:10:43.899] [DEBUG] debug-file - {
  moduleType: 'entry',
  perf: 0,
  targetName: '.default',
  packageManagerType: 'ohpm',
  localPropertiesPath: 'D:\\audio-format-switch-master\\audio-format-switch-master\\local.properties',
  isPreview: false,
  isOhosTest: false,
  isLocalTest: false,
  buildMode: 'Debug',
  hotReloadBuild: undefined,
  watchMode: 'false',
  aceProfilePath: 'D:\\audio-format-switch-master\\audio-format-switch-master\\entry\\build\\default\\intermediates\\res\\default\\resources\\base\\profile',
  etsLoaderPath: 'E:\\DevEco Studio\\sdk\\default\\openharmony\\ets\\build-tools\\ets-loader',
  modulePath: 'D:\\audio-format-switch-master\\audio-format-switch-master\\entry',
  testFrameworkPar: {
    testMode: undefined,
    coveragePathFilter: undefined,
    coverageMode: undefined
  },
  needCoverageInsert: false,
  debugLine: false,
  projectTopDir: 'D:\\audio-format-switch-master\\audio-format-switch-master',
  compileSdkVersion: 23,
  compatibleSdkVersion: 20,
  originCompatibleSdkVersion: '6.0.0(20)',
  compatibleSdkVersionStage: undefined,
  bundleName: 'c***h',
  etsLoaderVersion: '6.1.0.105',
  etsLoaderReleaseType: 'Release',
  aotCompileMode: 'type',
  apPath: 'D:\\audio-format-switch-master\\audio-format-switch-master\\entry\\modules.ap',
  entryModuleName: 'entry',
  entryModuleVersion: '1.0.0',
  entryPackageName: 'entry',
  allModuleNameHash: 'be3e1490a19bd8d07662eb3de867532949623b451f558485d971c2f27ee92973',
  externalApiPaths: [ 'E:\\DevEco Studio\\sdk\\default\\hms\\ets' ],
  compilerTypes: [],
  isCrossplatform: false,
  hvigorPluginFile: undefined,
  compilePluginPath: undefined,
  buildGeneratedProfilePath: 'D:\\audio-format-switch-master\\audio-format-switch-master\\entry\\build\\default\\generated\\profile\\default',
  bundleType: 'app',
  arkTSVersion: undefined,
  apiVersion: 23,
  needCompleteSourcesMap: false,
  isFaMode: false,
  buildDir: 'D:\\audio-format-switch-master\\audio-format-switch-master\\entry\\build',
  deviceTypes: [ 'phone' ],
  pkgContextInfo: {
    entry: {
      packageName: 'entry',
      bundleName: '*****',
      moduleName: '',
      version: '',
      entryPath: 'src/main/',
      isSO: false,
      dependencyAlias: ''
    }
  },
  ohPackagePathMap: {},
  dependencyAliasMap: {},
  permission: { requestPermissions: undefined, definePermissions: undefined },
  useGetCurrentBundleName: false,
  projectArkOption: undefined,
  sourceMapDir: undefined,
  branchElimination: false,
  transformLib: undefined,
  tsImportSendable: false,
  resolveConflictMode: true,
  depName2RootPath: {},
  depName2DepInfo: {},
  depName2OhExports: {},
  rootPathSet: [ 'D:\\audio-format-switch-master\\audio-format-switch-master' ],
  useNativeResolver: true,
  shouldEmitJs: true,
  useTscResolve: false,
  singleFileEmit: false,
  userProjectConfig: {
    autoLazyImport: false,
    allowEmptyBundleName: false,
    reExportCheckMode: 'noCheck',
    executionMode: 'memory',
    usePathPlaceholder: false,
    writeRollupCache: true,
    isExpandImportEnabled: false,
    expandImportExclude: '',
    lazyImportExclude: '',
    lazyImportInclude: '',
    ignoreCrossplatformCheck: false,
    isHarDeduplicateEnabled: false,
    skipOhModulesLint: false,
    enableStrictCheckOHModule: false,
    disableSendableCheckRules: [],
    useDeclarationFileSignature: false,
    customizedOptions: undefined,
    integratedHsp: false,
    isPreloadSoEnabled: false
  },
  executionMode: 'memory',
  arkCompileCachePath: 'D:\\audio-format-switch-master\\audio-format-switch-master\\entry\\build\\default\\cache\\default\\default@CompileArkTS\\esmodule',
  autoLazyFilter: undefined,
  isHarDeduplicateEnabled: false,
  intermediateHarDuplicateDirPath: 'D:\\audio-format-switch-master\\audio-format-switch-master\\entry\\build\\default\\intermediates\\har_duplicate\\default',
  autoLazyImport: false,
  allowEmptyBundleName: false,
  reExportCheckMode: 'noCheck',
  usePathPlaceholder: false,
  writeRollupCache: true,
  isExpandImportEnabled: false,
  expandImportExclude: '',
  lazyImportExclude: '',
  lazyImportInclude: '',
  ignoreCrossplatformCheck: false,
  skipOhModulesLint: false,
  enableStrictCheckOHModule: false,
  disableSendableCheckRules: [],
  useDeclarationFileSignature: false,
  customizedOptions: undefined,
  integratedHsp: false,
  isPreloadSoEnabled: false,
  strictMode: {
    caseSensitiveCheck: true,
    useNormalizedOHMUrl: true,
    noExternalImportByPath: true
  },
  useNormalizedOHMUrl: true,
  caseSensitiveCheck: true,
  aceModuleJsonPath: 'D:\\audio-format-switch-master\\audio-format-switch-master\\entry\\build\\default\\intermediates\\res\\default\\ark_module.json',
  appResource: 'D:\\audio-format-switch-master\\audio-format-switch-master\\entry\\build\\default\\intermediates\\res\\default\\ResourceTable.txt',
  rawFileResource: 'D:\\audio-format-switch-master\\audio-format-switch-master\\entry\\build\\default\\intermediates\\res\\default\\resources\\rawfile',
  resourceTableHash: '6c01846ec43f83dda3236b826ce3ee4717843f851a24bccd7722c8787b896537',
  runtimeOS: 'HarmonyOS',
  sdkInfo: 'false:23:6.1.0.105:Release',
  aceModuleRoot: 'D:\\audio-format-switch-master\\audio-format-switch-master\\entry\\src\\main\\ets',
  compileMode: 'esmodule',
  aceSuperVisualPath: 'D:\\audio-format-switch-master\\audio-format-switch-master\\entry\\src\\main\\supervisual',
  aceBuildJson: 'D:\\audio-format-switch-master\\audio-format-switch-master\\entry\\build\\default\\intermediates\\loader\\default\\loader.json',
  cachePath: 'D:\\audio-format-switch-master\\audio-format-switch-master\\entry\\build\\default\\cache\\default\\default@CompileArkTS\\esmodule\\debug',
  aceModuleBuild: 'D:\\audio-format-switch-master\\audio-format-switch-master\\entry\\build\\default\\intermediates\\loader_out\\default\\ets',
  supportChunks: true,
  declaredFilesPath: undefined,
  shouldCollectDirectImportees: false,
  isByteCodeHarOptimize: false,
  expandImportPath: undefined,
  resourceTableTs: 'D:\\audio-format-switch-master\\audio-format-switch-master\\entry\\build\\default\\generated\\r\\default\\ResourceTable.ts',
  moduleMetaInfoFiles: [
    {
      filePath: 'D:\\audio-format-switch-master\\audio-format-switch-master\\entry\\build\\default\\generated\\r\\default\\ResourceTable.ts',
      ohmurl: '&entry/build/generated/r/ResourceTable&'
    }
  ],
  pkgNameToPkgBriefInfo: {
    entry: {
      pkgRoot: 'D:\\audio-format-switch-master\\audio-format-switch-master\\entry',
      originalSourceRoots: undefined,
      sourceRoots: [Array],
      pkgName: 'entry'
    }
  },
  projectModel: {
    'D:\\audio-format-switch-master\\audio-format-switch-master\\entry\\src\\main': {
      moduleName: 'entry',
      modulePkgPath: 'D:\\audio-format-switch-master\\audio-format-switch-master\\entry',
      belongProjectPath: 'D:\\audio-format-switch-master\\audio-format-switch-master'
    },
    'D:\\audio-format-switch-master\\audio-format-switch-master\\entry': {
      moduleName: 'entry',
      modulePkgPath: 'D:\\audio-format-switch-master\\audio-format-switch-master\\entry',
      belongProjectPath: 'D:\\audio-format-switch-master\\audio-format-switch-master'
    },
    'D:\\audio-format-switch-master\\audio-format-switch-master': {
      moduleName: 'audio-format-switch-master',
      modulePkgPath: 'D:\\audio-format-switch-master\\audio-format-switch-master',
      belongProjectPath: 'D:\\audio-format-switch-master\\audio-format-switch-master'
    }
  },
  pkgJsonFileHash: '3988b0835bccf210dee13376ccba6999fb1b98adb421db068b476e7002ad0e2d',
  allModulePaths: [
    'D:\\audio-format-switch-master\\audio-format-switch-master\\entry'
  ],
  routerMap: {},
  obfuscationOptions: undefined,
  byteCodeHarToDependencyKeys: undefined,
  compileBlockPkg: [],
  mockParams: {
    decorator: '@MockSetup',
    packageName: '@ohos/hamock',
    etsSourceRootPath: 'src/main/ets',
    mockConfigPath: undefined,
    mockConfigKey2ModuleInfo: {},
    source2ModuleIdMap: {}
  },
  copyCodeResourceEnable: false,
  copyCodeResourceExcludes: [],
  copyCodeResourceIncludes: undefined,
  uiTransformOptimization: false,
  sdkPath: 'E:/DevEco Studio/sdk',
  needPreloadSoFileSet: {},
  preloadSoFilePath: 'D:\\audio-format-switch-master\\audio-format-switch-master\\entry\\build\\default\\intermediates\\preload\\default\\preload.json',
  useSourceHash: false,
  localModuleParamMap: {},
  otherPaths: {
    'entry/*': [
      '..\\*',
      '..\\..\\..\\build\\default\\generated\\profile\\default\\*'
    ]
  },
  collectImportersConfig: undefined
}
[2026-06-22T20:10:43.900] [DEBUG] debug-file - Compile arkts with external api path: E:\DevEco Studio\sdk\default\hms\ets
[2026-06-22T20:10:43.901] [DEBUG] debug-file - default@CompileArkTS work[0] is submitted.
[2026-06-22T20:10:43.901] [DEBUG] debug-file - default@CompileArkTS work[0] is pushed to ready queue.
[2026-06-22T20:10:43.901] [DEBUG] debug-file - A work dispatched to worker[23] failed because unable to get work from ready queue.
[2026-06-22T20:10:43.901] [DEBUG] debug-file - A work dispatched to worker[22] failed because unable to get work from ready queue.
[2026-06-22T20:10:43.901] [DEBUG] debug-file - A work dispatched to worker[21] failed because unable to get work from ready queue.
[2026-06-22T20:10:43.901] [DEBUG] debug-file - A work dispatched to worker[20] failed because unable to get work from ready queue.
[2026-06-22T20:10:43.901] [DEBUG] debug-file - A work dispatched to worker[19] failed because unable to get work from ready queue.
[2026-06-22T20:10:43.901] [DEBUG] debug-file - A work dispatched to worker[18] failed because unable to get work from ready queue.
[2026-06-22T20:10:43.901] [DEBUG] debug-file - A work dispatched to worker[17] failed because unable to get work from ready queue.
[2026-06-22T20:10:43.901] [DEBUG] debug-file - A work dispatched to worker[16] failed because unable to get work from ready queue.
[2026-06-22T20:10:43.901] [DEBUG] debug-file - A work dispatched to worker[15] failed because unable to get work from ready queue.
[2026-06-22T20:10:43.901] [DEBUG] debug-file - A work dispatched to worker[14] failed because unable to get work from ready queue.
[2026-06-22T20:10:43.901] [DEBUG] debug-file - A work dispatched to worker[13] failed because unable to get work from ready queue.
[2026-06-22T20:10:43.901] [DEBUG] debug-file - A work dispatched to worker[12] failed because unable to get work from ready queue.
[2026-06-22T20:10:43.901] [DEBUG] debug-file - A work dispatched to worker[11] failed because unable to get work from ready queue.
[2026-06-22T20:10:43.901] [DEBUG] debug-file - A work dispatched to worker[10] failed because unable to get work from ready queue.
[2026-06-22T20:10:43.901] [DEBUG] debug-file - A work dispatched to worker[9] failed because unable to get work from ready queue.
[2026-06-22T20:10:43.901] [DEBUG] debug-file - A work dispatched to worker[8] failed because unable to get work from ready queue.
[2026-06-22T20:10:43.901] [DEBUG] debug-file - A work dispatched to worker[7] failed because unable to get work from ready queue.
[2026-06-22T20:10:43.901] [DEBUG] debug-file - A work dispatched to worker[6] failed because unable to get work from ready queue.
[2026-06-22T20:10:43.901] [DEBUG] debug-file - A work dispatched to worker[5] failed because unable to get work from ready queue.
[2026-06-22T20:10:43.902] [DEBUG] debug-file - Create  resident worker with id: 4.
[2026-06-22T20:10:43.902] [DEBUG] debug-file - default@CompileArkTS work[0] has been dispatched to worker[4].
[2026-06-22T20:10:43.902] [DEBUG] debug-file - default@CompileArkTS work[0] is dispatched.
[2026-06-22T20:10:43.902] [DEBUG] debug-file - entry : default@CompileArkTS cost memory 2.4442520141601562
[2026-06-22T20:10:43.903] [DEBUG] debug-file - Executing task :entry:default@BuildJS
[2026-06-22T20:10:43.904] [DEBUG] debug-file - Task 'entry:default@BuildJS' cost while wrapping incremental declarations: 1 ms 
[2026-06-22T20:10:43.905] [DEBUG] debug-file - entry : default@BuildJS cost memory 0.1654510498046875
[2026-06-22T20:10:43.905] [DEBUG] debug-file - runTaskFromQueue task cost before running: 15 s 528 ms 
[2026-06-22T20:10:43.905] [INFO] debug-file - Finished :entry:default@BuildJS... after 2 ms 
[2026-06-22T20:10:43.906] [DEBUG] debug-file - Executing task :entry:default@CacheNativeLibs
[2026-06-22T20:10:43.906] [DEBUG] debug-file - File: 'D:\audio-format-switch-master\audio-format-switch-master\entry\build\default\intermediates\binxo\default' from 'cacheBinxoNativeLibs' is not exists, just ignore.
[2026-06-22T20:10:43.906] [DEBUG] debug-file - Task 'entry:default@CacheNativeLibs' cost while wrapping incremental declarations: 1 ms 
[2026-06-22T20:10:43.907] [DEBUG] debug-file - Incremental task entry:default@CacheNativeLibs pre-execution cost: 1 ms .
[2026-06-22T20:10:43.907] [DEBUG] debug-file - entry : default@CacheNativeLibs cost memory 0.12642669677734375
[2026-06-22T20:10:43.907] [INFO] debug-file - UP-TO-DATE :entry:default@CacheNativeLibs...  
[2026-06-22T20:11:00.149] [DEBUG] debug-file - worker[4] has one work error.
[2026-06-22T20:11:00.149] [DEBUG] debug-file - Ark compile task finished.finished time is 1721401914925100
[2026-06-22T20:11:00.149] [DEBUG] debug-file - default@CompileArkTS work[0] failed.
[2026-06-22T20:11:00.149] [ERROR] debug-file - Failed :entry:default@CompileArkTS... 
[2026-06-22T20:11:00.149] [WARN] debug-file - 
[33m1 WARN: [33m[33mArkTS:WARN: For details about ArkTS syntax errors, see FAQs[39m[39m
[2026-06-22T20:11:00.150] [DEBUG] debug-file - hvigor build process will be closed with an error.
[2026-06-22T20:11:00.163] [DEBUG] debug-file - ERROR: stacktrace = Error: ArkTS Compiler Error
[31m1 ERROR: [31m10605040 ArkTS Compiler Error
Error Message: Object literals cannot be used as type declarations (arkts-no-obj-literals-as-types) At File: D:/audio-format-switch-master/audio-format-switch-master/entry/src/main/ets/utils/AudioInfoParser.ets:41:48
[39m
[39m
[31m2 ERROR: [31m10605038 ArkTS Compiler Error
Error Message: Object literal must correspond to some explicitly declared class or interface (arkts-no-untyped-obj-literals) At File: D:/audio-format-switch-master/audio-format-switch-master/entry/src/main/ets/utils/AudioInfoParser.ets:49:16
[39m
[39m
[31m3 ERROR: [31m10605038 ArkTS Compiler Error
Error Message: Object literal must correspond to some explicitly declared class or interface (arkts-no-untyped-obj-literals) At File: D:/audio-format-switch-master/audio-format-switch-master/entry/src/main/ets/utils/AudioInfoParser.ets:56:16
[39m
[39m
[31m4 ERROR: [31m10605038 ArkTS Compiler Error
Error Message: Object literal must correspond to some explicitly declared class or interface (arkts-no-untyped-obj-literals) At File: D:/audio-format-switch-master/audio-format-switch-master/entry/src/main/ets/utils/AudioInfoParser.ets:63:16
[39m
[39m
[31m5 ERROR: [31m10605038 ArkTS Compiler Error
Error Message: Object literal must correspond to some explicitly declared class or interface (arkts-no-untyped-obj-literals) At File: D:/audio-format-switch-master/audio-format-switch-master/entry/src/main/ets/utils/AudioInfoParser.ets:70:16
[39m
[39m
[31m6 ERROR: [31m10605040 ArkTS Compiler Error
Error Message: Object literals cannot be used as type declarations (arkts-no-obj-literals-as-types) At File: D:/audio-format-switch-master/audio-format-switch-master/entry/src/main/ets/utils/AudioInfoParser.ets:83:40
[39m
[39m
[31m7 ERROR: [31m10605093 ArkTS Compiler Error
Error Message: Using "this" inside stand-alone functions is not supported (arkts-no-standalone-this) At File: D:/audio-format-switch-master/audio-format-switch-master/entry/src/main/ets/utils/AudioInfoParser.ets:175:20
[39m
[39m
[31m8 ERROR: [31m10605093 ArkTS Compiler Error
Error Message: Using "this" inside stand-alone functions is not supported (arkts-no-standalone-this) At File: D:/audio-format-switch-master/audio-format-switch-master/entry/src/main/ets/utils/AudioInfoParser.ets:178:26
[39m
[39m
[31m9 ERROR: [31m10605038 ArkTS Compiler Error
Error Message: Object literal must correspond to some explicitly declared class or interface (arkts-no-untyped-obj-literals) At File: D:/audio-format-switch-master/audio-format-switch-master/entry/src/main/ets/utils/AudioInfoParser.ets:178:53
[39m
[39m
[31m10 ERROR: [31m10605093 ArkTS Compiler Error
Error Message: Using "this" inside stand-alone functions is not supported (arkts-no-standalone-this) At File: D:/audio-format-switch-master/audio-format-switch-master/entry/src/main/ets/utils/AudioInfoParser.ets:204:19
[39m
[39m
[31m11 ERROR: [31m10605093 ArkTS Compiler Error
Error Message: Using "this" inside stand-alone functions is not supported (arkts-no-standalone-this) At File: D:/audio-format-switch-master/audio-format-switch-master/entry/src/main/ets/utils/AudioInfoParser.ets:205:19
[39m
[39m
[31m12 ERROR: [31m10605040 ArkTS Compiler Error
Error Message: Object literals cannot be used as type declarations (arkts-no-obj-literals-as-types) At File: D:/audio-format-switch-master/audio-format-switch-master/entry/src/main/ets/utils/AudioInfoParser.ets:200:56
[39m
[39m
[31m13 ERROR: [31m10605038 ArkTS Compiler Error
Error Message: Object literal must correspond to some explicitly declared class or interface (arkts-no-untyped-obj-literals) At File: D:/audio-format-switch-master/audio-format-switch-master/entry/src/main/ets/utils/AudioInfoParser.ets:208:14
[39m
[39m
[31m14 ERROR: [31m10605038 ArkTS Compiler Error
Error Message: Object literal must correspond to some explicitly declared class or interface (arkts-no-untyped-obj-literals) At File: D:/audio-format-switch-master/audio-format-switch-master/entry/src/main/ets/utils/AudioInfoParser.ets:213:14
[39m
[39m
[31m15 ERROR: [31m10605038 ArkTS Compiler Error
Error Message: Object literal must correspond to some explicitly declared class or interface (arkts-no-untyped-obj-literals) At File: D:/audio-format-switch-master/audio-format-switch-master/entry/src/main/ets/utils/AudioInfoParser.ets:218:14
[39m
[39m
[31mCOMPILE RESULT:FAIL {ERROR:16 WARN:1}[39m
    at runArkPack (E:\DevEco Studio\tools\hvigor\hvigor-ohos-plugin\node_modules\@ohos\hvigor-arkts-compose\dist\src\arkts-pack.js:1:5076)
ArkTSCompilerError: ArkTS Compiler Error
    at throwArkTsCompilerError (E:\DevEco Studio\tools\hvigor\hvigor-ohos-plugin\node_modules\@ohos\hvigor-arkts-compose\dist\src\data\compose-error.js:1:423)
    at throwErrorIfHasErrorInfo (E:\DevEco Studio\tools\hvigor\hvigor-ohos-plugin\node_modules\@ohos\hvigor-arkts-compose\dist\src\plugins\common-plugin.js:1:4894)
    at Object.handler (E:\DevEco Studio\tools\hvigor\hvigor-ohos-plugin\node_modules\@ohos\hvigor-arkts-compose\dist\src\plugins\common-plugin.js:1:2989)
    at E:\DevEco Studio\tools\hvigor\hvigor-ohos-plugin\node_modules\@ohos\hvigor-arkts-base\node_modules\rollup\dist\shared\rollup.js:27864:40
[2026-06-22T20:11:00.164] [ERROR] debug-file - Error: ArkTS Compiler Error
[31m1 ERROR: [31m10605040 ArkTS Compiler Error
Error Message: Object literals cannot be used as type declarations (arkts-no-obj-literals-as-types) At File: D:/audio-format-switch-master/audio-format-switch-master/entry/src/main/ets/utils/AudioInfoParser.ets:41:48
[39m
[39m
[31m2 ERROR: [31m10605038 ArkTS Compiler Error
Error Message: Object literal must correspond to some explicitly declared class or interface (arkts-no-untyped-obj-literals) At File: D:/audio-format-switch-master/audio-format-switch-master/entry/src/main/ets/utils/AudioInfoParser.ets:49:16
[39m
[39m
[31m3 ERROR: [31m10605038 ArkTS Compiler Error
Error Message: Object literal must correspond to some explicitly declared class or interface (arkts-no-untyped-obj-literals) At File: D:/audio-format-switch-master/audio-format-switch-master/entry/src/main/ets/utils/AudioInfoParser.ets:56:16
[39m
[39m
[31m4 ERROR: [31m10605038 ArkTS Compiler Error
Error Message: Object literal must correspond to some explicitly declared class or interface (arkts-no-untyped-obj-literals) At File: D:/audio-format-switch-master/audio-format-switch-master/entry/src/main/ets/utils/AudioInfoParser.ets:63:16
[39m
[39m
[31m5 ERROR: [31m10605038 ArkTS Compiler Error
Error Message: Object literal must correspond to some explicitly declared class or interface (arkts-no-untyped-obj-literals) At File: D:/audio-format-switch-master/audio-format-switch-master/entry/src/main/ets/utils/AudioInfoParser.ets:70:16
[39m
[39m
[31m6 ERROR: [31m10605040 ArkTS Compiler Error
Error Message: Object literals cannot be used as type declarations (arkts-no-obj-literals-as-types) At File: D:/audio-format-switch-master/audio-format-switch-master/entry/src/main/ets/utils/AudioInfoParser.ets:83:40
[39m
[39m
[31m7 ERROR: [31m10605093 ArkTS Compiler Error
Error Message: Using "this" inside stand-alone functions is not supported (arkts-no-standalone-this) At File: D:/audio-format-switch-master/audio-format-switch-master/entry/src/main/ets/utils/AudioInfoParser.ets:175:20
[39m
[39m
[31m8 ERROR: [31m10605093 ArkTS Compiler Error
Error Message: Using "this" inside stand-alone functions is not supported (arkts-no-standalone-this) At File: D:/audio-format-switch-master/audio-format-switch-master/entry/src/main/ets/utils/AudioInfoParser.ets:178:26
[39m
[39m
[31m9 ERROR: [31m10605038 ArkTS Compiler Error
Error Message: Object literal must correspond to some explicitly declared class or interface (arkts-no-untyped-obj-literals) At File: D:/audio-format-switch-master/audio-format-switch-master/entry/src/main/ets/utils/AudioInfoParser.ets:178:53
[39m
[39m
[31m10 ERROR: [31m10605093 ArkTS Compiler Error
Error Message: Using "this" inside stand-alone functions is not supported (arkts-no-standalone-this) At File: D:/audio-format-switch-master/audio-format-switch-master/entry/src/main/ets/utils/AudioInfoParser.ets:204:19
[39m
[39m
[31m11 ERROR: [31m10605093 ArkTS Compiler Error
Error Message: Using "this" inside stand-alone functions is not supported (arkts-no-standalone-this) At File: D:/audio-format-switch-master/audio-format-switch-master/entry/src/main/ets/utils/AudioInfoParser.ets:205:19
[39m
[39m
[31m12 ERROR: [31m10605040 ArkTS Compiler Error
Error Message: Object literals cannot be used as type declarations (arkts-no-obj-literals-as-types) At File: D:/audio-format-switch-master/audio-format-switch-master/entry/src/main/ets/utils/AudioInfoParser.ets:200:56
[39m
[39m
[31m13 ERROR: [31m10605038 ArkTS Compiler Error
Error Message: Object literal must correspond to some explicitly declared class or interface (arkts-no-untyped-obj-literals) At File: D:/audio-format-switch-master/audio-format-switch-master/entry/src/main/ets/utils/AudioInfoParser.ets:208:14
[39m
[39m
[31m14 ERROR: [31m10605038 ArkTS Compiler Error
Error Message: Object literal must correspond to some explicitly declared class or interface (arkts-no-untyped-obj-literals) At File: D:/audio-format-switch-master/audio-format-switch-master/entry/src/main/ets/utils/AudioInfoParser.ets:213:14
[39m
[39m
[31m15 ERROR: [31m10605038 ArkTS Compiler Error
Error Message: Object literal must correspond to some explicitly declared class or interface (arkts-no-untyped-obj-literals) At File: D:/audio-format-switch-master/audio-format-switch-master/entry/src/main/ets/utils/AudioInfoParser.ets:218:14
[39m
[39m
[31mCOMPILE RESULT:FAIL {ERROR:16 WARN:1}[39m
    at runArkPack (E:\DevEco Studio\tools\hvigor\hvigor-ohos-plugin\node_modules\@ohos\hvigor-arkts-compose\dist\src\arkts-pack.js:1:5076)
ArkTSCompilerError: ArkTS Compiler Error
    at throwArkTsCompilerError (E:\DevEco Studio\tools\hvigor\hvigor-ohos-plugin\node_modules\@ohos\hvigor-arkts-compose\dist\src\data\compose-error.js:1:423)
    at throwErrorIfHasErrorInfo (E:\DevEco Studio\tools\hvigor\hvigor-ohos-plugin\node_modules\@ohos\hvigor-arkts-compose\dist\src\plugins\common-plugin.js:1:4894)
    at Object.handler (E:\DevEco Studio\tools\hvigor\hvigor-ohos-plugin\node_modules\@ohos\hvigor-arkts-compose\dist\src\plugins\common-plugin.js:1:2989)
    at E:\DevEco Studio\tools\hvigor\hvigor-ohos-plugin\node_modules\@ohos\hvigor-arkts-base\node_modules\rollup\dist\shared\rollup.js:27864:40
[2026-06-22T20:11:00.177] [ERROR] debug-file - BUILD FAILED in 31 s 799 ms 
[2026-06-22T20:11:00.177] [DEBUG] debug-file - There is no need to refresh cache, since the incremental task entry:default@PreBuild is up-to-date.
[2026-06-22T20:11:00.177] [DEBUG] debug-file - Update task entry:default@CreateModuleInfo output file:D:\audio-format-switch-master\audio-format-switch-master\entry\build\default\generated\profile\default\ModuleInfo.ts cache.
[2026-06-22T20:11:00.178] [DEBUG] debug-file - Incremental task entry:default@CreateModuleInfo post-execution cost:1 ms .
[2026-06-22T20:11:00.178] [DEBUG] debug-file - There is no need to refresh cache, since the incremental task entry:default@GenerateMetadata is up-to-date.
[2026-06-22T20:11:00.178] [DEBUG] debug-file - There is no need to refresh cache, since the incremental task entry:default@MergeProfile is up-to-date.
[2026-06-22T20:11:00.178] [DEBUG] debug-file - There is no need to refresh cache, since the incremental task entry:default@CreateBuildProfile is up-to-date.
[2026-06-22T20:11:00.178] [DEBUG] debug-file - There is no need to refresh cache, since the incremental task entry:default@GeneratePkgContextInfo is up-to-date.
[2026-06-22T20:11:00.178] [DEBUG] debug-file - Update task entry:default@GeneratePkgSdkInfo output file:D:\audio-format-switch-master\audio-format-switch-master\entry\build\default\intermediates\loader\default\pkgSdkInfo.json cache.
[2026-06-22T20:11:00.178] [DEBUG] debug-file - Incremental task entry:default@GeneratePkgSdkInfo post-execution cost:1 ms .
[2026-06-22T20:11:00.178] [DEBUG] debug-file - Update task entry:default@ProcessIntegratedHsp output file:D:\audio-format-switch-master\audio-format-switch-master\build\cache\default\integrated_hsp\integratedHspCache.json cache.
[2026-06-22T20:11:00.179] [DEBUG] debug-file - Incremental task entry:default@ProcessIntegratedHsp post-execution cost:1 ms .
[2026-06-22T20:11:00.179] [DEBUG] debug-file - There is no need to refresh cache, since the incremental task entry:default@MakePackInfo is up-to-date.
[2026-06-22T20:11:00.179] [DEBUG] debug-file - Update task entry:default@SyscapTransform input file:E:\DevEco Studio\sdk\default\openharmony\toolchains\syscap_tool.exe cache by regenerate.
[2026-06-22T20:11:00.179] [DEBUG] debug-file - Update task entry:default@SyscapTransform input file:E:\DevEco Studio\sdk\default\openharmony\ets\api\device-define cache by regenerate.
[2026-06-22T20:11:00.180] [DEBUG] debug-file - Update task entry:default@SyscapTransform output file:D:\audio-format-switch-master\audio-format-switch-master\entry\build\default\intermediates\syscap\default\rpcid.sc cache.
[2026-06-22T20:11:00.180] [DEBUG] debug-file - Incremental task entry:default@SyscapTransform post-execution cost:2 ms .
[2026-06-22T20:11:00.180] [DEBUG] debug-file - There is no need to refresh cache, since the incremental task entry:default@ProcessProfile is up-to-date.
[2026-06-22T20:11:00.180] [DEBUG] debug-file - There is no need to refresh cache, since the incremental task entry:default@ProcessRouterMap is up-to-date.
[2026-06-22T20:11:00.180] [DEBUG] debug-file - There is no need to refresh cache, since the incremental task entry:default@ProcessShareConfig is up-to-date.
[2026-06-22T20:11:00.180] [DEBUG] debug-file - Update task entry:default@ProcessStartupConfig input file:D:\audio-format-switch-master\audio-format-switch-master\entry\build\default\intermediates\loader\default\pkgContextInfo.json cache by regenerate.
[2026-06-22T20:11:00.180] [DEBUG] debug-file - Update task entry:default@ProcessStartupConfig output file:D:\audio-format-switch-master\audio-format-switch-master\entry\build\default\intermediates\startup\default\startup_config.json cache.
[2026-06-22T20:11:00.181] [DEBUG] debug-file - Incremental task entry:default@ProcessStartupConfig post-execution cost:1 ms .
[2026-06-22T20:11:00.181] [DEBUG] debug-file - There is no need to refresh cache, since the incremental task entry:default@ProcessResource is up-to-date.
[2026-06-22T20:11:00.181] [DEBUG] debug-file - There is no need to refresh cache, since the incremental task entry:default@GenerateLoaderJson is up-to-date.
[2026-06-22T20:11:00.181] [DEBUG] debug-file - There is no need to refresh cache, since the incremental task entry:default@ProcessLibs is up-to-date.
[2026-06-22T20:11:00.181] [DEBUG] debug-file - There is no need to refresh cache, since the incremental task entry:default@CompileResource is up-to-date.
[2026-06-22T20:11:00.181] [DEBUG] debug-file - There is no need to refresh cache, since the incremental task entry:default@DoNativeStrip is up-to-date.
[2026-06-22T20:11:00.181] [DEBUG] debug-file - Update task entry:default@CompileArkTS input file:D:\audio-format-switch-master\audio-format-switch-master\entry\build\default\intermediates\loader\default cache by regenerate.
[2026-06-22T20:11:00.182] [DEBUG] debug-file - Update task entry:default@CompileArkTS input file:D:\audio-format-switch-master\audio-format-switch-master\entry\build\default\intermediates\res\default\resources\rawfile cache by regenerate.
[2026-06-22T20:11:00.182] [DEBUG] debug-file - Update task entry:default@CompileArkTS input file:D:\audio-format-switch-master\audio-format-switch-master\entry\build\default\intermediates\res\default\ResourceTable.txt cache by regenerate.
[2026-06-22T20:11:00.182] [DEBUG] debug-file - Update task entry:default@CompileArkTS input file:D:\audio-format-switch-master\audio-format-switch-master\entry\build\default\intermediates\res\default\ark_module.json cache by regenerate.
[2026-06-22T20:11:00.183] [DEBUG] debug-file - Update task entry:default@CompileArkTS input file:D:\audio-format-switch-master\audio-format-switch-master\entry\build\default\intermediates\res\default\resources\base\profile cache by regenerate.
[2026-06-22T20:11:00.183] [DEBUG] debug-file - Update task entry:default@CompileArkTS input file:D:\audio-format-switch-master\audio-format-switch-master\entry\src\main\ets cache from map.
[2026-06-22T20:11:00.183] [DEBUG] debug-file - Update task entry:default@CompileArkTS input file:D:\audio-format-switch-master\audio-format-switch-master\entry\build\default\intermediates\loader\default\pkgContextInfo.json cache by regenerate.
[2026-06-22T20:11:00.183] [DEBUG] debug-file - Update task entry:default@CompileArkTS input file:D:\audio-format-switch-master\audio-format-switch-master\entry\build\default\generated\profile\default\BuildProfile.ets cache by regenerate.
[2026-06-22T20:11:00.183] [DEBUG] debug-file - Update task entry:default@CompileArkTS output file:D:\audio-format-switch-master\audio-format-switch-master\entry\build\default\intermediates\loader_out\default\ets cache.
[2026-06-22T20:11:00.183] [DEBUG] debug-file - Incremental task entry:default@CompileArkTS post-execution cost:3 ms .
[2026-06-22T20:11:00.184] [DEBUG] debug-file - Update task entry:default@BuildJS input file:D:\audio-format-switch-master\audio-format-switch-master\entry\build\default\intermediates\loader\default cache by regenerate.
[2026-06-22T20:11:00.184] [DEBUG] debug-file - Update task entry:default@BuildJS input file:D:\audio-format-switch-master\audio-format-switch-master\entry\build\default\intermediates\res\default\resources\rawfile cache by regenerate.
[2026-06-22T20:11:00.185] [DEBUG] debug-file - Update task entry:default@BuildJS input file:D:\audio-format-switch-master\audio-format-switch-master\entry\build\default\intermediates\res\default\ResourceTable.txt cache by regenerate.
[2026-06-22T20:11:00.185] [DEBUG] debug-file - Update task entry:default@BuildJS input file:D:\audio-format-switch-master\audio-format-switch-master\entry\build\default\intermediates\res\default\ark_module.json cache by regenerate.
[2026-06-22T20:11:00.185] [DEBUG] debug-file - Update task entry:default@BuildJS input file:D:\audio-format-switch-master\audio-format-switch-master\entry\build\default\intermediates\res\default\resources\base\profile cache by regenerate.
[2026-06-22T20:11:00.186] [DEBUG] debug-file - Update task entry:default@BuildJS input file:D:\audio-format-switch-master\audio-format-switch-master\entry\build\default\intermediates\loader\default\pkgContextInfo.json cache by regenerate.
[2026-06-22T20:11:00.186] [DEBUG] debug-file - Update task entry:default@BuildJS output file:D:\audio-format-switch-master\audio-format-switch-master\entry\build\default\intermediates\loader_out\default\js cache.
[2026-06-22T20:11:00.186] [DEBUG] debug-file - Incremental task entry:default@BuildJS post-execution cost:3 ms .
[2026-06-22T20:11:00.186] [DEBUG] debug-file - There is no need to refresh cache, since the incremental task entry:default@CacheNativeLibs is up-to-date.
[2026-06-22T20:11:00.211] [DEBUG] debug-file - Cleanup worker 0.
[2026-06-22T20:11:00.211] [DEBUG] debug-file - Worker 0 has been cleaned up.
[2026-06-22T20:11:00.211] [DEBUG] debug-file - Current idle worker size: 2.
[2026-06-22T20:11:00.211] [DEBUG] debug-file - Current resident worker size: 3.
[2026-06-22T20:11:00.211] [DEBUG] debug-file - Cleanup worker 1.
[2026-06-22T20:11:00.211] [DEBUG] debug-file - Worker 1 has been cleaned up.
[2026-06-22T20:11:00.211] [DEBUG] debug-file - Current idle worker size: 1.
[2026-06-22T20:11:00.211] [DEBUG] debug-file - Current resident worker size: 3.
[2026-06-22T20:11:00.212] [DEBUG] debug-file - hvigor build process will be closed.
[2026-06-22T20:11:00.218] [DEBUG] debug-file - session manager: send message to worker process.
[2026-06-22T20:11:00.218] [DEBUG] debug-file - session manager: send message to worker process.
[2026-06-22T20:11:00.218] [DEBUG] debug-file - watch worker: worker id should be larger than 0. Nothing will be sent to any worker thread.
[2026-06-22T20:11:00.219] [DEBUG] debug-file - worker[0] exits with exit code 1.
[2026-06-22T20:11:00.219] [DEBUG] debug-file - worker[1] exits with exit code 1.
[2026-06-22T20:11:00.219] [DEBUG] debug-file - watch worker: worker id should be larger than 0. Nothing will be sent to any worker thread.
[2026-06-22T22:03:02.104] [DEBUG] debug-file - session manager: set active socket. socketId=teYyQ_AKzHfuxDkCAAAD
[2026-06-22T22:03:02.180] [DEBUG] debug-file - watch worker: worker id should be larger than 0. Nothing will be sent to any worker thread.
[2026-06-22T22:03:02.272] [DEBUG] debug-file - Workers' log level updated to INFO
[2026-06-22T22:03:02.308] [DEBUG] debug-file - Hvigor init with startParameters:{
  hvigorfileTypeCheck: false,
  parallelExecution: true,
  incrementalExecution: true,
  printStackTrace: false,
  daemon: true,
  analyze: 0,
  logLevel: Level { level: 20000, levelStr: 'INFO', colour: 'green' },
  optimizationStrategy: 'memory',
  hotCompile: undefined,
  hotReloadBuild: undefined,
  customizedParam: undefined
}
[2026-06-22T22:03:02.333] [DEBUG] debug-file - Cache service initialization finished in 24 ms 
[2026-06-22T22:03:02.337] [DEBUG] debug-file - hvigorfile, resolving D:\audio-format-switch-master\audio-format-switch-master\hvigorfile.ts
[2026-06-22T22:03:02.389] [DEBUG] debug-file - hvigorfile, require result:  { default: { plugins: [] } }
[2026-06-22T22:03:02.390] [DEBUG] debug-file - hvigorfile, binding system plugins null
[2026-06-22T22:03:02.394] [DEBUG] debug-file - Starting plugin build process
[2026-06-22T22:03:02.394] [DEBUG] debug-file - App plugin prepare start...
[2026-06-22T22:03:02.397] [DEBUG] debug-file - App plugin prepare end...
[2026-06-22T22:03:02.397] [DEBUG] debug-file - App plugin creating...
[2026-06-22T22:03:02.443] [DEBUG] debug-file - App plugin register hook start...
[2026-06-22T22:03:02.445] [DEBUG] debug-file - App plugin register hook end...
[2026-06-22T22:03:02.445] [DEBUG] debug-file - Plugin build process completed
[2026-06-22T22:03:02.447] [DEBUG] debug-file - Start initialize project's product build option map with build mode debug.
[2026-06-22T22:03:02.447] [DEBUG] debug-file - Picking option from product 'default' with build mode 'debug'.
[2026-06-22T22:03:02.447] [DEBUG] debug-file - Product 'default' build option initialized
[2026-06-22T22:03:02.448] [DEBUG] debug-file - End initialize project's product build option map with build mode 'debug'.
[2026-06-22T22:03:02.453] [DEBUG] debug-file - Obtain build option for product 'default'in this build.
[2026-06-22T22:03:02.455] [DEBUG] debug-file - No signingConfig found, initRemoteHspCache failed.
[2026-06-22T22:03:02.469] [DEBUG] debug-file - Start recording SDK configuration permission data.
[2026-06-22T22:03:02.515] [DEBUG] debug-file - Sdk init in 60 ms 
[2026-06-22T22:03:02.525] [DEBUG] debug-file - Project task initialization takes 7 ms 
[2026-06-22T22:03:02.525] [DEBUG] debug-file - hvigorfile, begin to bind custom plugins...
[2026-06-22T22:03:02.525] [DEBUG] debug-file - hvigorfile, no custom plugins were found in D:\audio-format-switch-master\audio-format-switch-master\hvigorfile.ts
[2026-06-22T22:03:02.525] [DEBUG] debug-file - hvigorfile, resolve finished D:\audio-format-switch-master\audio-format-switch-master\hvigorfile.ts
[2026-06-22T22:03:02.525] [DEBUG] debug-file - hvigorfile, resolving D:\audio-format-switch-master\audio-format-switch-master\entry\hvigorfile.ts
[2026-06-22T22:03:02.533] [DEBUG] debug-file - hvigorfile, require result:  { default: { plugins: [] } }
[2026-06-22T22:03:02.533] [DEBUG] debug-file - hvigorfile, binding system plugins null
[2026-06-22T22:03:02.533] [DEBUG] debug-file - Starting plugin build process
[2026-06-22T22:03:02.533] [DEBUG] debug-file - Hap plugin creating...
[2026-06-22T22:03:02.537] [DEBUG] debug-file - failed to load cangjie to dynamically generate schemas: Error: Cannot find module '@ohos/cangjie-build-support/index'
Require stack:
- E:\DevEco Studio\tools\hvigor\hvigor-ohos-plugin\src\plugin\hooks\cangjie-register.js
- E:\DevEco Studio\tools\hvigor\hvigor-ohos-plugin\src\plugin\strategy\stage-init-strategy.js
- E:\DevEco Studio\tools\hvigor\hvigor-ohos-plugin\src\plugin\builder\abstract-plugin-builder.js
- E:\DevEco Studio\tools\hvigor\hvigor-ohos-plugin\src\plugin\builder\app-plugin-builder.js
- E:\DevEco Studio\tools\hvigor\hvigor-ohos-plugin\src\plugin\factory\plugin-factory.js
- E:\DevEco Studio\tools\hvigor\hvigor-ohos-plugin\index.js
- D:\audio-format-switch-master\audio-format-switch-master\hvigorfile.ts
- E:\DevEco Studio\tools\hvigor\hvigor\src\base\internal\lifecycle\configuration.js
- E:\DevEco Studio\tools\hvigor\hvigor\src\base\boot\index.js
- E:\DevEco Studio\tools\hvigor\hvigor\src\base\daemon\cluster\worker-process-lifecycle.js
- E:\DevEco Studio\tools\hvigor\hvigor\src\base\daemon\process\daemon-process-boot-script.js
[2026-06-22T22:03:02.543] [DEBUG] debug-file - Start initialize module-target build option map, moduleName=entry, buildMode=release
[2026-06-22T22:03:02.544] [DEBUG] debug-file - Target 'default' config initialized
[2026-06-22T22:03:02.544] [DEBUG] debug-file - Module 'entry' target 'default' build option initialized
[2026-06-22T22:03:02.544] [DEBUG] debug-file - End initialize module-target build option map, moduleName=entry
[2026-06-22T22:03:02.544] [DEBUG] debug-file - Start initialize module-target build option map, moduleName=entry, buildMode=debug
[2026-06-22T22:03:02.545] [DEBUG] debug-file - Target 'default' config initialized
[2026-06-22T22:03:02.545] [DEBUG] debug-file - Module 'entry' target 'default' build option initialized
[2026-06-22T22:03:02.545] [DEBUG] debug-file - End initialize module-target build option map, moduleName=entry
[2026-06-22T22:03:02.545] [DEBUG] debug-file - Start initialize module-target build option map, moduleName=entry, buildMode=debug
[2026-06-22T22:03:02.545] [DEBUG] debug-file - Target 'default' config initialized
[2026-06-22T22:03:02.548] [DEBUG] debug-file - Module 'entry' target 'default' build option initialized
[2026-06-22T22:03:02.548] [DEBUG] debug-file - End initialize module-target build option map, moduleName=entry
[2026-06-22T22:03:02.549] [DEBUG] debug-file - Obtain build option for module 'entry' target 'default'in this build.
[2026-06-22T22:03:02.554] [DEBUG] debug-file - Module entry task initialization takes 4 ms 
[2026-06-22T22:03:02.555] [DEBUG] debug-file - Hap plugin register hook start...
[2026-06-22T22:03:02.555] [DEBUG] debug-file - Hap plugin register hook end...
[2026-06-22T22:03:02.555] [DEBUG] debug-file - Plugin build process completed
[2026-06-22T22:03:02.555] [DEBUG] debug-file - hvigorfile, begin to bind custom plugins...
[2026-06-22T22:03:02.555] [DEBUG] debug-file - hvigorfile, no custom plugins were found in D:\audio-format-switch-master\audio-format-switch-master\entry\hvigorfile.ts
[2026-06-22T22:03:02.555] [DEBUG] debug-file - hvigorfile, resolve finished D:\audio-format-switch-master\audio-format-switch-master\entry\hvigorfile.ts
[2026-06-22T22:03:02.597] [DEBUG] debug-file - hvigorfile, resolve hvigorfile dependencies in 40 ms 
[2026-06-22T22:03:02.597] [DEBUG] debug-file - project has submodules:entry
[2026-06-22T22:03:02.600] [DEBUG] debug-file - start to load updatedOhPackageInfo to the disk
[2026-06-22T22:03:02.603] [DEBUG] debug-file - load to the disk finished
[2026-06-22T22:03:02.604] [DEBUG] debug-file - Start to initialize dependency information.
[2026-06-22T22:03:02.606] [DEBUG] debug-file - Module audio-format-switch-master Collected Dependency: 
[2026-06-22T22:03:02.606] [DEBUG] debug-file - Module audio-format-switch-master's total dependency: 0
[2026-06-22T22:03:02.607] [DEBUG] debug-file - Start to initialize dependency information.
[2026-06-22T22:03:02.609] [DEBUG] debug-file - Module entry Collected Dependency: 
[2026-06-22T22:03:02.609] [DEBUG] debug-file - Module entry's total dependency: 0
[2026-06-22T22:03:02.612] [DEBUG] debug-file - Configuration phase cost:279 ms 
[2026-06-22T22:03:02.614] [DEBUG] debug-file - Configuration task cost before running: 331 ms 
[2026-06-22T22:03:02.618] [DEBUG] debug-file - Executing task :entry:default@PreBuild
[2026-06-22T22:03:02.619] [DEBUG] debug-file - Task 'entry:default@PreBuild' cost while wrapping incremental declarations: 1 ms 
[2026-06-22T22:03:02.624] [DEBUG] debug-file - Incremental task entry:default@PreBuild pre-execution cost: 4 ms .
[2026-06-22T22:03:02.624] [DEBUG] debug-file - entry : default@PreBuild cost memory 0.3035888671875
[2026-06-22T22:03:02.625] [INFO] debug-file - UP-TO-DATE :entry:default@PreBuild...  
[2026-06-22T22:03:02.626] [DEBUG] debug-file - Executing task :entry:default@CreateModuleInfo
[2026-06-22T22:03:02.626] [DEBUG] debug-file - Task 'entry:default@CreateModuleInfo' cost while wrapping incremental declarations: 1 ms 
[2026-06-22T22:03:02.627] [DEBUG] debug-file - entry : default@CreateModuleInfo cost memory 0.04553985595703125
[2026-06-22T22:03:02.627] [DEBUG] debug-file - runTaskFromQueue task cost before running: 344 ms 
[2026-06-22T22:03:02.627] [INFO] debug-file - Finished :entry:default@CreateModuleInfo... after 1 ms 
[2026-06-22T22:03:02.628] [DEBUG] debug-file - Executing task :entry:default@GenerateMetadata
[2026-06-22T22:03:02.629] [DEBUG] debug-file - Task 'entry:default@GenerateMetadata' cost while wrapping incremental declarations: 1 ms 
[2026-06-22T22:03:02.630] [DEBUG] debug-file - Incremental task entry:default@GenerateMetadata pre-execution cost: 1 ms .
[2026-06-22T22:03:02.630] [DEBUG] debug-file - entry : default@GenerateMetadata cost memory 0.083892822265625
[2026-06-22T22:03:02.630] [INFO] debug-file - UP-TO-DATE :entry:default@GenerateMetadata...  
[2026-06-22T22:03:02.631] [DEBUG] debug-file - Executing task :entry:default@ConfigureCmake
[2026-06-22T22:03:02.631] [DEBUG] debug-file - entry : default@ConfigureCmake cost memory 0.01491546630859375
[2026-06-22T22:03:02.631] [DEBUG] debug-file - runTaskFromQueue task cost before running: 348 ms 
[2026-06-22T22:03:02.631] [INFO] debug-file - Finished :entry:default@ConfigureCmake... after 1 ms 
[2026-06-22T22:03:02.632] [DEBUG] debug-file - Executing task :entry:default@MergeProfile
[2026-06-22T22:03:02.632] [DEBUG] debug-file - Task 'entry:default@MergeProfile' cost while wrapping incremental declarations: 1 ms 
[2026-06-22T22:03:02.635] [DEBUG] debug-file - Incremental task entry:default@MergeProfile pre-execution cost: 2 ms .
[2026-06-22T22:03:02.635] [DEBUG] debug-file - entry : default@MergeProfile cost memory 0.13034820556640625
[2026-06-22T22:03:02.635] [INFO] debug-file - UP-TO-DATE :entry:default@MergeProfile...  
[2026-06-22T22:03:02.637] [DEBUG] debug-file - Executing task :entry:default@CreateBuildProfile
[2026-06-22T22:03:02.637] [DEBUG] debug-file - Task 'entry:default@CreateBuildProfile' cost while wrapping incremental declarations: 1 ms 
[2026-06-22T22:03:02.639] [DEBUG] debug-file - Incremental task entry:default@CreateBuildProfile pre-execution cost: 1 ms .
[2026-06-22T22:03:02.639] [DEBUG] debug-file - entry : default@CreateBuildProfile cost memory 0.104400634765625
[2026-06-22T22:03:02.639] [INFO] debug-file - UP-TO-DATE :entry:default@CreateBuildProfile...  
[2026-06-22T22:03:02.640] [DEBUG] debug-file - Executing task :entry:default@PreCheckSyscap
[2026-06-22T22:03:02.640] [DEBUG] debug-file - entry : default@PreCheckSyscap cost memory 0.01497650146484375
[2026-06-22T22:03:02.640] [DEBUG] debug-file - runTaskFromQueue task cost before running: 357 ms 
[2026-06-22T22:03:02.641] [INFO] debug-file - Finished :entry:default@PreCheckSyscap... after 1 ms 
[2026-06-22T22:03:02.644] [DEBUG] debug-file - Executing task :entry:default@GeneratePkgContextInfo
[2026-06-22T22:03:02.651] [DEBUG] debug-file - Task 'entry:default@GeneratePkgContextInfo' cost while wrapping incremental declarations: 1 ms 
[2026-06-22T22:03:02.652] [DEBUG] debug-file - Incremental task entry:default@GeneratePkgContextInfo pre-execution cost: 1 ms .
[2026-06-22T22:03:02.652] [DEBUG] debug-file - entry : default@GeneratePkgContextInfo cost memory 0.24625396728515625
[2026-06-22T22:03:02.652] [INFO] debug-file - UP-TO-DATE :entry:default@GeneratePkgContextInfo...  
[2026-06-22T22:03:02.653] [DEBUG] debug-file - Executing task :entry:default@GeneratePkgSdkInfo
[2026-06-22T22:03:02.654] [DEBUG] debug-file - Task 'entry:default@GeneratePkgSdkInfo' cost while wrapping incremental declarations: 1 ms 
[2026-06-22T22:03:02.654] [DEBUG] debug-file - entry : default@GeneratePkgSdkInfo cost memory 0.0986480712890625
[2026-06-22T22:03:02.654] [DEBUG] debug-file - runTaskFromQueue task cost before running: 371 ms 
[2026-06-22T22:03:02.654] [INFO] debug-file - Finished :entry:default@GeneratePkgSdkInfo... after 2 ms 
[2026-06-22T22:03:02.656] [DEBUG] debug-file - Executing task :entry:default@ProcessIntegratedHsp
[2026-06-22T22:03:02.657] [DEBUG] debug-file - entry:default@ProcessIntegratedHsp is not up-to-date, since the output file 'D:\audio-format-switch-master\audio-format-switch-master\build\cache\default\integrated_hsp\integratedHspCache.json' does not exist.
[2026-06-22T22:03:02.657] [DEBUG] debug-file - Incremental task entry:default@ProcessIntegratedHsp pre-execution cost: 1 ms .
[2026-06-22T22:03:02.657] [DEBUG] debug-file - entry : default@ProcessIntegratedHsp cost memory 0.0576324462890625
[2026-06-22T22:03:02.657] [DEBUG] debug-file - runTaskFromQueue task cost before running: 374 ms 
[2026-06-22T22:03:02.657] [INFO] debug-file - Finished :entry:default@ProcessIntegratedHsp... after 1 ms 
[2026-06-22T22:03:02.658] [DEBUG] debug-file - Executing task :entry:default@BuildNativeWithCmake
[2026-06-22T22:03:02.658] [DEBUG] debug-file - entry : default@BuildNativeWithCmake cost memory 0.01513671875
[2026-06-22T22:03:02.658] [DEBUG] debug-file - runTaskFromQueue task cost before running: 375 ms 
[2026-06-22T22:03:02.658] [INFO] debug-file - Finished :entry:default@BuildNativeWithCmake... after 1 ms 
[2026-06-22T22:03:02.659] [DEBUG] debug-file - Executing task :entry:default@MakePackInfo
[2026-06-22T22:03:02.662] [DEBUG] debug-file - Incremental task entry:default@MakePackInfo pre-execution cost: 2 ms .
[2026-06-22T22:03:02.662] [DEBUG] debug-file - entry : default@MakePackInfo cost memory 0.131988525390625
[2026-06-22T22:03:02.662] [INFO] debug-file - UP-TO-DATE :entry:default@MakePackInfo...  
[2026-06-22T22:03:02.663] [DEBUG] debug-file - Executing task :entry:default@SyscapTransform
[2026-06-22T22:03:02.663] [DEBUG] debug-file - File: 'D:\audio-format-switch-master\audio-format-switch-master\entry\src\main\syscap.json' from 'sysCapJsonPath' is not exists, just ignore.
[2026-06-22T22:03:02.664] [DEBUG] debug-file - Task 'entry:default@SyscapTransform' cost while wrapping incremental declarations: 1 ms 
[2026-06-22T22:03:02.666] [DEBUG] debug-file - entry:default@SyscapTransform is not up-to-date, since the output file 'D:\audio-format-switch-master\audio-format-switch-master\entry\build\default\intermediates\syscap\default\rpcid.sc' does not exist.
[2026-06-22T22:03:02.666] [DEBUG] debug-file - Incremental task entry:default@SyscapTransform pre-execution cost: 3 ms .
[2026-06-22T22:03:02.667] [DEBUG] debug-file - entry : default@SyscapTransform cost memory 0.14693450927734375
[2026-06-22T22:03:02.667] [DEBUG] debug-file - runTaskFromQueue task cost before running: 384 ms 
[2026-06-22T22:03:02.667] [INFO] debug-file - Finished :entry:default@SyscapTransform... after 4 ms 
[2026-06-22T22:03:02.668] [DEBUG] debug-file - Executing task :entry:default@ProcessProfile
[2026-06-22T22:03:02.669] [DEBUG] debug-file - Task 'entry:default@ProcessProfile' cost while wrapping incremental declarations: 1 ms 
[2026-06-22T22:03:02.670] [DEBUG] debug-file - Incremental task entry:default@ProcessProfile pre-execution cost: 1 ms .
[2026-06-22T22:03:02.670] [DEBUG] debug-file - entry : default@ProcessProfile cost memory 0.13262939453125
[2026-06-22T22:03:02.670] [INFO] debug-file - UP-TO-DATE :entry:default@ProcessProfile...  
[2026-06-22T22:03:02.673] [DEBUG] debug-file - Executing task :entry:default@ProcessRouterMap
[2026-06-22T22:03:02.675] [DEBUG] debug-file - Incremental task entry:default@ProcessRouterMap pre-execution cost: 2 ms .
[2026-06-22T22:03:02.675] [DEBUG] debug-file - entry : default@ProcessRouterMap cost memory 0.16139984130859375
[2026-06-22T22:03:02.675] [INFO] debug-file - UP-TO-DATE :entry:default@ProcessRouterMap...  
[2026-06-22T22:03:02.676] [DEBUG] debug-file - Executing task :entry:default@ProcessShareConfig
[2026-06-22T22:03:02.678] [DEBUG] debug-file - Incremental task entry:default@ProcessShareConfig pre-execution cost: 2 ms .
[2026-06-22T22:03:02.678] [DEBUG] debug-file - entry : default@ProcessShareConfig cost memory 0.137847900390625
[2026-06-22T22:03:02.678] [INFO] debug-file - UP-TO-DATE :entry:default@ProcessShareConfig...  
[2026-06-22T22:03:02.679] [DEBUG] debug-file - Executing task :entry:default@ProcessStartupConfig
[2026-06-22T22:03:02.679] [DEBUG] debug-file - Task 'entry:default@ProcessStartupConfig' cost while wrapping incremental declarations: 1 ms 
[2026-06-22T22:03:02.680] [DEBUG] debug-file - entry:default@ProcessStartupConfig is not up-to-date, since the output file 'D:\audio-format-switch-master\audio-format-switch-master\entry\build\default\intermediates\startup\default\startup_config.json' does not exist.
[2026-06-22T22:03:02.680] [DEBUG] debug-file - Incremental task entry:default@ProcessStartupConfig pre-execution cost: 1 ms .
[2026-06-22T22:03:02.681] [DEBUG] debug-file - entry : default@ProcessStartupConfig cost memory 0.12789154052734375
[2026-06-22T22:03:02.681] [DEBUG] debug-file - runTaskFromQueue task cost before running: 398 ms 
[2026-06-22T22:03:02.681] [INFO] debug-file - Finished :entry:default@ProcessStartupConfig... after 2 ms 
[2026-06-22T22:03:02.682] [DEBUG] debug-file - Executing task :entry:default@BuildNativeWithNinja
[2026-06-22T22:03:02.682] [DEBUG] debug-file - entry : default@BuildNativeWithNinja cost memory 0.020782470703125
[2026-06-22T22:03:02.682] [DEBUG] debug-file - runTaskFromQueue task cost before running: 399 ms 
[2026-06-22T22:03:02.683] [INFO] debug-file - Finished :entry:default@BuildNativeWithNinja... after 1 ms 
[2026-06-22T22:03:02.684] [DEBUG] debug-file - restool module names: entry; moduleName=entry, taskName=default@ProcessResource
[2026-06-22T22:03:02.687] [DEBUG] debug-file - Executing task :entry:default@ProcessResource
[2026-06-22T22:03:02.687] [DEBUG] debug-file - Task 'entry:default@ProcessResource' cost while wrapping incremental declarations: 1 ms 
[2026-06-22T22:03:02.688] [DEBUG] debug-file - Incremental task entry:default@ProcessResource pre-execution cost: 1 ms .
[2026-06-22T22:03:02.688] [DEBUG] debug-file - entry : default@ProcessResource cost memory 0.13877105712890625
[2026-06-22T22:03:02.690] [INFO] debug-file - UP-TO-DATE :entry:default@ProcessResource...  
[2026-06-22T22:03:02.691] [DEBUG] debug-file - Executing task :entry:default@GenerateLoaderJson
[2026-06-22T22:03:02.691] [DEBUG] debug-file - Task 'entry:default@GenerateLoaderJson' cost while wrapping incremental declarations: 1 ms 
[2026-06-22T22:03:02.700] [DEBUG] debug-file - Incremental task entry:default@GenerateLoaderJson pre-execution cost: 6 ms .
[2026-06-22T22:03:02.700] [DEBUG] debug-file - entry : default@GenerateLoaderJson cost memory -1.1243057250976562
[2026-06-22T22:03:02.702] [INFO] debug-file - UP-TO-DATE :entry:default@GenerateLoaderJson...  
[2026-06-22T22:03:02.703] [DEBUG] debug-file - Executing task :entry:default@ProcessLibs
[2026-06-22T22:03:02.704] [DEBUG] debug-file - Incremental task entry:default@ProcessLibs pre-execution cost: 2 ms .
[2026-06-22T22:03:02.704] [DEBUG] debug-file - entry : default@ProcessLibs cost memory 0.1028900146484375
[2026-06-22T22:03:02.705] [INFO] debug-file - UP-TO-DATE :entry:default@ProcessLibs...  
[2026-06-22T22:03:02.705] [DEBUG] debug-file - restool module names: entry; moduleName=entry, taskName=default@CompileResource
[2026-06-22T22:03:02.706] [DEBUG] debug-file - Executing task :entry:default@CompileResource
[2026-06-22T22:03:02.721] [DEBUG] debug-file - Incremental task entry:default@CompileResource pre-execution cost: 15 ms .
[2026-06-22T22:03:02.721] [DEBUG] debug-file - entry : default@CompileResource cost memory 1.0279464721679688
[2026-06-22T22:03:02.722] [INFO] debug-file - UP-TO-DATE :entry:default@CompileResource...  
[2026-06-22T22:03:02.723] [DEBUG] debug-file - Executing task :entry:default@DoNativeStrip
[2026-06-22T22:03:02.723] [DEBUG] debug-file - File: 'D:\audio-format-switch-master\audio-format-switch-master\entry\build\default\intermediates\binxo\default' from 'doBinxoNativeLibs' is not exists, just ignore.
[2026-06-22T22:03:02.725] [DEBUG] debug-file - Task 'entry:default@DoNativeStrip' cost while wrapping incremental declarations: 1 ms 
[2026-06-22T22:03:02.726] [DEBUG] debug-file - Incremental task entry:default@DoNativeStrip pre-execution cost: 1 ms .
[2026-06-22T22:03:02.726] [DEBUG] debug-file - entry : default@DoNativeStrip cost memory -1.6714553833007812
[2026-06-22T22:03:02.726] [INFO] debug-file - UP-TO-DATE :entry:default@DoNativeStrip...  
[2026-06-22T22:03:02.727] [DEBUG] debug-file - Executing task :entry:default@CompileArkTS
[2026-06-22T22:03:02.727] [DEBUG] debug-file - obfuscationOptions: undefined
[2026-06-22T22:03:02.728] [DEBUG] debug-file - Task 'entry:default@CompileArkTS' cost while wrapping incremental declarations: 1 ms 
[2026-06-22T22:03:02.738] [DEBUG] debug-file - build config:
[2026-06-22T22:03:02.739] [DEBUG] debug-file - {
  moduleType: 'entry',
  perf: 0,
  targetName: '.default',
  packageManagerType: 'ohpm',
  localPropertiesPath: 'D:\\audio-format-switch-master\\audio-format-switch-master\\local.properties',
  isPreview: false,
  isOhosTest: false,
  isLocalTest: false,
  buildMode: 'Debug',
  hotReloadBuild: undefined,
  watchMode: 'false',
  aceProfilePath: 'D:\\audio-format-switch-master\\audio-format-switch-master\\entry\\build\\default\\intermediates\\res\\default\\resources\\base\\profile',
  etsLoaderPath: 'E:\\DevEco Studio\\sdk\\default\\openharmony\\ets\\build-tools\\ets-loader',
  modulePath: 'D:\\audio-format-switch-master\\audio-format-switch-master\\entry',
  testFrameworkPar: {
    testMode: undefined,
    coveragePathFilter: undefined,
    coverageMode: undefined
  },
  needCoverageInsert: false,
  debugLine: false,
  projectTopDir: 'D:\\audio-format-switch-master\\audio-format-switch-master',
  compileSdkVersion: 23,
  compatibleSdkVersion: 20,
  originCompatibleSdkVersion: '6.0.0(20)',
  compatibleSdkVersionStage: undefined,
  bundleName: 'c***h',
  etsLoaderVersion: '6.1.0.105',
  etsLoaderReleaseType: 'Release',
  aotCompileMode: 'type',
  apPath: 'D:\\audio-format-switch-master\\audio-format-switch-master\\entry\\modules.ap',
  entryModuleName: 'entry',
  entryModuleVersion: '1.0.0',
  entryPackageName: 'entry',
  allModuleNameHash: 'be3e1490a19bd8d07662eb3de867532949623b451f558485d971c2f27ee92973',
  externalApiPaths: [ 'E:\\DevEco Studio\\sdk\\default\\hms\\ets' ],
  compilerTypes: [],
  isCrossplatform: false,
  hvigorPluginFile: undefined,
  compilePluginPath: undefined,
  buildGeneratedProfilePath: 'D:\\audio-format-switch-master\\audio-format-switch-master\\entry\\build\\default\\generated\\profile\\default',
  bundleType: 'app',
  arkTSVersion: undefined,
  apiVersion: 23,
  needCompleteSourcesMap: false,
  isFaMode: false,
  buildDir: 'D:\\audio-format-switch-master\\audio-format-switch-master\\entry\\build',
  deviceTypes: [ 'phone' ],
  pkgContextInfo: {
    entry: {
      packageName: 'entry',
      bundleName: '*****',
      moduleName: '',
      version: '',
      entryPath: 'src/main/',
      isSO: false,
      dependencyAlias: ''
    }
  },
  ohPackagePathMap: {},
  dependencyAliasMap: {},
  permission: { requestPermissions: undefined, definePermissions: undefined },
  useGetCurrentBundleName: false,
  projectArkOption: undefined,
  sourceMapDir: undefined,
  branchElimination: false,
  transformLib: undefined,
  tsImportSendable: false,
  resolveConflictMode: true,
  depName2RootPath: {},
  depName2DepInfo: {},
  depName2OhExports: {},
  rootPathSet: [ 'D:\\audio-format-switch-master\\audio-format-switch-master' ],
  useNativeResolver: true,
  shouldEmitJs: true,
  useTscResolve: false,
  singleFileEmit: false,
  userProjectConfig: {
    autoLazyImport: false,
    allowEmptyBundleName: false,
    reExportCheckMode: 'noCheck',
    executionMode: 'memory',
    usePathPlaceholder: false,
    writeRollupCache: true,
    isExpandImportEnabled: false,
    expandImportExclude: '',
    lazyImportExclude: '',
    lazyImportInclude: '',
    ignoreCrossplatformCheck: false,
    isHarDeduplicateEnabled: false,
    skipOhModulesLint: false,
    enableStrictCheckOHModule: false,
    disableSendableCheckRules: [],
    useDeclarationFileSignature: false,
    customizedOptions: undefined,
    integratedHsp: false,
    isPreloadSoEnabled: false
  },
  executionMode: 'memory',
  arkCompileCachePath: 'D:\\audio-format-switch-master\\audio-format-switch-master\\entry\\build\\default\\cache\\default\\default@CompileArkTS\\esmodule',
  autoLazyFilter: undefined,
  isHarDeduplicateEnabled: false,
  intermediateHarDuplicateDirPath: 'D:\\audio-format-switch-master\\audio-format-switch-master\\entry\\build\\default\\intermediates\\har_duplicate\\default',
  autoLazyImport: false,
  allowEmptyBundleName: false,
  reExportCheckMode: 'noCheck',
  usePathPlaceholder: false,
  writeRollupCache: true,
  isExpandImportEnabled: false,
  expandImportExclude: '',
  lazyImportExclude: '',
  lazyImportInclude: '',
  ignoreCrossplatformCheck: false,
  skipOhModulesLint: false,
  enableStrictCheckOHModule: false,
  disableSendableCheckRules: [],
  useDeclarationFileSignature: false,
  customizedOptions: undefined,
  integratedHsp: false,
  isPreloadSoEnabled: false,
  strictMode: {
    caseSensitiveCheck: true,
    useNormalizedOHMUrl: true,
    noExternalImportByPath: true
  },
  useNormalizedOHMUrl: true,
  caseSensitiveCheck: true,
  aceModuleJsonPath: 'D:\\audio-format-switch-master\\audio-format-switch-master\\entry\\build\\default\\intermediates\\res\\default\\ark_module.json',
  appResource: 'D:\\audio-format-switch-master\\audio-format-switch-master\\entry\\build\\default\\intermediates\\res\\default\\ResourceTable.txt',
  rawFileResource: 'D:\\audio-format-switch-master\\audio-format-switch-master\\entry\\build\\default\\intermediates\\res\\default\\resources\\rawfile',
  resourceTableHash: '6c01846ec43f83dda3236b826ce3ee4717843f851a24bccd7722c8787b896537',
  runtimeOS: 'HarmonyOS',
  sdkInfo: 'false:23:6.1.0.105:Release',
  aceModuleRoot: 'D:\\audio-format-switch-master\\audio-format-switch-master\\entry\\src\\main\\ets',
  compileMode: 'esmodule',
  aceSuperVisualPath: 'D:\\audio-format-switch-master\\audio-format-switch-master\\entry\\src\\main\\supervisual',
  aceBuildJson: 'D:\\audio-format-switch-master\\audio-format-switch-master\\entry\\build\\default\\intermediates\\loader\\default\\loader.json',
  cachePath: 'D:\\audio-format-switch-master\\audio-format-switch-master\\entry\\build\\default\\cache\\default\\default@CompileArkTS\\esmodule\\debug',
  aceModuleBuild: 'D:\\audio-format-switch-master\\audio-format-switch-master\\entry\\build\\default\\intermediates\\loader_out\\default\\ets',
  supportChunks: true,
  declaredFilesPath: undefined,
  shouldCollectDirectImportees: false,
  isByteCodeHarOptimize: false,
  expandImportPath: undefined,
  resourceTableTs: 'D:\\audio-format-switch-master\\audio-format-switch-master\\entry\\build\\default\\generated\\r\\default\\ResourceTable.ts',
  moduleMetaInfoFiles: [
    {
      filePath: 'D:\\audio-format-switch-master\\audio-format-switch-master\\entry\\build\\default\\generated\\r\\default\\ResourceTable.ts',
      ohmurl: '&entry/build/generated/r/ResourceTable&'
    }
  ],
  pkgNameToPkgBriefInfo: {
    entry: {
      pkgRoot: 'D:\\audio-format-switch-master\\audio-format-switch-master\\entry',
      originalSourceRoots: undefined,
      sourceRoots: [Array],
      pkgName: 'entry'
    }
  },
  projectModel: {
    'D:\\audio-format-switch-master\\audio-format-switch-master\\entry\\src\\main': {
      moduleName: 'entry',
      modulePkgPath: 'D:\\audio-format-switch-master\\audio-format-switch-master\\entry',
      belongProjectPath: 'D:\\audio-format-switch-master\\audio-format-switch-master'
    },
    'D:\\audio-format-switch-master\\audio-format-switch-master\\entry': {
      moduleName: 'entry',
      modulePkgPath: 'D:\\audio-format-switch-master\\audio-format-switch-master\\entry',
      belongProjectPath: 'D:\\audio-format-switch-master\\audio-format-switch-master'
    },
    'D:\\audio-format-switch-master\\audio-format-switch-master': {
      moduleName: 'audio-format-switch-master',
      modulePkgPath: 'D:\\audio-format-switch-master\\audio-format-switch-master',
      belongProjectPath: 'D:\\audio-format-switch-master\\audio-format-switch-master'
    }
  },
  pkgJsonFileHash: '3988b0835bccf210dee13376ccba6999fb1b98adb421db068b476e7002ad0e2d',
  allModulePaths: [
    'D:\\audio-format-switch-master\\audio-format-switch-master\\entry'
  ],
  routerMap: {},
  obfuscationOptions: undefined,
  byteCodeHarToDependencyKeys: undefined,
  compileBlockPkg: [],
  mockParams: {
    decorator: '@MockSetup',
    packageName: '@ohos/hamock',
    etsSourceRootPath: 'src/main/ets',
    mockConfigPath: undefined,
    mockConfigKey2ModuleInfo: {},
    source2ModuleIdMap: {}
  },
  copyCodeResourceEnable: false,
  copyCodeResourceExcludes: [],
  copyCodeResourceIncludes: undefined,
  uiTransformOptimization: false,
  sdkPath: 'E:/DevEco Studio/sdk',
  needPreloadSoFileSet: {},
  preloadSoFilePath: 'D:\\audio-format-switch-master\\audio-format-switch-master\\entry\\build\\default\\intermediates\\preload\\default\\preload.json',
  useSourceHash: false,
  localModuleParamMap: {},
  otherPaths: {
    'entry/*': [
      '..\\*',
      '..\\..\\..\\build\\default\\generated\\profile\\default\\*'
    ]
  },
  collectImportersConfig: undefined
}
[2026-06-22T22:03:02.739] [DEBUG] debug-file - Compile arkts with external api path: E:\DevEco Studio\sdk\default\hms\ets
[2026-06-22T22:03:02.741] [DEBUG] debug-file - default@CompileArkTS work[1] is submitted.
[2026-06-22T22:03:02.741] [DEBUG] debug-file - default@CompileArkTS work[1] is pushed to ready queue.
[2026-06-22T22:03:02.741] [DEBUG] debug-file - A work dispatched to worker[23] failed because unable to get work from ready queue.
[2026-06-22T22:03:02.741] [DEBUG] debug-file - A work dispatched to worker[22] failed because unable to get work from ready queue.
[2026-06-22T22:03:02.741] [DEBUG] debug-file - A work dispatched to worker[21] failed because unable to get work from ready queue.
[2026-06-22T22:03:02.741] [DEBUG] debug-file - A work dispatched to worker[20] failed because unable to get work from ready queue.
[2026-06-22T22:03:02.741] [DEBUG] debug-file - A work dispatched to worker[19] failed because unable to get work from ready queue.
[2026-06-22T22:03:02.741] [DEBUG] debug-file - A work dispatched to worker[18] failed because unable to get work from ready queue.
[2026-06-22T22:03:02.741] [DEBUG] debug-file - A work dispatched to worker[17] failed because unable to get work from ready queue.
[2026-06-22T22:03:02.741] [DEBUG] debug-file - A work dispatched to worker[16] failed because unable to get work from ready queue.
[2026-06-22T22:03:02.741] [DEBUG] debug-file - A work dispatched to worker[15] failed because unable to get work from ready queue.
[2026-06-22T22:03:02.741] [DEBUG] debug-file - A work dispatched to worker[14] failed because unable to get work from ready queue.
[2026-06-22T22:03:02.741] [DEBUG] debug-file - A work dispatched to worker[13] failed because unable to get work from ready queue.
[2026-06-22T22:03:02.741] [DEBUG] debug-file - A work dispatched to worker[12] failed because unable to get work from ready queue.
[2026-06-22T22:03:02.741] [DEBUG] debug-file - A work dispatched to worker[11] failed because unable to get work from ready queue.
[2026-06-22T22:03:02.742] [DEBUG] debug-file - A work dispatched to worker[10] failed because unable to get work from ready queue.
[2026-06-22T22:03:02.742] [DEBUG] debug-file - A work dispatched to worker[9] failed because unable to get work from ready queue.
[2026-06-22T22:03:02.742] [DEBUG] debug-file - A work dispatched to worker[8] failed because unable to get work from ready queue.
[2026-06-22T22:03:02.742] [DEBUG] debug-file - A work dispatched to worker[7] failed because unable to get work from ready queue.
[2026-06-22T22:03:02.742] [DEBUG] debug-file - A work dispatched to worker[6] failed because unable to get work from ready queue.
[2026-06-22T22:03:02.742] [DEBUG] debug-file - A work dispatched to worker[5] failed because unable to get work from ready queue.
[2026-06-22T22:03:02.742] [DEBUG] debug-file - default@CompileArkTS work[1] has been dispatched to worker[4].
[2026-06-22T22:03:02.742] [DEBUG] debug-file - default@CompileArkTS work[1] is dispatched.
[2026-06-22T22:03:02.742] [DEBUG] debug-file - entry : default@CompileArkTS cost memory 1.2146759033203125
[2026-06-22T22:03:02.743] [DEBUG] debug-file - Executing task :entry:default@BuildJS
[2026-06-22T22:03:02.743] [DEBUG] debug-file - Task 'entry:default@BuildJS' cost while wrapping incremental declarations: 1 ms 
[2026-06-22T22:03:02.746] [DEBUG] debug-file - entry : default@BuildJS cost memory 0.15899658203125
[2026-06-22T22:03:02.746] [DEBUG] debug-file - runTaskFromQueue task cost before running: 463 ms 
[2026-06-22T22:03:02.746] [INFO] debug-file - Finished :entry:default@BuildJS... after 3 ms 
[2026-06-22T22:03:02.747] [DEBUG] debug-file - Executing task :entry:default@CacheNativeLibs
[2026-06-22T22:03:02.747] [DEBUG] debug-file - File: 'D:\audio-format-switch-master\audio-format-switch-master\entry\build\default\intermediates\binxo\default' from 'cacheBinxoNativeLibs' is not exists, just ignore.
[2026-06-22T22:03:02.747] [DEBUG] debug-file - Task 'entry:default@CacheNativeLibs' cost while wrapping incremental declarations: 1 ms 
[2026-06-22T22:03:02.750] [DEBUG] debug-file - Incremental task entry:default@CacheNativeLibs pre-execution cost: 3 ms .
[2026-06-22T22:03:02.750] [DEBUG] debug-file - entry : default@CacheNativeLibs cost memory -1.628662109375
[2026-06-22T22:03:02.750] [INFO] debug-file - UP-TO-DATE :entry:default@CacheNativeLibs...  
[2026-06-22T22:03:09.564] [DEBUG] debug-file - worker[4] has one work done.
[2026-06-22T22:03:09.564] [DEBUG] debug-file - Ark compile task finished.finished time is 1728131329736800
[2026-06-22T22:03:09.568] [DEBUG] debug-file - default@CompileArkTS work[1] done.
[2026-06-22T22:03:09.568] [DEBUG] debug-file - A work dispatched to worker[4] failed because unable to get work from ready queue.
[2026-06-22T22:03:09.571] [INFO] debug-file - Finished :entry:default@CompileArkTS... after 6 s 655 ms 
[2026-06-22T22:03:09.572] [DEBUG] debug-file - Executing task :entry:default@GeneratePkgModuleJson
[2026-06-22T22:03:09.572] [DEBUG] debug-file - File: 'D:\audio-format-switch-master\audio-format-switch-master\entry\build\default\intermediates\preload\default\preload.json' from 'preloadSoJsonPath' is not exists, just ignore.
[2026-06-22T22:03:09.573] [DEBUG] debug-file - Error occurs while handling @Input 'shouldDeduplicateHar': The "data" argument must be of type string or an instance of Buffer, TypedArray, or DataView. Received undefined
[2026-06-22T22:03:09.573] [DEBUG] debug-file - Task 'entry:default@GeneratePkgModuleJson' cost while wrapping incremental declarations: 2 ms 
[2026-06-22T22:03:09.574] [DEBUG] debug-file - Incremental task entry:default@GeneratePkgModuleJson pre-execution cost: 1 ms .
[2026-06-22T22:03:09.575] [DEBUG] debug-file - entry : default@GeneratePkgModuleJson cost memory 0.12999725341796875
[2026-06-22T22:03:09.575] [INFO] debug-file - UP-TO-DATE :entry:default@GeneratePkgModuleJson...  
[2026-06-22T22:03:09.576] [DEBUG] debug-file - Executing task :entry:default@ProcessCompiledResources
[2026-06-22T22:03:09.576] [DEBUG] debug-file - File: 'D:\audio-format-switch-master\audio-format-switch-master\entry\build\default\intermediates\preload\default\preload.json' from 'preloadSoJsonPath' is not exists, just ignore.
[2026-06-22T22:03:09.576] [DEBUG] debug-file - Task 'entry:default@ProcessCompiledResources' cost while wrapping incremental declarations: 1 ms 
[2026-06-22T22:03:09.576] [DEBUG] debug-file - entry : default@ProcessCompiledResources cost memory 0.0586395263671875
[2026-06-22T22:03:09.576] [DEBUG] debug-file - runTaskFromQueue task cost before running: 7 s 293 ms 
[2026-06-22T22:03:09.577] [INFO] debug-file - Finished :entry:default@ProcessCompiledResources... after 1 ms 
[2026-06-22T22:03:09.579] [DEBUG] debug-file - Executing task :entry:default@PackageHap
[2026-06-22T22:03:09.588] [DEBUG] debug-file - entry:default@PackageHap is not up-to-date, since the input file 'D:\audio-format-switch-master\audio-format-switch-master\entry\build\default\intermediates\loader_out\default\ets' has been changed.
[2026-06-22T22:03:09.588] [DEBUG] debug-file - Incremental task entry:default@PackageHap pre-execution cost: 8 ms .
[2026-06-22T22:03:09.591] [DEBUG] debug-file - Use tool [E:\DevEco Studio\sdk\default\openharmony\toolchains\lib\app_packing_tool.jar]
 [
  'java',
  '-Dfile.encoding=GBK',
  '-jar',
  'E:\\DevEco Studio\\sdk\\default\\openharmony\\toolchains\\lib\\app_packing_tool.jar',
  '--mode',
  'hap',
  '--force',
  'true',
  '--lib-path',
  'D:\\audio-format-switch-master\\audio-format-switch-master\\entry\\build\\default\\intermediates\\stripped_native_libs\\default',
  '--json-path',
  'D:\\audio-format-switch-master\\audio-format-switch-master\\entry\\build\\default\\intermediates\\package\\default\\module.json',
  '--resources-path',
  'D:\\audio-format-switch-master\\audio-format-switch-master\\entry\\build\\default\\intermediates\\res\\default\\resources',
  '--index-path',
  'D:\\audio-format-switch-master\\audio-format-switch-master\\entry\\build\\default\\intermediates\\res\\default\\resources.index',
  '--pack-info-path',
  'D:\\audio-format-switch-master\\audio-format-switch-master\\entry\\build\\default\\outputs\\default\\pack.info',
  '--out-path',
  'D:\\audio-format-switch-master\\audio-format-switch-master\\entry\\build\\default\\outputs\\default\\entry-default-unsigned.hap',
  '--ets-path',
  'D:\\audio-format-switch-master\\audio-format-switch-master\\entry\\build\\default\\intermediates\\loader_out\\default\\ets',
  '--pkg-context-path',
  'D:\\audio-format-switch-master\\audio-format-switch-master\\entry\\build\\default\\intermediates\\loader\\default\\pkgContextInfo.json'
]
[2026-06-22T22:03:09.592] [DEBUG] debug-file - default@PackageHap work[2] is submitted.
[2026-06-22T22:03:09.592] [DEBUG] debug-file - default@PackageHap work[2] is pushed to ready queue.
[2026-06-22T22:03:09.592] [DEBUG] debug-file - A work dispatched to worker[23] failed because unable to get work from ready queue.
[2026-06-22T22:03:09.592] [DEBUG] debug-file - Create  resident worker with id: 22.
[2026-06-22T22:03:09.598] [DEBUG] debug-file - default@PackageHap work[2] has been dispatched to worker[22].
[2026-06-22T22:03:09.598] [DEBUG] debug-file - default@PackageHap work[2] is dispatched.
[2026-06-22T22:03:09.601] [DEBUG] debug-file - entry : default@PackageHap cost memory 1.0128326416015625
[2026-06-22T22:03:17.525] [DEBUG] debug-file - current process  memoryUsage: {
  rss: 435990528,
  heapTotal: 81035264,
  heapUsed: 49404088,
  external: 2341412,
  arrayBuffers: 99735
} os memoryUsage :14.573657989501953
[2026-06-22T22:03:18.196] [DEBUG] debug-file - worker[22] has one work done.
[2026-06-22T22:03:18.197] [DEBUG] debug-file - default@PackageHap work[2] done.
[2026-06-22T22:03:18.197] [DEBUG] debug-file - A work dispatched to worker[22] failed because unable to get work from ready queue.
[2026-06-22T22:03:18.198] [INFO] debug-file - Finished :entry:default@PackageHap... after 696 ms 
[2026-06-22T22:03:18.200] [DEBUG] debug-file - Executing task :entry:default@PackingCheck
[2026-06-22T22:03:18.208] [DEBUG] debug-file - entry : default@PackingCheck cost memory 0.6365203857421875
[2026-06-22T22:03:18.208] [DEBUG] debug-file - runTaskFromQueue task cost before running: 15 s 925 ms 
[2026-06-22T22:03:18.208] [INFO] debug-file - Finished :entry:default@PackingCheck... after 8 ms 
[2026-06-22T22:03:18.209] [DEBUG] debug-file - Executing task :entry:default@SignHap
[2026-06-22T22:03:18.209] [WARN] debug-file - Will skip sign 'hos_hap'. No signingConfigs profile is configured in current project.
             If needed, configure the signingConfigs in D:\audio-format-switch-master\audio-format-switch-master\build-profile.json5.
[2026-06-22T22:03:18.210] [DEBUG] debug-file - entry:default@SignHap is not up-to-date, since the input file 'D:\audio-format-switch-master\audio-format-switch-master\entry\build\default\outputs\default\entry-default-unsigned.hap' has been changed.
[2026-06-22T22:03:18.210] [DEBUG] debug-file - Incremental task entry:default@SignHap pre-execution cost: 1 ms .
[2026-06-22T22:03:18.211] [DEBUG] debug-file - entry : default@SignHap cost memory 0.090423583984375
[2026-06-22T22:03:18.211] [DEBUG] debug-file - runTaskFromQueue task cost before running: 15 s 928 ms 
[2026-06-22T22:03:18.211] [INFO] debug-file - Finished :entry:default@SignHap... after 2 ms 
[2026-06-22T22:03:18.213] [DEBUG] debug-file - Executing task :entry:default@CollectDebugSymbol
[2026-06-22T22:03:18.214] [DEBUG] debug-file - entry : default@CollectDebugSymbol cost memory 0.08959197998046875
[2026-06-22T22:03:18.214] [DEBUG] debug-file - runTaskFromQueue task cost before running: 15 s 931 ms 
[2026-06-22T22:03:18.214] [INFO] debug-file - Finished :entry:default@CollectDebugSymbol... after 1 ms 
[2026-06-22T22:03:18.214] [DEBUG] debug-file - Executing task :entry:assembleHap
[2026-06-22T22:03:18.215] [DEBUG] debug-file - entry : assembleHap cost memory 0.012786865234375
[2026-06-22T22:03:18.215] [DEBUG] debug-file - runTaskFromQueue task cost before running: 15 s 932 ms 
[2026-06-22T22:03:18.215] [INFO] debug-file - Finished :entry:assembleHap... after 1 ms 
[2026-06-22T22:03:18.229] [INFO] debug-file - BUILD SUCCESSFUL in 15 s 946 ms 
[2026-06-22T22:03:18.229] [DEBUG] debug-file - There is no need to refresh cache, since the incremental task entry:default@PreBuild is up-to-date.
[2026-06-22T22:03:18.229] [DEBUG] debug-file - Update task entry:default@CreateModuleInfo output file:D:\audio-format-switch-master\audio-format-switch-master\entry\build\default\generated\profile\default\ModuleInfo.ts cache.
[2026-06-22T22:03:18.229] [DEBUG] debug-file - Incremental task entry:default@CreateModuleInfo post-execution cost:1 ms .
[2026-06-22T22:03:18.229] [DEBUG] debug-file - There is no need to refresh cache, since the incremental task entry:default@GenerateMetadata is up-to-date.
[2026-06-22T22:03:18.229] [DEBUG] debug-file - There is no need to refresh cache, since the incremental task entry:default@MergeProfile is up-to-date.
[2026-06-22T22:03:18.230] [DEBUG] debug-file - There is no need to refresh cache, since the incremental task entry:default@CreateBuildProfile is up-to-date.
[2026-06-22T22:03:18.230] [DEBUG] debug-file - There is no need to refresh cache, since the incremental task entry:default@GeneratePkgContextInfo is up-to-date.
[2026-06-22T22:03:18.230] [DEBUG] debug-file - Update task entry:default@GeneratePkgSdkInfo output file:D:\audio-format-switch-master\audio-format-switch-master\entry\build\default\intermediates\loader\default\pkgSdkInfo.json cache.
[2026-06-22T22:03:18.230] [DEBUG] debug-file - Incremental task entry:default@GeneratePkgSdkInfo post-execution cost:1 ms .
[2026-06-22T22:03:18.230] [DEBUG] debug-file - Update task entry:default@ProcessIntegratedHsp output file:D:\audio-format-switch-master\audio-format-switch-master\build\cache\default\integrated_hsp\integratedHspCache.json cache.
[2026-06-22T22:03:18.230] [DEBUG] debug-file - Incremental task entry:default@ProcessIntegratedHsp post-execution cost:1 ms .
[2026-06-22T22:03:18.230] [DEBUG] debug-file - There is no need to refresh cache, since the incremental task entry:default@MakePackInfo is up-to-date.
[2026-06-22T22:03:18.230] [DEBUG] debug-file - Update task entry:default@SyscapTransform input file:E:\DevEco Studio\sdk\default\openharmony\toolchains\syscap_tool.exe cache by regenerate.
[2026-06-22T22:03:18.231] [DEBUG] debug-file - Update task entry:default@SyscapTransform input file:E:\DevEco Studio\sdk\default\openharmony\ets\api\device-define cache by regenerate.
[2026-06-22T22:03:18.232] [DEBUG] debug-file - Update task entry:default@SyscapTransform output file:D:\audio-format-switch-master\audio-format-switch-master\entry\build\default\intermediates\syscap\default\rpcid.sc cache.
[2026-06-22T22:03:18.232] [DEBUG] debug-file - Incremental task entry:default@SyscapTransform post-execution cost:2 ms .
[2026-06-22T22:03:18.232] [DEBUG] debug-file - There is no need to refresh cache, since the incremental task entry:default@ProcessProfile is up-to-date.
[2026-06-22T22:03:18.232] [DEBUG] debug-file - There is no need to refresh cache, since the incremental task entry:default@ProcessRouterMap is up-to-date.
[2026-06-22T22:03:18.232] [DEBUG] debug-file - There is no need to refresh cache, since the incremental task entry:default@ProcessShareConfig is up-to-date.
[2026-06-22T22:03:18.232] [DEBUG] debug-file - Update task entry:default@ProcessStartupConfig input file:D:\audio-format-switch-master\audio-format-switch-master\entry\build\default\intermediates\loader\default\pkgContextInfo.json cache by regenerate.
[2026-06-22T22:03:18.233] [DEBUG] debug-file - Update task entry:default@ProcessStartupConfig output file:D:\audio-format-switch-master\audio-format-switch-master\entry\build\default\intermediates\startup\default\startup_config.json cache.
[2026-06-22T22:03:18.233] [DEBUG] debug-file - Incremental task entry:default@ProcessStartupConfig post-execution cost:1 ms .
[2026-06-22T22:03:18.233] [DEBUG] debug-file - There is no need to refresh cache, since the incremental task entry:default@ProcessResource is up-to-date.
[2026-06-22T22:03:18.233] [DEBUG] debug-file - There is no need to refresh cache, since the incremental task entry:default@GenerateLoaderJson is up-to-date.
[2026-06-22T22:03:18.233] [DEBUG] debug-file - There is no need to refresh cache, since the incremental task entry:default@ProcessLibs is up-to-date.
[2026-06-22T22:03:18.233] [DEBUG] debug-file - There is no need to refresh cache, since the incremental task entry:default@CompileResource is up-to-date.
[2026-06-22T22:03:18.233] [DEBUG] debug-file - There is no need to refresh cache, since the incremental task entry:default@DoNativeStrip is up-to-date.
[2026-06-22T22:03:18.234] [DEBUG] debug-file - Update task entry:default@CompileArkTS input file:D:\audio-format-switch-master\audio-format-switch-master\entry\build\default\intermediates\loader\default cache by regenerate.
[2026-06-22T22:03:18.234] [DEBUG] debug-file - Update task entry:default@CompileArkTS input file:D:\audio-format-switch-master\audio-format-switch-master\entry\build\default\intermediates\res\default\resources\rawfile cache by regenerate.
[2026-06-22T22:03:18.235] [DEBUG] debug-file - Update task entry:default@CompileArkTS input file:D:\audio-format-switch-master\audio-format-switch-master\entry\build\default\intermediates\res\default\ResourceTable.txt cache by regenerate.
[2026-06-22T22:03:18.237] [DEBUG] debug-file - Update task entry:default@CompileArkTS input file:D:\audio-format-switch-master\audio-format-switch-master\entry\build\default\intermediates\res\default\ark_module.json cache by regenerate.
[2026-06-22T22:03:18.237] [DEBUG] debug-file - Update task entry:default@CompileArkTS input file:D:\audio-format-switch-master\audio-format-switch-master\entry\build\default\intermediates\res\default\resources\base\profile cache by regenerate.
[2026-06-22T22:03:18.238] [DEBUG] debug-file - Update task entry:default@CompileArkTS input file:D:\audio-format-switch-master\audio-format-switch-master\entry\src\main\ets cache by regenerate.
[2026-06-22T22:03:18.241] [DEBUG] debug-file - Update task entry:default@CompileArkTS input file:D:\audio-format-switch-master\audio-format-switch-master\entry\build\default\intermediates\loader\default\pkgContextInfo.json cache by regenerate.
[2026-06-22T22:03:18.241] [DEBUG] debug-file - Update task entry:default@CompileArkTS input file:D:\audio-format-switch-master\audio-format-switch-master\entry\build\default\generated\profile\default\BuildProfile.ets cache by regenerate.
[2026-06-22T22:03:18.241] [DEBUG] debug-file - Update task entry:default@CompileArkTS output file:D:\audio-format-switch-master\audio-format-switch-master\entry\build\default\intermediates\loader_out\default\ets cache.
[2026-06-22T22:03:18.241] [DEBUG] debug-file - Incremental task entry:default@CompileArkTS post-execution cost:9 ms .
[2026-06-22T22:03:18.242] [DEBUG] debug-file - Update task entry:default@BuildJS input file:D:\audio-format-switch-master\audio-format-switch-master\entry\build\default\intermediates\loader\default cache by regenerate.
[2026-06-22T22:03:18.242] [DEBUG] debug-file - Update task entry:default@BuildJS input file:D:\audio-format-switch-master\audio-format-switch-master\entry\build\default\intermediates\res\default\resources\rawfile cache by regenerate.
[2026-06-22T22:03:18.243] [DEBUG] debug-file - Update task entry:default@BuildJS input file:D:\audio-format-switch-master\audio-format-switch-master\entry\build\default\intermediates\res\default\ResourceTable.txt cache by regenerate.
[2026-06-22T22:03:18.243] [DEBUG] debug-file - Update task entry:default@BuildJS input file:D:\audio-format-switch-master\audio-format-switch-master\entry\build\default\intermediates\res\default\ark_module.json cache by regenerate.
[2026-06-22T22:03:18.243] [DEBUG] debug-file - Update task entry:default@BuildJS input file:D:\audio-format-switch-master\audio-format-switch-master\entry\build\default\intermediates\res\default\resources\base\profile cache by regenerate.
[2026-06-22T22:03:18.243] [DEBUG] debug-file - Update task entry:default@BuildJS input file:D:\audio-format-switch-master\audio-format-switch-master\entry\build\default\intermediates\loader\default\pkgContextInfo.json cache by regenerate.
[2026-06-22T22:03:18.244] [DEBUG] debug-file - Update task entry:default@BuildJS output file:D:\audio-format-switch-master\audio-format-switch-master\entry\build\default\intermediates\loader_out\default\js cache.
[2026-06-22T22:03:18.244] [DEBUG] debug-file - Incremental task entry:default@BuildJS post-execution cost:3 ms .
[2026-06-22T22:03:18.244] [DEBUG] debug-file - There is no need to refresh cache, since the incremental task entry:default@CacheNativeLibs is up-to-date.
[2026-06-22T22:03:18.244] [DEBUG] debug-file - There is no need to refresh cache, since the incremental task entry:default@GeneratePkgModuleJson is up-to-date.
[2026-06-22T22:03:18.244] [DEBUG] debug-file - Incremental task entry:default@ProcessCompiledResources post-execution cost:1 ms .
[2026-06-22T22:03:18.244] [DEBUG] debug-file - Update task entry:default@PackageHap input file:D:\audio-format-switch-master\audio-format-switch-master\entry\build\default\intermediates\stripped_native_libs\default cache by regenerate.
[2026-06-22T22:03:18.244] [DEBUG] debug-file - Update task entry:default@PackageHap input file:D:\audio-format-switch-master\audio-format-switch-master\entry\build\default\intermediates\res\default\module.json cache by regenerate.
[2026-06-22T22:03:18.245] [DEBUG] debug-file - Update task entry:default@PackageHap input file:D:\audio-format-switch-master\audio-format-switch-master\entry\build\default\intermediates\res\default\resources cache by regenerate.
[2026-06-22T22:03:18.249] [DEBUG] debug-file - Update task entry:default@PackageHap input file:D:\audio-format-switch-master\audio-format-switch-master\entry\build\default\intermediates\res\default\resources.index cache by regenerate.
[2026-06-22T22:03:18.249] [DEBUG] debug-file - Update task entry:default@PackageHap input file:D:\audio-format-switch-master\audio-format-switch-master\entry\build\default\outputs\default\pack.info cache by regenerate.
[2026-06-22T22:03:18.249] [DEBUG] debug-file - Update task entry:default@PackageHap input file:D:\audio-format-switch-master\audio-format-switch-master\entry\build\default\intermediates\loader_out\default\ets cache from map.
[2026-06-22T22:03:18.249] [DEBUG] debug-file - Update task entry:default@PackageHap input file:D:\audio-format-switch-master\audio-format-switch-master\entry\build\default\intermediates\loader\default\pkgContextInfo.json cache by regenerate.
[2026-06-22T22:03:18.249] [DEBUG] debug-file - Update task entry:default@PackageHap input file:D:\audio-format-switch-master\audio-format-switch-master\entry\build\default\intermediates\loader_out\default\ets\sourceMaps.map cache by regenerate.
[2026-06-22T22:03:18.250] [DEBUG] debug-file - Update task entry:default@PackageHap input file:D:\audio-format-switch-master\audio-format-switch-master\entry\build\default\generated\profile\default\BuildProfile.ets cache by regenerate.
[2026-06-22T22:03:18.250] [DEBUG] debug-file - Update task entry:default@PackageHap output file:D:\audio-format-switch-master\audio-format-switch-master\entry\build\default\outputs\default\entry-default-unsigned.hap cache.
[2026-06-22T22:03:18.250] [DEBUG] debug-file - Update task entry:default@PackageHap output file:D:\audio-format-switch-master\audio-format-switch-master\entry\build\default\intermediates\source_map\default\sourceMaps.map cache.
[2026-06-22T22:03:18.250] [DEBUG] debug-file - Update task entry:default@PackageHap output file:D:\audio-format-switch-master\audio-format-switch-master\entry\build\default\outputs\default\mapping\sourceMaps.map cache.
[2026-06-22T22:03:18.250] [DEBUG] debug-file - Incremental task entry:default@PackageHap post-execution cost:7 ms .
[2026-06-22T22:03:18.251] [DEBUG] debug-file - Update task entry:default@SignHap input file:D:\audio-format-switch-master\audio-format-switch-master\entry\build\default\outputs\default\entry-default-unsigned.hap cache from map.
[2026-06-22T22:03:18.251] [DEBUG] debug-file - Update task entry:default@SignHap output file:D:\audio-format-switch-master\audio-format-switch-master\entry\build\default\outputs\default\entry-default-signed.hap cache.
[2026-06-22T22:03:18.251] [DEBUG] debug-file - Incremental task entry:default@SignHap post-execution cost:1 ms .
[2026-06-22T22:03:18.251] [DEBUG] debug-file - Update task entry:default@CollectDebugSymbol input file:D:\audio-format-switch-master\audio-format-switch-master\entry\build\default\intermediates\loader_out\default\ets\sourceMaps.map cache by regenerate.
[2026-06-22T22:03:18.251] [DEBUG] debug-file - Update task entry:default@CollectDebugSymbol input file:D:\audio-format-switch-master\audio-format-switch-master\entry\build\default\intermediates\libs\default cache by regenerate.
[2026-06-22T22:03:18.252] [DEBUG] debug-file - Update task entry:default@CollectDebugSymbol output file:D:\audio-format-switch-master\audio-format-switch-master\entry\build\default\outputs\default\symbol cache.
[2026-06-22T22:03:18.252] [DEBUG] debug-file - Incremental task entry:default@CollectDebugSymbol post-execution cost:2 ms .
[2026-06-22T22:03:18.282] [DEBUG] debug-file - Cleanup worker 22.
[2026-06-22T22:03:18.282] [DEBUG] debug-file - Worker 22 has been cleaned up.
[2026-06-22T22:03:18.282] [DEBUG] debug-file - Current idle worker size: 1.
[2026-06-22T22:03:18.282] [DEBUG] debug-file - Current resident worker size: 2.
[2026-06-22T22:03:18.283] [DEBUG] debug-file - hvigor build process will be closed.
[2026-06-22T22:03:18.300] [DEBUG] debug-file - session manager: send message to worker process.
[2026-06-22T22:03:18.300] [DEBUG] debug-file - session manager: send message to worker process.
[2026-06-22T22:03:18.299] [DEBUG] debug-file - worker[22] exits with exit code 1.
[2026-06-22T22:03:18.300] [DEBUG] debug-file - watch worker: worker id should be larger than 0. Nothing will be sent to any worker thread.
[2026-06-22T22:03:18.301] [DEBUG] debug-file - watch worker: worker id should be larger than 0. Nothing will be sent to any worker thread.
[2026-06-22T22:10:14.984] [DEBUG] debug-file - session manager: set active socket. socketId=KmFQL3xZRwiHotZYAAAF
[2026-06-22T22:10:15.000] [DEBUG] debug-file - watch worker: worker id should be larger than 0. Nothing will be sent to any worker thread.
[2026-06-22T22:10:15.004] [DEBUG] debug-file - Workers' log level updated to INFO
[2026-06-22T22:10:15.006] [DEBUG] debug-file - Hvigor init with startParameters:{
  hvigorfileTypeCheck: false,
  parallelExecution: true,
  incrementalExecution: true,
  printStackTrace: false,
  daemon: true,
  analyze: 0,
  logLevel: Level { level: 20000, levelStr: 'INFO', colour: 'green' },
  optimizationStrategy: 'memory',
  hotCompile: undefined,
  hotReloadBuild: undefined,
  customizedParam: undefined
}
[2026-06-22T22:10:15.009] [DEBUG] debug-file - Cache service initialization finished in 3 ms 
[2026-06-22T22:10:15.011] [DEBUG] debug-file - hvigorfile, resolving D:\audio-format-switch-master\audio-format-switch-master\hvigorfile.ts
[2026-06-22T22:10:15.019] [DEBUG] debug-file - hvigorfile, require result:  { default: { plugins: [] } }
[2026-06-22T22:10:15.019] [DEBUG] debug-file - hvigorfile, binding system plugins null
[2026-06-22T22:10:15.020] [DEBUG] debug-file - Starting plugin build process
[2026-06-22T22:10:15.020] [DEBUG] debug-file - App plugin prepare start...
[2026-06-22T22:10:15.020] [DEBUG] debug-file - App plugin prepare end...
[2026-06-22T22:10:15.020] [DEBUG] debug-file - App plugin creating...
[2026-06-22T22:10:15.030] [DEBUG] debug-file - App plugin register hook start...
[2026-06-22T22:10:15.030] [DEBUG] debug-file - App plugin register hook end...
[2026-06-22T22:10:15.030] [DEBUG] debug-file - Plugin build process completed
[2026-06-22T22:10:15.031] [DEBUG] debug-file - Start initialize project's product build option map with build mode debug.
[2026-06-22T22:10:15.031] [DEBUG] debug-file - Picking option from product 'default' with build mode 'debug'.
[2026-06-22T22:10:15.031] [DEBUG] debug-file - Product 'default' build option initialized
[2026-06-22T22:10:15.031] [DEBUG] debug-file - End initialize project's product build option map with build mode 'debug'.
[2026-06-22T22:10:15.032] [DEBUG] debug-file - Obtain build option for product 'default'in this build.
[2026-06-22T22:10:15.032] [DEBUG] debug-file - No signingConfig found, initRemoteHspCache failed.
[2026-06-22T22:10:15.037] [DEBUG] debug-file - Start recording SDK configuration permission data.
[2026-06-22T22:10:15.058] [DEBUG] debug-file - Sdk init in 26 ms 
[2026-06-22T22:10:15.062] [DEBUG] debug-file - Project task initialization takes 3 ms 
[2026-06-22T22:10:15.062] [DEBUG] debug-file - hvigorfile, begin to bind custom plugins...
[2026-06-22T22:10:15.062] [DEBUG] debug-file - hvigorfile, no custom plugins were found in D:\audio-format-switch-master\audio-format-switch-master\hvigorfile.ts
[2026-06-22T22:10:15.062] [DEBUG] debug-file - hvigorfile, resolve finished D:\audio-format-switch-master\audio-format-switch-master\hvigorfile.ts
[2026-06-22T22:10:15.062] [DEBUG] debug-file - hvigorfile, resolving D:\audio-format-switch-master\audio-format-switch-master\entry\hvigorfile.ts
[2026-06-22T22:10:15.066] [DEBUG] debug-file - hvigorfile, require result:  { default: { plugins: [] } }
[2026-06-22T22:10:15.066] [DEBUG] debug-file - hvigorfile, binding system plugins null
[2026-06-22T22:10:15.067] [DEBUG] debug-file - Starting plugin build process
[2026-06-22T22:10:15.067] [DEBUG] debug-file - Hap plugin creating...
[2026-06-22T22:10:15.068] [DEBUG] debug-file - failed to load cangjie to dynamically generate schemas: Error: Cannot find module '@ohos/cangjie-build-support/index'
Require stack:
- E:\DevEco Studio\tools\hvigor\hvigor-ohos-plugin\src\plugin\hooks\cangjie-register.js
- E:\DevEco Studio\tools\hvigor\hvigor-ohos-plugin\src\plugin\strategy\stage-init-strategy.js
- E:\DevEco Studio\tools\hvigor\hvigor-ohos-plugin\src\plugin\builder\abstract-plugin-builder.js
- E:\DevEco Studio\tools\hvigor\hvigor-ohos-plugin\src\plugin\builder\app-plugin-builder.js
- E:\DevEco Studio\tools\hvigor\hvigor-ohos-plugin\src\plugin\factory\plugin-factory.js
- E:\DevEco Studio\tools\hvigor\hvigor-ohos-plugin\index.js
- D:\audio-format-switch-master\audio-format-switch-master\hvigorfile.ts
- E:\DevEco Studio\tools\hvigor\hvigor\src\base\internal\lifecycle\configuration.js
- E:\DevEco Studio\tools\hvigor\hvigor\src\base\boot\index.js
- E:\DevEco Studio\tools\hvigor\hvigor\src\base\daemon\cluster\worker-process-lifecycle.js
- E:\DevEco Studio\tools\hvigor\hvigor\src\base\daemon\process\daemon-process-boot-script.js
[2026-06-22T22:10:15.069] [DEBUG] debug-file - Start initialize module-target build option map, moduleName=entry, buildMode=release
[2026-06-22T22:10:15.069] [DEBUG] debug-file - Target 'default' config initialized
[2026-06-22T22:10:15.069] [DEBUG] debug-file - Module 'entry' target 'default' build option initialized
[2026-06-22T22:10:15.069] [DEBUG] debug-file - End initialize module-target build option map, moduleName=entry
[2026-06-22T22:10:15.070] [DEBUG] debug-file - Start initialize module-target build option map, moduleName=entry, buildMode=debug
[2026-06-22T22:10:15.070] [DEBUG] debug-file - Target 'default' config initialized
[2026-06-22T22:10:15.070] [DEBUG] debug-file - Module 'entry' target 'default' build option initialized
[2026-06-22T22:10:15.070] [DEBUG] debug-file - End initialize module-target build option map, moduleName=entry
[2026-06-22T22:10:15.070] [DEBUG] debug-file - Start initialize module-target build option map, moduleName=entry, buildMode=debug
[2026-06-22T22:10:15.070] [DEBUG] debug-file - Target 'default' config initialized
[2026-06-22T22:10:15.070] [DEBUG] debug-file - Module 'entry' target 'default' build option initialized
[2026-06-22T22:10:15.070] [DEBUG] debug-file - End initialize module-target build option map, moduleName=entry
[2026-06-22T22:10:15.070] [DEBUG] debug-file - Obtain build option for module 'entry' target 'default'in this build.
[2026-06-22T22:10:15.072] [DEBUG] debug-file - Module entry task initialization takes 2 ms 
[2026-06-22T22:10:15.072] [DEBUG] debug-file - Hap plugin register hook start...
[2026-06-22T22:10:15.072] [DEBUG] debug-file - Hap plugin register hook end...
[2026-06-22T22:10:15.072] [DEBUG] debug-file - Plugin build process completed
[2026-06-22T22:10:15.072] [DEBUG] debug-file - hvigorfile, begin to bind custom plugins...
[2026-06-22T22:10:15.072] [DEBUG] debug-file - hvigorfile, no custom plugins were found in D:\audio-format-switch-master\audio-format-switch-master\entry\hvigorfile.ts
[2026-06-22T22:10:15.072] [DEBUG] debug-file - hvigorfile, resolve finished D:\audio-format-switch-master\audio-format-switch-master\entry\hvigorfile.ts
[2026-06-22T22:10:15.090] [DEBUG] debug-file - hvigorfile, resolve hvigorfile dependencies in 17 ms 
[2026-06-22T22:10:15.090] [DEBUG] debug-file - project has submodules:entry
[2026-06-22T22:10:15.091] [DEBUG] debug-file - start to load updatedOhPackageInfo to the disk
[2026-06-22T22:10:15.093] [DEBUG] debug-file - load to the disk finished
[2026-06-22T22:10:15.093] [DEBUG] debug-file - Start to initialize dependency information.
[2026-06-22T22:10:15.094] [DEBUG] debug-file - Module audio-format-switch-master Collected Dependency: 
[2026-06-22T22:10:15.094] [DEBUG] debug-file - Module audio-format-switch-master's total dependency: 0
[2026-06-22T22:10:15.094] [DEBUG] debug-file - Start to initialize dependency information.
[2026-06-22T22:10:15.096] [DEBUG] debug-file - Module entry Collected Dependency: 
[2026-06-22T22:10:15.096] [DEBUG] debug-file - Module entry's total dependency: 0
[2026-06-22T22:10:15.098] [DEBUG] debug-file - Configuration phase cost:89 ms 
[2026-06-22T22:10:15.099] [DEBUG] debug-file - Configuration task cost before running: 95 ms 
[2026-06-22T22:10:15.101] [DEBUG] debug-file - Executing task :entry:default@PreBuild
[2026-06-22T22:10:15.102] [DEBUG] debug-file - Task 'entry:default@PreBuild' cost while wrapping incremental declarations: 1 ms 
[2026-06-22T22:10:15.105] [DEBUG] debug-file - entry:default@PreBuild is not up-to-date, since the input file 'D:\audio-format-switch-master\audio-format-switch-master\entry\src\main\module.json5' has been changed.
[2026-06-22T22:10:15.105] [DEBUG] debug-file - Incremental task entry:default@PreBuild pre-execution cost: 2 ms .
[2026-06-22T22:10:15.293] [DEBUG] debug-file - current product is not Atomic service.
[2026-06-22T22:10:15.294] [DEBUG] debug-file - Use tool [win32: JAVA_HOME, CLASSPATH]
 [ { JAVA_HOME: 'E:\\DevEco Studio\\jbr' }, { CLASSPATH: undefined } ]
[2026-06-22T22:10:15.294] [DEBUG] debug-file - Use tool [win32: NODE_HOME]
 [ { NODE_HOME: 'E:\\DevEco Studio\\tools\\node' } ]
[2026-06-22T22:10:15.294] [DEBUG] debug-file - entry : default@PreBuild cost memory 1.5063858032226562
[2026-06-22T22:10:15.295] [DEBUG] debug-file - runTaskFromQueue task cost before running: 291 ms 
[2026-06-22T22:10:15.296] [INFO] debug-file - Finished :entry:default@PreBuild... after 194 ms 
[2026-06-22T22:10:15.296] [DEBUG] debug-file - Executing task :entry:default@CreateModuleInfo
[2026-06-22T22:10:15.297] [DEBUG] debug-file - Task 'entry:default@CreateModuleInfo' cost while wrapping incremental declarations: 1 ms 
[2026-06-22T22:10:15.297] [DEBUG] debug-file - entry : default@CreateModuleInfo cost memory 0.051605224609375
[2026-06-22T22:10:15.297] [DEBUG] debug-file - runTaskFromQueue task cost before running: 293 ms 
[2026-06-22T22:10:15.297] [INFO] debug-file - Finished :entry:default@CreateModuleInfo... after 1 ms 
[2026-06-22T22:10:15.298] [DEBUG] debug-file - Executing task :entry:default@GenerateMetadata
[2026-06-22T22:10:15.298] [DEBUG] debug-file - Task 'entry:default@GenerateMetadata' cost while wrapping incremental declarations: 1 ms 
[2026-06-22T22:10:15.298] [DEBUG] debug-file - entry:default@GenerateMetadata is not up-to-date, since the input file 'D:\audio-format-switch-master\audio-format-switch-master\entry\src\main\module.json5' has been changed.
[2026-06-22T22:10:15.298] [DEBUG] debug-file - Incremental task entry:default@GenerateMetadata pre-execution cost: 1 ms .
[2026-06-22T22:10:15.299] [DEBUG] debug-file - entry : default@GenerateMetadata cost memory 0.10300445556640625
[2026-06-22T22:10:15.299] [DEBUG] debug-file - runTaskFromQueue task cost before running: 296 ms 
[2026-06-22T22:10:15.299] [INFO] debug-file - Finished :entry:default@GenerateMetadata... after 2 ms 
[2026-06-22T22:10:15.300] [DEBUG] debug-file - Executing task :entry:default@ConfigureCmake
[2026-06-22T22:10:15.300] [DEBUG] debug-file - entry : default@ConfigureCmake cost memory 0.01760101318359375
[2026-06-22T22:10:15.300] [DEBUG] debug-file - runTaskFromQueue task cost before running: 296 ms 
[2026-06-22T22:10:15.300] [INFO] debug-file - Finished :entry:default@ConfigureCmake... after 1 ms 
[2026-06-22T22:10:15.301] [DEBUG] debug-file - Executing task :entry:default@MergeProfile
[2026-06-22T22:10:15.301] [DEBUG] debug-file - Task 'entry:default@MergeProfile' cost while wrapping incremental declarations: 1 ms 
[2026-06-22T22:10:15.301] [DEBUG] debug-file - entry:default@MergeProfile is not up-to-date, since the input file 'D:\audio-format-switch-master\audio-format-switch-master\entry\src\main\module.json5' has been changed.
[2026-06-22T22:10:15.301] [DEBUG] debug-file - Incremental task entry:default@MergeProfile pre-execution cost: 1 ms .
[2026-06-22T22:10:15.302] [DEBUG] debug-file - Change app api release type with 'Release'
[2026-06-22T22:10:15.302] [DEBUG] debug-file - Change app compile API version with '6.1.0.105'
[2026-06-22T22:10:15.302] [DEBUG] debug-file - Change app target API version with '60000020'
[2026-06-22T22:10:15.302] [DEBUG] debug-file - Change app minimum API version with '60000020'
[2026-06-22T22:10:15.302] [DEBUG] debug-file - Use cli appEnvironment
[2026-06-22T22:10:15.304] [DEBUG] debug-file - entry : default@MergeProfile cost memory 0.27693939208984375
[2026-06-22T22:10:15.304] [DEBUG] debug-file - runTaskFromQueue task cost before running: 301 ms 
[2026-06-22T22:10:15.304] [INFO] debug-file - Finished :entry:default@MergeProfile... after 4 ms 
[2026-06-22T22:10:15.305] [DEBUG] debug-file - Executing task :entry:default@CreateBuildProfile
[2026-06-22T22:10:15.305] [DEBUG] debug-file - Task 'entry:default@CreateBuildProfile' cost while wrapping incremental declarations: 1 ms 
[2026-06-22T22:10:15.306] [DEBUG] debug-file - Incremental task entry:default@CreateBuildProfile pre-execution cost: 1 ms .
[2026-06-22T22:10:15.306] [DEBUG] debug-file - entry : default@CreateBuildProfile cost memory 0.11374664306640625
[2026-06-22T22:10:15.306] [INFO] debug-file - UP-TO-DATE :entry:default@CreateBuildProfile...  
[2026-06-22T22:10:15.307] [DEBUG] debug-file - Executing task :entry:default@PreCheckSyscap
[2026-06-22T22:10:15.307] [DEBUG] debug-file - entry : default@PreCheckSyscap cost memory 0.01570892333984375
[2026-06-22T22:10:15.307] [DEBUG] debug-file - runTaskFromQueue task cost before running: 303 ms 
[2026-06-22T22:10:15.307] [INFO] debug-file - Finished :entry:default@PreCheckSyscap... after 1 ms 
[2026-06-22T22:10:15.307] [DEBUG] debug-file - Executing task :entry:default@GeneratePkgContextInfo
[2026-06-22T22:10:15.309] [DEBUG] debug-file - Task 'entry:default@GeneratePkgContextInfo' cost while wrapping incremental declarations: 1 ms 
[2026-06-22T22:10:15.310] [DEBUG] debug-file - Incremental task entry:default@GeneratePkgContextInfo pre-execution cost: 1 ms .
[2026-06-22T22:10:15.310] [DEBUG] debug-file - entry : default@GeneratePkgContextInfo cost memory 0.25115966796875
[2026-06-22T22:10:15.310] [INFO] debug-file - UP-TO-DATE :entry:default@GeneratePkgContextInfo...  
[2026-06-22T22:10:15.310] [DEBUG] debug-file - Executing task :entry:default@GeneratePkgSdkInfo
[2026-06-22T22:10:15.311] [DEBUG] debug-file - Task 'entry:default@GeneratePkgSdkInfo' cost while wrapping incremental declarations: 1 ms 
[2026-06-22T22:10:15.311] [DEBUG] debug-file - entry : default@GeneratePkgSdkInfo cost memory 0.10253143310546875
[2026-06-22T22:10:15.311] [DEBUG] debug-file - runTaskFromQueue task cost before running: 308 ms 
[2026-06-22T22:10:15.311] [INFO] debug-file - Finished :entry:default@GeneratePkgSdkInfo... after 2 ms 
[2026-06-22T22:10:15.313] [DEBUG] debug-file - Executing task :entry:default@ProcessIntegratedHsp
[2026-06-22T22:10:15.313] [DEBUG] debug-file - entry:default@ProcessIntegratedHsp is not up-to-date, since the output file 'D:\audio-format-switch-master\audio-format-switch-master\build\cache\default\integrated_hsp\integratedHspCache.json' does not exist.
[2026-06-22T22:10:15.313] [DEBUG] debug-file - Incremental task entry:default@ProcessIntegratedHsp pre-execution cost: 1 ms .
[2026-06-22T22:10:15.313] [DEBUG] debug-file - entry : default@ProcessIntegratedHsp cost memory 0.06786346435546875
[2026-06-22T22:10:15.313] [DEBUG] debug-file - runTaskFromQueue task cost before running: 310 ms 
[2026-06-22T22:10:15.313] [INFO] debug-file - Finished :entry:default@ProcessIntegratedHsp... after 1 ms 
[2026-06-22T22:10:15.314] [DEBUG] debug-file - Executing task :entry:default@BuildNativeWithCmake
[2026-06-22T22:10:15.314] [DEBUG] debug-file - entry : default@BuildNativeWithCmake cost memory 0.0154876708984375
[2026-06-22T22:10:15.314] [DEBUG] debug-file - runTaskFromQueue task cost before running: 310 ms 
[2026-06-22T22:10:15.314] [INFO] debug-file - Finished :entry:default@BuildNativeWithCmake... after 1 ms 
[2026-06-22T22:10:15.314] [DEBUG] debug-file - Executing task :entry:default@MakePackInfo
[2026-06-22T22:10:15.315] [DEBUG] debug-file - entry:default@MakePackInfo is not up-to-date, since the input file 'D:\audio-format-switch-master\audio-format-switch-master\entry\src\main\module.json5' has been changed.
[2026-06-22T22:10:15.315] [DEBUG] debug-file - Incremental task entry:default@MakePackInfo pre-execution cost: 1 ms .
[2026-06-22T22:10:15.316] [DEBUG] debug-file - Module Pack Info:  {
  summary: {
    app: { bundleName: 'c***h', bundleType: 'app', version: [Object] },
    modules: [ [Object] ]
  },
  packages: [
    {
      deviceType: [Array],
      moduleType: 'entry',
      deliveryWithInstall: true,
      name: 'entry-default'
    }
  ]
}
[2026-06-22T22:10:15.317] [DEBUG] debug-file - entry : default@MakePackInfo cost memory 0.1763458251953125
[2026-06-22T22:10:15.317] [DEBUG] debug-file - runTaskFromQueue task cost before running: 313 ms 
[2026-06-22T22:10:15.317] [INFO] debug-file - Finished :entry:default@MakePackInfo... after 3 ms 
[2026-06-22T22:10:15.318] [DEBUG] debug-file - Executing task :entry:default@SyscapTransform
[2026-06-22T22:10:15.319] [DEBUG] debug-file - File: 'D:\audio-format-switch-master\audio-format-switch-master\entry\src\main\syscap.json' from 'sysCapJsonPath' is not exists, just ignore.
[2026-06-22T22:10:15.319] [DEBUG] debug-file - Task 'entry:default@SyscapTransform' cost while wrapping incremental declarations: 1 ms 
[2026-06-22T22:10:15.321] [DEBUG] debug-file - entry:default@SyscapTransform is not up-to-date, since the output file 'D:\audio-format-switch-master\audio-format-switch-master\entry\build\default\intermediates\syscap\default\rpcid.sc' does not exist.
[2026-06-22T22:10:15.321] [DEBUG] debug-file - Incremental task entry:default@SyscapTransform pre-execution cost: 2 ms .
[2026-06-22T22:10:15.321] [DEBUG] debug-file - entry : default@SyscapTransform cost memory 0.28931427001953125
[2026-06-22T22:10:15.321] [DEBUG] debug-file - runTaskFromQueue task cost before running: 317 ms 
[2026-06-22T22:10:15.321] [INFO] debug-file - Finished :entry:default@SyscapTransform... after 3 ms 
[2026-06-22T22:10:15.322] [DEBUG] debug-file - Executing task :entry:default@ProcessProfile
[2026-06-22T22:10:15.323] [DEBUG] debug-file - Task 'entry:default@ProcessProfile' cost while wrapping incremental declarations: 1 ms 
[2026-06-22T22:10:15.323] [DEBUG] debug-file - entry:default@ProcessProfile is not up-to-date, since the input file 'D:\audio-format-switch-master\audio-format-switch-master\entry\build\default\intermediates\merge_profile\default\module.json' has been changed.
[2026-06-22T22:10:15.323] [DEBUG] debug-file - Incremental task entry:default@ProcessProfile pre-execution cost: 1 ms .
[2026-06-22T22:10:15.325] [DEBUG] debug-file - [
  'E:\\DevEco Studio\\tools\\node\\node.exe',
  'E:\\DevEco Studio\\sdk\\default\\openharmony\\ets\\build-tools\\ets-loader\\bin\\ark\\ts2abc.js',
  '--target-api-version',
  '20'
]
[2026-06-22T22:10:15.438] [DEBUG] debug-file - 13.0.1.0
[2026-06-22T22:10:15.439] [DEBUG] debug-file - No need to add fake ui ability because of not in preview process.
[2026-06-22T22:10:15.439] [DEBUG] debug-file - entry : default@ProcessProfile cost memory 2.0957183837890625
[2026-06-22T22:10:15.440] [DEBUG] debug-file - runTaskFromQueue task cost before running: 436 ms 
[2026-06-22T22:10:15.440] [INFO] debug-file - Finished :entry:default@ProcessProfile... after 118 ms 
[2026-06-22T22:10:15.441] [DEBUG] debug-file - Executing task :entry:default@ProcessRouterMap
[2026-06-22T22:10:15.442] [DEBUG] debug-file - entry:default@ProcessRouterMap is not up-to-date, since the input file 'D:\audio-format-switch-master\audio-format-switch-master\entry\src\main\module.json5' has been changed.
[2026-06-22T22:10:15.442] [DEBUG] debug-file - Incremental task entry:default@ProcessRouterMap pre-execution cost: 1 ms .
[2026-06-22T22:10:15.442] [DEBUG] debug-file - entry : default@ProcessRouterMap cost memory 0.1439208984375
[2026-06-22T22:10:15.443] [DEBUG] debug-file - runTaskFromQueue task cost before running: 439 ms 
[2026-06-22T22:10:15.443] [INFO] debug-file - Finished :entry:default@ProcessRouterMap... after 3 ms 
[2026-06-22T22:10:15.444] [DEBUG] debug-file - Executing task :entry:default@ProcessShareConfig
[2026-06-22T22:10:15.445] [DEBUG] debug-file - entry:default@ProcessShareConfig is not up-to-date, since the input file 'D:\audio-format-switch-master\audio-format-switch-master\entry\src\main\module.json5' has been changed.
[2026-06-22T22:10:15.445] [DEBUG] debug-file - Incremental task entry:default@ProcessShareConfig pre-execution cost: 1 ms .
[2026-06-22T22:10:15.445] [DEBUG] debug-file - entry : default@ProcessShareConfig cost memory 0.1275482177734375
[2026-06-22T22:10:15.445] [DEBUG] debug-file - runTaskFromQueue task cost before running: 442 ms 
[2026-06-22T22:10:15.446] [INFO] debug-file - Finished :entry:default@ProcessShareConfig... after 2 ms 
[2026-06-22T22:10:15.447] [DEBUG] debug-file - Executing task :entry:default@ProcessStartupConfig
[2026-06-22T22:10:15.447] [DEBUG] debug-file - Task 'entry:default@ProcessStartupConfig' cost while wrapping incremental declarations: 1 ms 
[2026-06-22T22:10:15.447] [DEBUG] debug-file - entry:default@ProcessStartupConfig is not up-to-date, since the output file 'D:\audio-format-switch-master\audio-format-switch-master\entry\build\default\intermediates\startup\default\startup_config.json' does not exist.
[2026-06-22T22:10:15.447] [DEBUG] debug-file - Incremental task entry:default@ProcessStartupConfig pre-execution cost: 1 ms .
[2026-06-22T22:10:15.448] [DEBUG] debug-file - entry : default@ProcessStartupConfig cost memory 0.1326751708984375
[2026-06-22T22:10:15.448] [DEBUG] debug-file - runTaskFromQueue task cost before running: 444 ms 
[2026-06-22T22:10:15.448] [INFO] debug-file - Finished :entry:default@ProcessStartupConfig... after 2 ms 
[2026-06-22T22:10:15.449] [DEBUG] debug-file - Executing task :entry:default@BuildNativeWithNinja
[2026-06-22T22:10:15.449] [DEBUG] debug-file - entry : default@BuildNativeWithNinja cost memory 0.02178955078125
[2026-06-22T22:10:15.449] [DEBUG] debug-file - runTaskFromQueue task cost before running: 446 ms 
[2026-06-22T22:10:15.450] [INFO] debug-file - Finished :entry:default@BuildNativeWithNinja... after 1 ms 
[2026-06-22T22:10:15.450] [DEBUG] debug-file - restool module names: entry; moduleName=entry, taskName=default@ProcessResource
[2026-06-22T22:10:15.451] [DEBUG] debug-file - Executing task :entry:default@ProcessResource
[2026-06-22T22:10:15.451] [DEBUG] debug-file - Task 'entry:default@ProcessResource' cost while wrapping incremental declarations: 1 ms 
[2026-06-22T22:10:15.452] [DEBUG] debug-file - Incremental task entry:default@ProcessResource pre-execution cost: 1 ms .
[2026-06-22T22:10:15.452] [DEBUG] debug-file - entry : default@ProcessResource cost memory 0.15923309326171875
[2026-06-22T22:10:15.453] [INFO] debug-file - UP-TO-DATE :entry:default@ProcessResource...  
[2026-06-22T22:10:15.454] [DEBUG] debug-file - Executing task :entry:default@GenerateLoaderJson
[2026-06-22T22:10:15.455] [DEBUG] debug-file - Task 'entry:default@GenerateLoaderJson' cost while wrapping incremental declarations: 1 ms 
[2026-06-22T22:10:15.461] [DEBUG] debug-file - entry:default@GenerateLoaderJson is not up-to-date, since the input file 'D:\audio-format-switch-master\audio-format-switch-master\entry\build\default\intermediates\router_map\default\temp-router-map.json' has been changed.
[2026-06-22T22:10:15.461] [DEBUG] debug-file - Incremental task entry:default@GenerateLoaderJson pre-execution cost: 5 ms .
[2026-06-22T22:10:15.464] [DEBUG] debug-file - entry : default@GenerateLoaderJson cost memory -4.982170104980469
[2026-06-22T22:10:15.464] [DEBUG] debug-file - runTaskFromQueue task cost before running: 460 ms 
[2026-06-22T22:10:15.466] [INFO] debug-file - Finished :entry:default@GenerateLoaderJson... after 10 ms 
[2026-06-22T22:10:15.466] [DEBUG] debug-file - Executing task :entry:default@ProcessLibs
[2026-06-22T22:10:15.467] [DEBUG] debug-file - Incremental task entry:default@ProcessLibs pre-execution cost: 1 ms .
[2026-06-22T22:10:15.467] [DEBUG] debug-file - entry : default@ProcessLibs cost memory 0.10516357421875
[2026-06-22T22:10:15.468] [INFO] debug-file - UP-TO-DATE :entry:default@ProcessLibs...  
[2026-06-22T22:10:15.468] [DEBUG] debug-file - restool module names: entry; moduleName=entry, taskName=default@CompileResource
[2026-06-22T22:10:15.468] [DEBUG] debug-file - Executing task :entry:default@CompileResource
[2026-06-22T22:10:15.474] [DEBUG] debug-file - entry:default@CompileResource is not up-to-date, since the input file 'D:\audio-format-switch-master\audio-format-switch-master\entry\build\default\intermediates\process_profile\default\module.json' has been changed.
[2026-06-22T22:10:15.474] [DEBUG] debug-file - Incremental task entry:default@CompileResource pre-execution cost: 6 ms .
[2026-06-22T22:10:15.477] [DEBUG] debug-file - Use tool [E:\DevEco Studio\sdk\default\openharmony\toolchains\restool.exe]
 [
  'E:\\DevEco Studio\\sdk\\default\\openharmony\\toolchains\\restool.exe',
  '-l',
  'D:\\audio-format-switch-master\\audio-format-switch-master\\entry\\build\\default\\intermediates\\res\\default\\resConfig.json'
]
[2026-06-22T22:10:15.478] [DEBUG] debug-file - current process  memoryUsage: {
  rss: 406470656,
  heapTotal: 156889088,
  heapUsed: 119665736,
  external: 3123437,
  arrayBuffers: 95764
} os memoryUsage :13.678577423095703
[2026-06-22T22:10:15.611] [DEBUG] debug-file - Info: Pack: normal pack mode

[2026-06-22T22:10:15.989] [DEBUG] debug-file - Info: hardware concurrency count is : 24
Info: thread count is : 24

[2026-06-22T22:10:15.989] [DEBUG] debug-file - Info: thread pool is started

[2026-06-22T22:10:15.989] [DEBUG] debug-file - Info: GenericCompiler::CompileFiles

[2026-06-22T22:10:16.006] [DEBUG] debug-file - Info: GenericCompiler::CompileFiles
Warning: 'D:\audio-format-switch-master\audio-format-switch-master\entry\src\main\resources\base\media\background.png' is defined repeatedly.

[2026-06-22T22:10:16.007] [DEBUG] debug-file - Warning: 'D:\audio-format-switch-master\audio-format-switch-master\entry\src\main\resources\base\media\foreground.png' is defined repeatedly.
Warning: 'D:\audio-format-switch-master\audio-format-switch-master\entry\src\main\resources\base\media\layered_image.json' is defined repeatedly.

[2026-06-22T22:10:16.028] [DEBUG] debug-file - Info: GenericCompiler::CompileFiles

[2026-06-22T22:10:16.043] [DEBUG] debug-file - 06-22 22:10:16.043 18496 32228 E C01400/ImageTranscoderUtils: DecodeToRGBA IN
06-22 22:10:16.043 18496 32228 E C01400/ImageTranscoderUtils: ImageFilter IN D:\audio-format-switch-master\audio-format-switch-master\AppScope\resources\base\media\background.png

[2026-06-22T22:10:16.089] [DEBUG] debug-file - 06-22 22:10:16.090 18496 32228 E C01400/ImageTranscoderUtils: DecodeToRGBA IN
06-22 22:10:16.090 18496 32228 E C01400/ImageTranscoderUtils: ImageFilter IN D:\audio-format-switch-master\audio-format-switch-master\AppScope\resources\base\media\foreground.png

[2026-06-22T22:10:16.118] [DEBUG] debug-file - Info: can't scale media json file.

[2026-06-22T22:10:16.119] [DEBUG] debug-file - Warning: The width or height of the png file referenced by the icon exceeds the limit (41 pixels)
at D:\audio-format-switch-master\audio-format-switch-master\AppScope\resources\base\media\background.png
Warning: The width or height of the png file referenced by the icon exceeds the limit (41 pixels)
at D:\audio-format-switch-master\audio-format-switch-master\AppScope\resources\base\media\foreground.png
Warning: D:\audio-format-switch-master\audio-format-switch-master\AppScope\resources\base\media\layered_image.json is not png format

[2026-06-22T22:10:16.126] [DEBUG] debug-file - Info: restool resources compile success.

[2026-06-22T22:10:16.127] [DEBUG] debug-file - Info: thread pool is stopped

[2026-06-22T22:10:16.191] [DEBUG] debug-file - entry : default@CompileResource cost memory 1.4192276000976562
[2026-06-22T22:10:16.191] [DEBUG] debug-file - runTaskFromQueue task cost before running: 1 s 188 ms 
[2026-06-22T22:10:16.192] [INFO] debug-file - Finished :entry:default@CompileResource... after 723 ms 
[2026-06-22T22:10:16.193] [DEBUG] debug-file - Executing task :entry:default@DoNativeStrip
[2026-06-22T22:10:16.193] [DEBUG] debug-file - File: 'D:\audio-format-switch-master\audio-format-switch-master\entry\build\default\intermediates\binxo\default' from 'doBinxoNativeLibs' is not exists, just ignore.
[2026-06-22T22:10:16.193] [DEBUG] debug-file - Task 'entry:default@DoNativeStrip' cost while wrapping incremental declarations: 1 ms 
[2026-06-22T22:10:16.193] [DEBUG] debug-file - Incremental task entry:default@DoNativeStrip pre-execution cost: 1 ms .
[2026-06-22T22:10:16.193] [DEBUG] debug-file - entry : default@DoNativeStrip cost memory 0.10900115966796875
[2026-06-22T22:10:16.194] [INFO] debug-file - UP-TO-DATE :entry:default@DoNativeStrip...  
[2026-06-22T22:10:16.194] [DEBUG] debug-file - Executing task :entry:default@CompileArkTS
[2026-06-22T22:10:16.195] [DEBUG] debug-file - obfuscationOptions: undefined
[2026-06-22T22:10:16.195] [DEBUG] debug-file - Task 'entry:default@CompileArkTS' cost while wrapping incremental declarations: 1 ms 
[2026-06-22T22:10:16.197] [DEBUG] debug-file - entry:default@CompileArkTS is not up-to-date, since the input file 'D:\audio-format-switch-master\audio-format-switch-master\entry\build\default\intermediates\loader\default' has been changed.
[2026-06-22T22:10:16.197] [DEBUG] debug-file - Incremental task entry:default@CompileArkTS pre-execution cost: 2 ms .
[2026-06-22T22:10:16.203] [DEBUG] debug-file - build config:
[2026-06-22T22:10:16.203] [DEBUG] debug-file - {
  moduleType: 'entry',
  perf: 0,
  targetName: '.default',
  packageManagerType: 'ohpm',
  localPropertiesPath: 'D:\\audio-format-switch-master\\audio-format-switch-master\\local.properties',
  isPreview: false,
  isOhosTest: false,
  isLocalTest: false,
  buildMode: 'Debug',
  hotReloadBuild: undefined,
  watchMode: 'false',
  aceProfilePath: 'D:\\audio-format-switch-master\\audio-format-switch-master\\entry\\build\\default\\intermediates\\res\\default\\resources\\base\\profile',
  etsLoaderPath: 'E:\\DevEco Studio\\sdk\\default\\openharmony\\ets\\build-tools\\ets-loader',
  modulePath: 'D:\\audio-format-switch-master\\audio-format-switch-master\\entry',
  testFrameworkPar: {
    testMode: undefined,
    coveragePathFilter: undefined,
    coverageMode: undefined
  },
  needCoverageInsert: false,
  debugLine: false,
  projectTopDir: 'D:\\audio-format-switch-master\\audio-format-switch-master',
  compileSdkVersion: 23,
  compatibleSdkVersion: 20,
  originCompatibleSdkVersion: '6.0.0(20)',
  compatibleSdkVersionStage: undefined,
  bundleName: 'c***h',
  etsLoaderVersion: '6.1.0.105',
  etsLoaderReleaseType: 'Release',
  aotCompileMode: 'type',
  apPath: 'D:\\audio-format-switch-master\\audio-format-switch-master\\entry\\modules.ap',
  entryModuleName: 'entry',
  entryModuleVersion: '1.0.0',
  entryPackageName: 'entry',
  allModuleNameHash: 'be3e1490a19bd8d07662eb3de867532949623b451f558485d971c2f27ee92973',
  externalApiPaths: [ 'E:\\DevEco Studio\\sdk\\default\\hms\\ets' ],
  compilerTypes: [],
  isCrossplatform: false,
  hvigorPluginFile: undefined,
  compilePluginPath: undefined,
  buildGeneratedProfilePath: 'D:\\audio-format-switch-master\\audio-format-switch-master\\entry\\build\\default\\generated\\profile\\default',
  bundleType: 'app',
  arkTSVersion: undefined,
  apiVersion: 23,
  needCompleteSourcesMap: false,
  isFaMode: false,
  buildDir: 'D:\\audio-format-switch-master\\audio-format-switch-master\\entry\\build',
  deviceTypes: [ 'phone' ],
  pkgContextInfo: {
    entry: {
      packageName: 'entry',
      bundleName: '*****',
      moduleName: '',
      version: '',
      entryPath: 'src/main/',
      isSO: false,
      dependencyAlias: ''
    }
  },
  ohPackagePathMap: {},
  dependencyAliasMap: {},
  permission: { requestPermissions: undefined, definePermissions: undefined },
  useGetCurrentBundleName: false,
  projectArkOption: undefined,
  sourceMapDir: undefined,
  branchElimination: false,
  transformLib: undefined,
  tsImportSendable: false,
  resolveConflictMode: true,
  depName2RootPath: {},
  depName2DepInfo: {},
  depName2OhExports: {},
  rootPathSet: [ 'D:\\audio-format-switch-master\\audio-format-switch-master' ],
  useNativeResolver: true,
  shouldEmitJs: true,
  useTscResolve: false,
  singleFileEmit: false,
  userProjectConfig: {
    autoLazyImport: false,
    allowEmptyBundleName: false,
    reExportCheckMode: 'noCheck',
    executionMode: 'memory',
    usePathPlaceholder: false,
    writeRollupCache: true,
    isExpandImportEnabled: false,
    expandImportExclude: '',
    lazyImportExclude: '',
    lazyImportInclude: '',
    ignoreCrossplatformCheck: false,
    isHarDeduplicateEnabled: false,
    skipOhModulesLint: false,
    enableStrictCheckOHModule: false,
    disableSendableCheckRules: [],
    useDeclarationFileSignature: false,
    customizedOptions: undefined,
    integratedHsp: false,
    isPreloadSoEnabled: false
  },
  executionMode: 'memory',
  arkCompileCachePath: 'D:\\audio-format-switch-master\\audio-format-switch-master\\entry\\build\\default\\cache\\default\\default@CompileArkTS\\esmodule',
  autoLazyFilter: undefined,
  isHarDeduplicateEnabled: false,
  intermediateHarDuplicateDirPath: 'D:\\audio-format-switch-master\\audio-format-switch-master\\entry\\build\\default\\intermediates\\har_duplicate\\default',
  autoLazyImport: false,
  allowEmptyBundleName: false,
  reExportCheckMode: 'noCheck',
  usePathPlaceholder: false,
  writeRollupCache: true,
  isExpandImportEnabled: false,
  expandImportExclude: '',
  lazyImportExclude: '',
  lazyImportInclude: '',
  ignoreCrossplatformCheck: false,
  skipOhModulesLint: false,
  enableStrictCheckOHModule: false,
  disableSendableCheckRules: [],
  useDeclarationFileSignature: false,
  customizedOptions: undefined,
  integratedHsp: false,
  isPreloadSoEnabled: false,
  strictMode: {
    caseSensitiveCheck: true,
    useNormalizedOHMUrl: true,
    noExternalImportByPath: true
  },
  useNormalizedOHMUrl: true,
  caseSensitiveCheck: true,
  aceModuleJsonPath: 'D:\\audio-format-switch-master\\audio-format-switch-master\\entry\\build\\default\\intermediates\\res\\default\\ark_module.json',
  appResource: 'D:\\audio-format-switch-master\\audio-format-switch-master\\entry\\build\\default\\intermediates\\res\\default\\ResourceTable.txt',
  rawFileResource: 'D:\\audio-format-switch-master\\audio-format-switch-master\\entry\\build\\default\\intermediates\\res\\default\\resources\\rawfile',
  resourceTableHash: '6c01846ec43f83dda3236b826ce3ee4717843f851a24bccd7722c8787b896537',
  runtimeOS: 'HarmonyOS',
  sdkInfo: 'false:23:6.1.0.105:Release',
  aceModuleRoot: 'D:\\audio-format-switch-master\\audio-format-switch-master\\entry\\src\\main\\ets',
  compileMode: 'esmodule',
  aceSuperVisualPath: 'D:\\audio-format-switch-master\\audio-format-switch-master\\entry\\src\\main\\supervisual',
  aceBuildJson: 'D:\\audio-format-switch-master\\audio-format-switch-master\\entry\\build\\default\\intermediates\\loader\\default\\loader.json',
  cachePath: 'D:\\audio-format-switch-master\\audio-format-switch-master\\entry\\build\\default\\cache\\default\\default@CompileArkTS\\esmodule\\debug',
  aceModuleBuild: 'D:\\audio-format-switch-master\\audio-format-switch-master\\entry\\build\\default\\intermediates\\loader_out\\default\\ets',
  supportChunks: true,
  declaredFilesPath: undefined,
  shouldCollectDirectImportees: false,
  isByteCodeHarOptimize: false,
  expandImportPath: undefined,
  resourceTableTs: 'D:\\audio-format-switch-master\\audio-format-switch-master\\entry\\build\\default\\generated\\r\\default\\ResourceTable.ts',
  moduleMetaInfoFiles: [
    {
      filePath: 'D:\\audio-format-switch-master\\audio-format-switch-master\\entry\\build\\default\\generated\\r\\default\\ResourceTable.ts',
      ohmurl: '&entry/build/generated/r/ResourceTable&'
    }
  ],
  pkgNameToPkgBriefInfo: {
    entry: {
      pkgRoot: 'D:\\audio-format-switch-master\\audio-format-switch-master\\entry',
      originalSourceRoots: undefined,
      sourceRoots: [Array],
      pkgName: 'entry'
    }
  },
  projectModel: {
    'D:\\audio-format-switch-master\\audio-format-switch-master\\entry\\src\\main': {
      moduleName: 'entry',
      modulePkgPath: 'D:\\audio-format-switch-master\\audio-format-switch-master\\entry',
      belongProjectPath: 'D:\\audio-format-switch-master\\audio-format-switch-master'
    },
    'D:\\audio-format-switch-master\\audio-format-switch-master\\entry': {
      moduleName: 'entry',
      modulePkgPath: 'D:\\audio-format-switch-master\\audio-format-switch-master\\entry',
      belongProjectPath: 'D:\\audio-format-switch-master\\audio-format-switch-master'
    },
    'D:\\audio-format-switch-master\\audio-format-switch-master': {
      moduleName: 'audio-format-switch-master',
      modulePkgPath: 'D:\\audio-format-switch-master\\audio-format-switch-master',
      belongProjectPath: 'D:\\audio-format-switch-master\\audio-format-switch-master'
    }
  },
  pkgJsonFileHash: '3988b0835bccf210dee13376ccba6999fb1b98adb421db068b476e7002ad0e2d',
  allModulePaths: [
    'D:\\audio-format-switch-master\\audio-format-switch-master\\entry'
  ],
  routerMap: {},
  obfuscationOptions: undefined,
  byteCodeHarToDependencyKeys: undefined,
  compileBlockPkg: [],
  mockParams: {
    decorator: '@MockSetup',
    packageName: '@ohos/hamock',
    etsSourceRootPath: 'src/main/ets',
    mockConfigPath: undefined,
    mockConfigKey2ModuleInfo: {},
    source2ModuleIdMap: {}
  },
  copyCodeResourceEnable: false,
  copyCodeResourceExcludes: [],
  copyCodeResourceIncludes: undefined,
  uiTransformOptimization: false,
  sdkPath: 'E:/DevEco Studio/sdk',
  needPreloadSoFileSet: {},
  preloadSoFilePath: 'D:\\audio-format-switch-master\\audio-format-switch-master\\entry\\build\\default\\intermediates\\preload\\default\\preload.json',
  useSourceHash: false,
  localModuleParamMap: {},
  otherPaths: {
    'entry/*': [
      '..\\*',
      '..\\..\\..\\build\\default\\generated\\profile\\default\\*'
    ]
  },
  collectImportersConfig: undefined
}
[2026-06-22T22:10:16.203] [DEBUG] debug-file - Compile arkts with external api path: E:\DevEco Studio\sdk\default\hms\ets
[2026-06-22T22:10:16.204] [DEBUG] debug-file - default@CompileArkTS work[3] is submitted.
[2026-06-22T22:10:16.204] [DEBUG] debug-file - default@CompileArkTS work[3] is pushed to ready queue.
[2026-06-22T22:10:16.204] [DEBUG] debug-file - A work dispatched to worker[23] failed because unable to get work from ready queue.
[2026-06-22T22:10:16.204] [DEBUG] debug-file - A work dispatched to worker[22] failed because unable to get work from ready queue.
[2026-06-22T22:10:16.204] [DEBUG] debug-file - A work dispatched to worker[21] failed because unable to get work from ready queue.
[2026-06-22T22:10:16.204] [DEBUG] debug-file - A work dispatched to worker[20] failed because unable to get work from ready queue.
[2026-06-22T22:10:16.204] [DEBUG] debug-file - A work dispatched to worker[19] failed because unable to get work from ready queue.
[2026-06-22T22:10:16.204] [DEBUG] debug-file - A work dispatched to worker[18] failed because unable to get work from ready queue.
[2026-06-22T22:10:16.204] [DEBUG] debug-file - A work dispatched to worker[17] failed because unable to get work from ready queue.
[2026-06-22T22:10:16.204] [DEBUG] debug-file - A work dispatched to worker[16] failed because unable to get work from ready queue.
[2026-06-22T22:10:16.204] [DEBUG] debug-file - A work dispatched to worker[15] failed because unable to get work from ready queue.
[2026-06-22T22:10:16.204] [DEBUG] debug-file - A work dispatched to worker[14] failed because unable to get work from ready queue.
[2026-06-22T22:10:16.204] [DEBUG] debug-file - A work dispatched to worker[13] failed because unable to get work from ready queue.
[2026-06-22T22:10:16.204] [DEBUG] debug-file - A work dispatched to worker[12] failed because unable to get work from ready queue.
[2026-06-22T22:10:16.204] [DEBUG] debug-file - A work dispatched to worker[11] failed because unable to get work from ready queue.
[2026-06-22T22:10:16.204] [DEBUG] debug-file - A work dispatched to worker[10] failed because unable to get work from ready queue.
[2026-06-22T22:10:16.204] [DEBUG] debug-file - A work dispatched to worker[9] failed because unable to get work from ready queue.
[2026-06-22T22:10:16.204] [DEBUG] debug-file - A work dispatched to worker[8] failed because unable to get work from ready queue.
[2026-06-22T22:10:16.204] [DEBUG] debug-file - A work dispatched to worker[7] failed because unable to get work from ready queue.
[2026-06-22T22:10:16.204] [DEBUG] debug-file - A work dispatched to worker[6] failed because unable to get work from ready queue.
[2026-06-22T22:10:16.204] [DEBUG] debug-file - A work dispatched to worker[5] failed because unable to get work from ready queue.
[2026-06-22T22:10:16.204] [DEBUG] debug-file - default@CompileArkTS work[3] has been dispatched to worker[4].
[2026-06-22T22:10:16.204] [DEBUG] debug-file - default@CompileArkTS work[3] is dispatched.
[2026-06-22T22:10:16.204] [DEBUG] debug-file - entry : default@CompileArkTS cost memory 1.3735198974609375
[2026-06-22T22:10:16.205] [DEBUG] debug-file - Executing task :entry:default@BuildJS
[2026-06-22T22:10:16.205] [DEBUG] debug-file - Task 'entry:default@BuildJS' cost while wrapping incremental declarations: 1 ms 
[2026-06-22T22:10:16.207] [DEBUG] debug-file - entry : default@BuildJS cost memory 0.1629638671875
[2026-06-22T22:10:16.207] [DEBUG] debug-file - runTaskFromQueue task cost before running: 1 s 203 ms 
[2026-06-22T22:10:16.207] [INFO] debug-file - Finished :entry:default@BuildJS... after 2 ms 
[2026-06-22T22:10:16.207] [DEBUG] debug-file - Executing task :entry:default@CacheNativeLibs
[2026-06-22T22:10:16.208] [DEBUG] debug-file - File: 'D:\audio-format-switch-master\audio-format-switch-master\entry\build\default\intermediates\binxo\default' from 'cacheBinxoNativeLibs' is not exists, just ignore.
[2026-06-22T22:10:16.208] [DEBUG] debug-file - Task 'entry:default@CacheNativeLibs' cost while wrapping incremental declarations: 1 ms 
[2026-06-22T22:10:16.208] [DEBUG] debug-file - Incremental task entry:default@CacheNativeLibs pre-execution cost: 1 ms .
[2026-06-22T22:10:16.209] [DEBUG] debug-file - entry : default@CacheNativeLibs cost memory 0.1243896484375
[2026-06-22T22:10:16.209] [INFO] debug-file - UP-TO-DATE :entry:default@CacheNativeLibs...  
[2026-06-22T22:10:17.621] [DEBUG] debug-file - Ark compile task finished.finished time is 1728559386877700
[2026-06-22T22:10:17.621] [DEBUG] debug-file - worker[4] has one work error.
[2026-06-22T22:10:17.621] [DEBUG] debug-file - default@CompileArkTS work[3] failed.
[2026-06-22T22:10:17.622] [ERROR] debug-file - Failed :entry:default@CompileArkTS... 
[2026-06-22T22:10:17.622] [WARN] debug-file - 
[33m1 WARN: [33m[33mArkTS:WARN: For details about ArkTS syntax errors, see FAQs[39m[39m
[2026-06-22T22:10:17.622] [DEBUG] debug-file - hvigor build process will be closed with an error.
[2026-06-22T22:10:17.636] [DEBUG] debug-file - ERROR: stacktrace = Error: ArkTS Compiler Error
[31m1 ERROR: [31m10605008 ArkTS Compiler Error
Error Message: Use explicit types instead of "any", "unknown" (arkts-no-any-unknown) At File: D:/audio-format-switch-master/audio-format-switch-master/entry/src/main/ets/entryability/EntryAbility.ets:92:13
[39m
[39m
[31m2 ERROR: [31m10605038 ArkTS Compiler Error
Error Message: Object literal must correspond to some explicitly declared class or interface (arkts-no-untyped-obj-literals) At File: D:/audio-format-switch-master/audio-format-switch-master/entry/src/main/ets/entryability/EntryAbility.ets:95:28
[39m
[39m
[31m3 ERROR: [31m10605008 ArkTS Compiler Error
Error Message: Use explicit types instead of "any", "unknown" (arkts-no-any-unknown) At File: D:/audio-format-switch-master/audio-format-switch-master/entry/src/main/ets/entryability/EntryAbility.ets:126:15
[39m
[39m
[31m4 ERROR: [31m10605008 ArkTS Compiler Error
Error Message: Use explicit types instead of "any", "unknown" (arkts-no-any-unknown) At File: D:/audio-format-switch-master/audio-format-switch-master/entry/src/main/ets/entryability/EntryAbility.ets:130:15
[39m
[39m
[31m5 ERROR: [31m10605008 ArkTS Compiler Error
Error Message: Use explicit types instead of "any", "unknown" (arkts-no-any-unknown) At File: D:/audio-format-switch-master/audio-format-switch-master/entry/src/main/ets/player/PlayerController.ets:219:34
[39m
[39m
[31m6 ERROR: [31m10605008 ArkTS Compiler Error
Error Message: Use explicit types instead of "any", "unknown" (arkts-no-any-unknown) At File: D:/audio-format-switch-master/audio-format-switch-master/entry/src/main/ets/player/PlayerController.ets:221:13
[39m
[39m
[31m7 ERROR: [31m10605008 ArkTS Compiler Error
Error Message: Use explicit types instead of "any", "unknown" (arkts-no-any-unknown) At File: D:/audio-format-switch-master/audio-format-switch-master/entry/src/main/ets/player/PlayerController.ets:248:37
[39m
[39m
[31m8 ERROR: [31m10605008 ArkTS Compiler Error
Error Message: Use explicit types instead of "any", "unknown" (arkts-no-any-unknown) At File: D:/audio-format-switch-master/audio-format-switch-master/entry/src/main/ets/player/PlayerController.ets:250:13
[39m
[39m
[31m9 ERROR: [31m10605008 ArkTS Compiler Error
Error Message: Use explicit types instead of "any", "unknown" (arkts-no-any-unknown) At File: D:/audio-format-switch-master/audio-format-switch-master/entry/src/main/ets/components/ControlAreaComponent.ets:689:13
[39m
[39m
[31m10 ERROR: [31m10605008 ArkTS Compiler Error
Error Message: Use explicit types instead of "any", "unknown" (arkts-no-any-unknown) At File: D:/audio-format-switch-master/audio-format-switch-master/entry/src/main/ets/components/ControlAreaComponent.ets:691:80
[39m
[39m
[31m11 ERROR: [31m10505001 ArkTS Compiler Error
Error Message: '"@kit.ArkData"' has no exported member named 'Preferences'. Did you mean 'preferences'? At File: D:/audio-format-switch-master/audio-format-switch-master/entry/src/main/ets/entryability/EntryAbility.ets:20:10
[39m
[39m
[31m12 ERROR: [31m10505001 ArkTS Compiler Error
Error Message: Property 'getPreferences' does not exist on type 'UIAbilityContext'. At File: D:/audio-format-switch-master/audio-format-switch-master/entry/src/main/ets/entryability/EntryAbility.ets:92:46
[39m
[39m
[31m13 ERROR: [31m10505001 ArkTS Compiler Error
Error Message: Property 'getPreferences' does not exist on type 'UIAbilityContext'. At File: D:/audio-format-switch-master/audio-format-switch-master/entry/src/main/ets/entryability/EntryAbility.ets:130:48
[39m
[39m
[31m14 ERROR: [31m10505001 ArkTS Compiler Error
Error Message: '"@kit.ArkData"' has no exported member named 'Preferences'. Did you mean 'preferences'? At File: D:/audio-format-switch-master/audio-format-switch-master/entry/src/main/ets/player/PlayerController.ets:22:10
[39m
[39m
[31m15 ERROR: [31m10505001 ArkTS Compiler Error
Error Message: The return type of an async function or method must be the global Promise<T> type. Did you mean to write 'Promise<void>'? At File: D:/audio-format-switch-master/audio-format-switch-master/entry/src/main/ets/components/ControlAreaComponent.ets:678:38
[39m
[39m
[31m16 ERROR: [31m10505001 ArkTS Compiler Error
Error Message: Property 'ability' does not exist on type 'Context'. At File: D:/audio-format-switch-master/audio-format-switch-master/entry/src/main/ets/components/ControlAreaComponent.ets:689:70
[39m
[39m
[31m17 ERROR: [31m10505001 ArkTS Compiler Error
Error Message: The return type of an async function or method must be the global Promise<T> type. Did you mean to write 'Promise<void>'? At File: D:/audio-format-switch-master/audio-format-switch-master/entry/src/main/ets/pages/Index.ets:236:45
[39m
[39m
[31mCOMPILE RESULT:FAIL {ERROR:18 WARN:1}[39m
    at runArkPack (E:\DevEco Studio\tools\hvigor\hvigor-ohos-plugin\node_modules\@ohos\hvigor-arkts-compose\dist\src\arkts-pack.js:1:5076)
ArkTSCompilerError: ArkTS Compiler Error
    at throwArkTsCompilerError (E:\DevEco Studio\tools\hvigor\hvigor-ohos-plugin\node_modules\@ohos\hvigor-arkts-compose\dist\src\data\compose-error.js:1:423)
    at throwErrorIfHasErrorInfo (E:\DevEco Studio\tools\hvigor\hvigor-ohos-plugin\node_modules\@ohos\hvigor-arkts-compose\dist\src\plugins\common-plugin.js:1:4894)
    at Object.handler (E:\DevEco Studio\tools\hvigor\hvigor-ohos-plugin\node_modules\@ohos\hvigor-arkts-compose\dist\src\plugins\common-plugin.js:1:2989)
    at E:\DevEco Studio\tools\hvigor\hvigor-ohos-plugin\node_modules\@ohos\hvigor-arkts-base\node_modules\rollup\dist\shared\rollup.js:27864:40
[2026-06-22T22:10:17.637] [ERROR] debug-file - Error: ArkTS Compiler Error
[31m1 ERROR: [31m10605008 ArkTS Compiler Error
Error Message: Use explicit types instead of "any", "unknown" (arkts-no-any-unknown) At File: D:/audio-format-switch-master/audio-format-switch-master/entry/src/main/ets/entryability/EntryAbility.ets:92:13
[39m
[39m
[31m2 ERROR: [31m10605038 ArkTS Compiler Error
Error Message: Object literal must correspond to some explicitly declared class or interface (arkts-no-untyped-obj-literals) At File: D:/audio-format-switch-master/audio-format-switch-master/entry/src/main/ets/entryability/EntryAbility.ets:95:28
[39m
[39m
[31m3 ERROR: [31m10605008 ArkTS Compiler Error
Error Message: Use explicit types instead of "any", "unknown" (arkts-no-any-unknown) At File: D:/audio-format-switch-master/audio-format-switch-master/entry/src/main/ets/entryability/EntryAbility.ets:126:15
[39m
[39m
[31m4 ERROR: [31m10605008 ArkTS Compiler Error
Error Message: Use explicit types instead of "any", "unknown" (arkts-no-any-unknown) At File: D:/audio-format-switch-master/audio-format-switch-master/entry/src/main/ets/entryability/EntryAbility.ets:130:15
[39m
[39m
[31m5 ERROR: [31m10605008 ArkTS Compiler Error
Error Message: Use explicit types instead of "any", "unknown" (arkts-no-any-unknown) At File: D:/audio-format-switch-master/audio-format-switch-master/entry/src/main/ets/player/PlayerController.ets:219:34
[39m
[39m
[31m6 ERROR: [31m10605008 ArkTS Compiler Error
Error Message: Use explicit types instead of "any", "unknown" (arkts-no-any-unknown) At File: D:/audio-format-switch-master/audio-format-switch-master/entry/src/main/ets/player/PlayerController.ets:221:13
[39m
[39m
[31m7 ERROR: [31m10605008 ArkTS Compiler Error
Error Message: Use explicit types instead of "any", "unknown" (arkts-no-any-unknown) At File: D:/audio-format-switch-master/audio-format-switch-master/entry/src/main/ets/player/PlayerController.ets:248:37
[39m
[39m
[31m8 ERROR: [31m10605008 ArkTS Compiler Error
Error Message: Use explicit types instead of "any", "unknown" (arkts-no-any-unknown) At File: D:/audio-format-switch-master/audio-format-switch-master/entry/src/main/ets/player/PlayerController.ets:250:13
[39m
[39m
[31m9 ERROR: [31m10605008 ArkTS Compiler Error
Error Message: Use explicit types instead of "any", "unknown" (arkts-no-any-unknown) At File: D:/audio-format-switch-master/audio-format-switch-master/entry/src/main/ets/components/ControlAreaComponent.ets:689:13
[39m
[39m
[31m10 ERROR: [31m10605008 ArkTS Compiler Error
Error Message: Use explicit types instead of "any", "unknown" (arkts-no-any-unknown) At File: D:/audio-format-switch-master/audio-format-switch-master/entry/src/main/ets/components/ControlAreaComponent.ets:691:80
[39m
[39m
[31m11 ERROR: [31m10505001 ArkTS Compiler Error
Error Message: '"@kit.ArkData"' has no exported member named 'Preferences'. Did you mean 'preferences'? At File: D:/audio-format-switch-master/audio-format-switch-master/entry/src/main/ets/entryability/EntryAbility.ets:20:10
[39m
[39m
[31m12 ERROR: [31m10505001 ArkTS Compiler Error
Error Message: Property 'getPreferences' does not exist on type 'UIAbilityContext'. At File: D:/audio-format-switch-master/audio-format-switch-master/entry/src/main/ets/entryability/EntryAbility.ets:92:46
[39m
[39m
[31m13 ERROR: [31m10505001 ArkTS Compiler Error
Error Message: Property 'getPreferences' does not exist on type 'UIAbilityContext'. At File: D:/audio-format-switch-master/audio-format-switch-master/entry/src/main/ets/entryability/EntryAbility.ets:130:48
[39m
[39m
[31m14 ERROR: [31m10505001 ArkTS Compiler Error
Error Message: '"@kit.ArkData"' has no exported member named 'Preferences'. Did you mean 'preferences'? At File: D:/audio-format-switch-master/audio-format-switch-master/entry/src/main/ets/player/PlayerController.ets:22:10
[39m
[39m
[31m15 ERROR: [31m10505001 ArkTS Compiler Error
Error Message: The return type of an async function or method must be the global Promise<T> type. Did you mean to write 'Promise<void>'? At File: D:/audio-format-switch-master/audio-format-switch-master/entry/src/main/ets/components/ControlAreaComponent.ets:678:38
[39m
[39m
[31m16 ERROR: [31m10505001 ArkTS Compiler Error
Error Message: Property 'ability' does not exist on type 'Context'. At File: D:/audio-format-switch-master/audio-format-switch-master/entry/src/main/ets/components/ControlAreaComponent.ets:689:70
[39m
[39m
[31m17 ERROR: [31m10505001 ArkTS Compiler Error
Error Message: The return type of an async function or method must be the global Promise<T> type. Did you mean to write 'Promise<void>'? At File: D:/audio-format-switch-master/audio-format-switch-master/entry/src/main/ets/pages/Index.ets:236:45
[39m
[39m
[31mCOMPILE RESULT:FAIL {ERROR:18 WARN:1}[39m
    at runArkPack (E:\DevEco Studio\tools\hvigor\hvigor-ohos-plugin\node_modules\@ohos\hvigor-arkts-compose\dist\src\arkts-pack.js:1:5076)
ArkTSCompilerError: ArkTS Compiler Error
    at throwArkTsCompilerError (E:\DevEco Studio\tools\hvigor\hvigor-ohos-plugin\node_modules\@ohos\hvigor-arkts-compose\dist\src\data\compose-error.js:1:423)
    at throwErrorIfHasErrorInfo (E:\DevEco Studio\tools\hvigor\hvigor-ohos-plugin\node_modules\@ohos\hvigor-arkts-compose\dist\src\plugins\common-plugin.js:1:4894)
    at Object.handler (E:\DevEco Studio\tools\hvigor\hvigor-ohos-plugin\node_modules\@ohos\hvigor-arkts-compose\dist\src\plugins\common-plugin.js:1:2989)
    at E:\DevEco Studio\tools\hvigor\hvigor-ohos-plugin\node_modules\@ohos\hvigor-arkts-base\node_modules\rollup\dist\shared\rollup.js:27864:40
[2026-06-22T22:10:17.648] [ERROR] debug-file - BUILD FAILED in 2 s 644 ms 
[2026-06-22T22:10:17.648] [DEBUG] debug-file - Update task entry:default@PreBuild input file:D:\audio-format-switch-master\audio-format-switch-master\AppScope\app.json5 cache by regenerate.
[2026-06-22T22:10:17.649] [DEBUG] debug-file - Update task entry:default@PreBuild input file:D:\audio-format-switch-master\audio-format-switch-master\entry\src\main\module.json5 cache from map.
[2026-06-22T22:10:17.649] [DEBUG] debug-file - Update task entry:default@PreBuild input file:D:\audio-format-switch-master\audio-format-switch-master\build-profile.json5 cache by regenerate.
[2026-06-22T22:10:17.649] [DEBUG] debug-file - Update task entry:default@PreBuild input file:D:\audio-format-switch-master\audio-format-switch-master\entry\build-profile.json5 cache by regenerate.
[2026-06-22T22:10:17.649] [DEBUG] debug-file - Update task entry:default@PreBuild input file:D:\audio-format-switch-master\audio-format-switch-master\entry\src\main\resources\base\profile\main_pages.json cache by regenerate.
[2026-06-22T22:10:17.649] [DEBUG] debug-file - Update task entry:default@PreBuild input file:D:\audio-format-switch-master\audio-format-switch-master\hvigor\hvigor-config.json5 cache by regenerate.
[2026-06-22T22:10:17.649] [DEBUG] debug-file - Update task entry:default@PreBuild input file:D:\audio-format-switch-master\audio-format-switch-master\entry\oh-package.json5 cache by regenerate.
[2026-06-22T22:10:17.649] [DEBUG] debug-file - Update task entry:default@PreBuild input file:D:\audio-format-switch-master\audio-format-switch-master\oh-package.json5 cache by regenerate.
[2026-06-22T22:10:17.649] [DEBUG] debug-file - Incremental task entry:default@PreBuild post-execution cost:2 ms .
[2026-06-22T22:10:17.649] [DEBUG] debug-file - Update task entry:default@CreateModuleInfo output file:D:\audio-format-switch-master\audio-format-switch-master\entry\build\default\generated\profile\default\ModuleInfo.ts cache.
[2026-06-22T22:10:17.649] [DEBUG] debug-file - Incremental task entry:default@CreateModuleInfo post-execution cost:1 ms .
[2026-06-22T22:10:17.650] [DEBUG] debug-file - Update task entry:default@GenerateMetadata input file:D:\audio-format-switch-master\audio-format-switch-master\entry\src\main\module.json5 cache from map.
[2026-06-22T22:10:17.650] [DEBUG] debug-file - Update task entry:default@GenerateMetadata output file:D:\audio-format-switch-master\audio-format-switch-master\entry\build\default\intermediates\hap_metadata\default\output_metadata.json cache.
[2026-06-22T22:10:17.650] [DEBUG] debug-file - Incremental task entry:default@GenerateMetadata post-execution cost:1 ms .
[2026-06-22T22:10:17.650] [DEBUG] debug-file - Update task entry:default@MergeProfile input file:D:\audio-format-switch-master\audio-format-switch-master\AppScope\app.json5 cache by regenerate.
[2026-06-22T22:10:17.650] [DEBUG] debug-file - Update task entry:default@MergeProfile input file:D:\audio-format-switch-master\audio-format-switch-master\build-profile.json5 cache by regenerate.
[2026-06-22T22:10:17.650] [DEBUG] debug-file - Update task entry:default@MergeProfile input file:D:\audio-format-switch-master\audio-format-switch-master\entry\src\main\module.json5 cache from map.
[2026-06-22T22:10:17.650] [DEBUG] debug-file - Update task entry:default@MergeProfile output file:D:\audio-format-switch-master\audio-format-switch-master\entry\build\default\intermediates\merge_profile\default\module.json cache.
[2026-06-22T22:10:17.650] [DEBUG] debug-file - Incremental task entry:default@MergeProfile post-execution cost:1 ms .
[2026-06-22T22:10:17.650] [DEBUG] debug-file - There is no need to refresh cache, since the incremental task entry:default@CreateBuildProfile is up-to-date.
[2026-06-22T22:10:17.650] [DEBUG] debug-file - There is no need to refresh cache, since the incremental task entry:default@GeneratePkgContextInfo is up-to-date.
[2026-06-22T22:10:17.650] [DEBUG] debug-file - Update task entry:default@GeneratePkgSdkInfo output file:D:\audio-format-switch-master\audio-format-switch-master\entry\build\default\intermediates\loader\default\pkgSdkInfo.json cache.
[2026-06-22T22:10:17.651] [DEBUG] debug-file - Incremental task entry:default@GeneratePkgSdkInfo post-execution cost:1 ms .
[2026-06-22T22:10:17.651] [DEBUG] debug-file - Update task entry:default@ProcessIntegratedHsp output file:D:\audio-format-switch-master\audio-format-switch-master\build\cache\default\integrated_hsp\integratedHspCache.json cache.
[2026-06-22T22:10:17.651] [DEBUG] debug-file - Incremental task entry:default@ProcessIntegratedHsp post-execution cost:1 ms .
[2026-06-22T22:10:17.651] [DEBUG] debug-file - Update task entry:default@MakePackInfo input file:D:\audio-format-switch-master\audio-format-switch-master\AppScope\app.json5 cache by regenerate.
[2026-06-22T22:10:17.651] [DEBUG] debug-file - Update task entry:default@MakePackInfo input file:D:\audio-format-switch-master\audio-format-switch-master\entry\src\main\module.json5 cache from map.
[2026-06-22T22:10:17.651] [DEBUG] debug-file - Update task entry:default@MakePackInfo input file:D:\audio-format-switch-master\audio-format-switch-master\build-profile.json5 cache by regenerate.
[2026-06-22T22:10:17.651] [DEBUG] debug-file - Update task entry:default@MakePackInfo input file:D:\audio-format-switch-master\audio-format-switch-master\entry\src\main\resources\base\profile\backup_config.json cache by regenerate.
[2026-06-22T22:10:17.651] [DEBUG] debug-file - Update task entry:default@MakePackInfo output file:D:\audio-format-switch-master\audio-format-switch-master\entry\build\default\outputs\default\pack.info cache.
[2026-06-22T22:10:17.652] [DEBUG] debug-file - Incremental task entry:default@MakePackInfo post-execution cost:1 ms .
[2026-06-22T22:10:17.652] [DEBUG] debug-file - Update task entry:default@SyscapTransform input file:E:\DevEco Studio\sdk\default\openharmony\toolchains\syscap_tool.exe cache by regenerate.
[2026-06-22T22:10:17.652] [DEBUG] debug-file - Update task entry:default@SyscapTransform input file:E:\DevEco Studio\sdk\default\openharmony\ets\api\device-define cache by regenerate.
[2026-06-22T22:10:17.652] [DEBUG] debug-file - Update task entry:default@SyscapTransform output file:D:\audio-format-switch-master\audio-format-switch-master\entry\build\default\intermediates\syscap\default\rpcid.sc cache.
[2026-06-22T22:10:17.653] [DEBUG] debug-file - Incremental task entry:default@SyscapTransform post-execution cost:1 ms .
[2026-06-22T22:10:17.653] [DEBUG] debug-file - Update task entry:default@ProcessProfile input file:D:\audio-format-switch-master\audio-format-switch-master\entry\build\default\intermediates\merge_profile\default\module.json cache from map.
[2026-06-22T22:10:17.653] [DEBUG] debug-file - Update task entry:default@ProcessProfile output file:D:\audio-format-switch-master\audio-format-switch-master\entry\build\default\intermediates\process_profile\default\module.json cache.
[2026-06-22T22:10:17.653] [DEBUG] debug-file - Incremental task entry:default@ProcessProfile post-execution cost:1 ms .
[2026-06-22T22:10:17.653] [DEBUG] debug-file - Update task entry:default@ProcessRouterMap input file:D:\audio-format-switch-master\audio-format-switch-master\entry\oh-package.json5 cache by regenerate.
[2026-06-22T22:10:17.653] [DEBUG] debug-file - Update task entry:default@ProcessRouterMap input file:D:\audio-format-switch-master\audio-format-switch-master\oh-package.json5 cache by regenerate.
[2026-06-22T22:10:17.653] [DEBUG] debug-file - Update task entry:default@ProcessRouterMap input file:D:\audio-format-switch-master\audio-format-switch-master\entry\src\main\module.json5 cache from map.
[2026-06-22T22:10:17.653] [DEBUG] debug-file - Update task entry:default@ProcessRouterMap input file:D:\audio-format-switch-master\audio-format-switch-master\entry\build\default\intermediates\loader\default\pkgContextInfo.json cache by regenerate.
[2026-06-22T22:10:17.653] [DEBUG] debug-file - Update task entry:default@ProcessRouterMap output file:D:\audio-format-switch-master\audio-format-switch-master\entry\build\default\intermediates\router_map\default\temp-router-map.json cache.
[2026-06-22T22:10:17.653] [DEBUG] debug-file - Update task entry:default@ProcessRouterMap output file:D:\audio-format-switch-master\audio-format-switch-master\entry\build\default\intermediates\router_map\default\loader-router-map.json cache.
[2026-06-22T22:10:17.654] [DEBUG] debug-file - Incremental task entry:default@ProcessRouterMap post-execution cost:1 ms .
[2026-06-22T22:10:17.654] [DEBUG] debug-file - Update task entry:default@ProcessShareConfig input file:D:\audio-format-switch-master\audio-format-switch-master\entry\oh-package.json5 cache by regenerate.
[2026-06-22T22:10:17.654] [DEBUG] debug-file - Update task entry:default@ProcessShareConfig input file:D:\audio-format-switch-master\audio-format-switch-master\oh-package.json5 cache by regenerate.
[2026-06-22T22:10:17.654] [DEBUG] debug-file - Update task entry:default@ProcessShareConfig input file:D:\audio-format-switch-master\audio-format-switch-master\entry\src\main\module.json5 cache from map.
[2026-06-22T22:10:17.654] [DEBUG] debug-file - Update task entry:default@ProcessShareConfig input file:D:\audio-format-switch-master\audio-format-switch-master\entry\build\default\intermediates\loader\default\pkgContextInfo.json cache by regenerate.
[2026-06-22T22:10:17.654] [DEBUG] debug-file - Update task entry:default@ProcessShareConfig output file:D:\audio-format-switch-master\audio-format-switch-master\entry\build\default\intermediates\share_config\default\temp-share-config.json cache.
[2026-06-22T22:10:17.654] [DEBUG] debug-file - Incremental task entry:default@ProcessShareConfig post-execution cost:1 ms .
[2026-06-22T22:10:17.654] [DEBUG] debug-file - Update task entry:default@ProcessStartupConfig input file:D:\audio-format-switch-master\audio-format-switch-master\entry\build\default\intermediates\loader\default\pkgContextInfo.json cache by regenerate.
[2026-06-22T22:10:17.655] [DEBUG] debug-file - Update task entry:default@ProcessStartupConfig output file:D:\audio-format-switch-master\audio-format-switch-master\entry\build\default\intermediates\startup\default\startup_config.json cache.
[2026-06-22T22:10:17.655] [DEBUG] debug-file - Incremental task entry:default@ProcessStartupConfig post-execution cost:1 ms .
[2026-06-22T22:10:17.655] [DEBUG] debug-file - There is no need to refresh cache, since the incremental task entry:default@ProcessResource is up-to-date.
[2026-06-22T22:10:17.655] [DEBUG] debug-file - Update task entry:default@GenerateLoaderJson input file:D:\audio-format-switch-master\audio-format-switch-master\entry\build\default\intermediates\loader\default\pkgContextInfo.json cache by regenerate.
[2026-06-22T22:10:17.656] [DEBUG] debug-file - Update task entry:default@GenerateLoaderJson input file:D:\audio-format-switch-master\audio-format-switch-master\entry\build\default\intermediates\router_map\default\temp-router-map.json cache from map.
[2026-06-22T22:10:17.656] [DEBUG] debug-file - Update task entry:default@GenerateLoaderJson output file:D:\audio-format-switch-master\audio-format-switch-master\entry\build\default\intermediates\loader\default\loader.json cache.
[2026-06-22T22:10:17.656] [DEBUG] debug-file - Incremental task entry:default@GenerateLoaderJson post-execution cost:1 ms .
[2026-06-22T22:10:17.656] [DEBUG] debug-file - There is no need to refresh cache, since the incremental task entry:default@ProcessLibs is up-to-date.
[2026-06-22T22:10:17.656] [DEBUG] debug-file - Update task entry:default@CompileResource input file:D:\audio-format-switch-master\audio-format-switch-master\entry\src\main\resources cache by regenerate.
[2026-06-22T22:10:17.660] [DEBUG] debug-file - Update task entry:default@CompileResource input file:D:\audio-format-switch-master\audio-format-switch-master\AppScope\resources cache by regenerate.
[2026-06-22T22:10:17.660] [DEBUG] debug-file - Update task entry:default@CompileResource input file:D:\audio-format-switch-master\audio-format-switch-master\entry\build\default\intermediates\process_profile\default\module.json cache from map.
[2026-06-22T22:10:17.660] [DEBUG] debug-file - Update task entry:default@CompileResource input file:D:\audio-format-switch-master\audio-format-switch-master\entry\build\default\intermediates\res\default\resConfig.json cache by regenerate.
[2026-06-22T22:10:17.660] [DEBUG] debug-file - Update task entry:default@CompileResource output file:D:\audio-format-switch-master\audio-format-switch-master\entry\build\default\intermediates\res\default cache.
[2026-06-22T22:10:17.664] [DEBUG] debug-file - Update task entry:default@CompileResource output file:D:\audio-format-switch-master\audio-format-switch-master\entry\build\default\generated\r\default\ResourceTable.h cache.
[2026-06-22T22:10:17.664] [DEBUG] debug-file - Update task entry:default@CompileResource output file:D:\audio-format-switch-master\audio-format-switch-master\entry\build\default\generated\r\default\ResourceTable.ts cache.
[2026-06-22T22:10:17.664] [DEBUG] debug-file - Update task entry:default@CompileResource output file:D:\audio-format-switch-master\audio-format-switch-master\entry\build\default\generated\r\default cache.
[2026-06-22T22:10:17.664] [DEBUG] debug-file - Incremental task entry:default@CompileResource post-execution cost:9 ms .
[2026-06-22T22:10:17.664] [DEBUG] debug-file - There is no need to refresh cache, since the incremental task entry:default@DoNativeStrip is up-to-date.
[2026-06-22T22:10:17.665] [DEBUG] debug-file - Update task entry:default@CompileArkTS input file:D:\audio-format-switch-master\audio-format-switch-master\entry\build\default\intermediates\loader\default cache from map.
[2026-06-22T22:10:17.665] [DEBUG] debug-file - Update task entry:default@CompileArkTS input file:D:\audio-format-switch-master\audio-format-switch-master\entry\build\default\intermediates\res\default\resources\rawfile cache by regenerate.
[2026-06-22T22:10:17.666] [DEBUG] debug-file - Update task entry:default@CompileArkTS input file:D:\audio-format-switch-master\audio-format-switch-master\entry\build\default\intermediates\res\default\ResourceTable.txt cache by regenerate.
[2026-06-22T22:10:17.666] [DEBUG] debug-file - Update task entry:default@CompileArkTS input file:D:\audio-format-switch-master\audio-format-switch-master\entry\build\default\intermediates\res\default\ark_module.json cache by regenerate.
[2026-06-22T22:10:17.666] [DEBUG] debug-file - Update task entry:default@CompileArkTS input file:D:\audio-format-switch-master\audio-format-switch-master\entry\build\default\intermediates\res\default\resources\base\profile cache by regenerate.
[2026-06-22T22:10:17.666] [DEBUG] debug-file - Update task entry:default@CompileArkTS input file:D:\audio-format-switch-master\audio-format-switch-master\entry\src\main\ets cache by regenerate.
[2026-06-22T22:10:17.668] [DEBUG] debug-file - Update task entry:default@CompileArkTS input file:D:\audio-format-switch-master\audio-format-switch-master\entry\build\default\intermediates\loader\default\pkgContextInfo.json cache by regenerate.
[2026-06-22T22:10:17.668] [DEBUG] debug-file - Update task entry:default@CompileArkTS input file:D:\audio-format-switch-master\audio-format-switch-master\entry\build\default\generated\profile\default\BuildProfile.ets cache by regenerate.
[2026-06-22T22:10:17.669] [DEBUG] debug-file - Update task entry:default@CompileArkTS output file:D:\audio-format-switch-master\audio-format-switch-master\entry\build\default\intermediates\loader_out\default\ets cache.
[2026-06-22T22:10:17.669] [DEBUG] debug-file - Incremental task entry:default@CompileArkTS post-execution cost:5 ms .
[2026-06-22T22:10:17.669] [DEBUG] debug-file - Update task entry:default@BuildJS input file:D:\audio-format-switch-master\audio-format-switch-master\entry\build\default\intermediates\loader\default cache by regenerate.
[2026-06-22T22:10:17.670] [DEBUG] debug-file - Update task entry:default@BuildJS input file:D:\audio-format-switch-master\audio-format-switch-master\entry\build\default\intermediates\res\default\resources\rawfile cache by regenerate.
[2026-06-22T22:10:17.670] [DEBUG] debug-file - Update task entry:default@BuildJS input file:D:\audio-format-switch-master\audio-format-switch-master\entry\build\default\intermediates\res\default\ResourceTable.txt cache by regenerate.
[2026-06-22T22:10:17.670] [DEBUG] debug-file - Update task entry:default@BuildJS input file:D:\audio-format-switch-master\audio-format-switch-master\entry\build\default\intermediates\res\default\ark_module.json cache by regenerate.
[2026-06-22T22:10:17.670] [DEBUG] debug-file - Update task entry:default@BuildJS input file:D:\audio-format-switch-master\audio-format-switch-master\entry\build\default\intermediates\res\default\resources\base\profile cache by regenerate.
[2026-06-22T22:10:17.670] [DEBUG] debug-file - Update task entry:default@BuildJS input file:D:\audio-format-switch-master\audio-format-switch-master\entry\build\default\intermediates\loader\default\pkgContextInfo.json cache by regenerate.
[2026-06-22T22:10:17.671] [DEBUG] debug-file - Update task entry:default@BuildJS output file:D:\audio-format-switch-master\audio-format-switch-master\entry\build\default\intermediates\loader_out\default\js cache.
[2026-06-22T22:10:17.671] [DEBUG] debug-file - Incremental task entry:default@BuildJS post-execution cost:3 ms .
[2026-06-22T22:10:17.671] [DEBUG] debug-file - There is no need to refresh cache, since the incremental task entry:default@CacheNativeLibs is up-to-date.
[2026-06-22T22:10:17.692] [DEBUG] debug-file - hvigor build process will be closed.
[2026-06-22T22:10:17.697] [DEBUG] debug-file - session manager: send message to worker process.
[2026-06-22T22:10:17.697] [DEBUG] debug-file - session manager: send message to worker process.
[2026-06-22T22:10:17.697] [DEBUG] debug-file - watch worker: worker id should be larger than 0. Nothing will be sent to any worker thread.
[2026-06-22T22:10:17.697] [DEBUG] debug-file - watch worker: worker id should be larger than 0. Nothing will be sent to any worker thread.
[2026-06-22T22:18:51.821] [DEBUG] debug-file - session manager: set active socket. socketId=zGYHd-Uzg0xdT1KOAAAH
[2026-06-22T22:18:51.837] [DEBUG] debug-file - watch worker: worker id should be larger than 0. Nothing will be sent to any worker thread.
[2026-06-22T22:18:51.840] [DEBUG] debug-file - Workers' log level updated to INFO
[2026-06-22T22:18:51.842] [DEBUG] debug-file - Hvigor init with startParameters:{
  hvigorfileTypeCheck: false,
  parallelExecution: true,
  incrementalExecution: true,
  printStackTrace: false,
  daemon: true,
  analyze: 0,
  logLevel: Level { level: 20000, levelStr: 'INFO', colour: 'green' },
  optimizationStrategy: 'memory',
  hotCompile: undefined,
  hotReloadBuild: undefined,
  customizedParam: undefined
}
[2026-06-22T22:18:51.845] [DEBUG] debug-file - Cache service initialization finished in 4 ms 
[2026-06-22T22:18:51.846] [DEBUG] debug-file - hvigorfile, resolving D:\audio-format-switch-master\audio-format-switch-master\hvigorfile.ts
[2026-06-22T22:18:51.852] [DEBUG] debug-file - hvigorfile, require result:  { default: { plugins: [] } }
[2026-06-22T22:18:51.852] [DEBUG] debug-file - hvigorfile, binding system plugins null
[2026-06-22T22:18:51.854] [DEBUG] debug-file - Starting plugin build process
[2026-06-22T22:18:51.854] [DEBUG] debug-file - App plugin prepare start...
[2026-06-22T22:18:51.854] [DEBUG] debug-file - App plugin prepare end...
[2026-06-22T22:18:51.854] [DEBUG] debug-file - App plugin creating...
[2026-06-22T22:18:51.863] [DEBUG] debug-file - App plugin register hook start...
[2026-06-22T22:18:51.863] [DEBUG] debug-file - App plugin register hook end...
[2026-06-22T22:18:51.864] [DEBUG] debug-file - Plugin build process completed
[2026-06-22T22:18:51.864] [DEBUG] debug-file - Start initialize project's product build option map with build mode debug.
[2026-06-22T22:18:51.864] [DEBUG] debug-file - Picking option from product 'default' with build mode 'debug'.
[2026-06-22T22:18:51.864] [DEBUG] debug-file - Product 'default' build option initialized
[2026-06-22T22:18:51.864] [DEBUG] debug-file - End initialize project's product build option map with build mode 'debug'.
[2026-06-22T22:18:51.864] [DEBUG] debug-file - Obtain build option for product 'default'in this build.
[2026-06-22T22:18:51.865] [DEBUG] debug-file - No signingConfig found, initRemoteHspCache failed.
[2026-06-22T22:18:51.867] [DEBUG] debug-file - Start recording SDK configuration permission data.
[2026-06-22T22:18:51.895] [DEBUG] debug-file - Sdk init in 30 ms 
[2026-06-22T22:18:51.898] [DEBUG] debug-file - Project task initialization takes 3 ms 
[2026-06-22T22:18:51.898] [DEBUG] debug-file - hvigorfile, begin to bind custom plugins...
[2026-06-22T22:18:51.898] [DEBUG] debug-file - hvigorfile, no custom plugins were found in D:\audio-format-switch-master\audio-format-switch-master\hvigorfile.ts
[2026-06-22T22:18:51.899] [DEBUG] debug-file - hvigorfile, resolve finished D:\audio-format-switch-master\audio-format-switch-master\hvigorfile.ts
[2026-06-22T22:18:51.899] [DEBUG] debug-file - hvigorfile, resolving D:\audio-format-switch-master\audio-format-switch-master\entry\hvigorfile.ts
[2026-06-22T22:18:51.902] [DEBUG] debug-file - hvigorfile, require result:  { default: { plugins: [] } }
[2026-06-22T22:18:51.902] [DEBUG] debug-file - hvigorfile, binding system plugins null
[2026-06-22T22:18:51.903] [DEBUG] debug-file - Starting plugin build process
[2026-06-22T22:18:51.903] [DEBUG] debug-file - Hap plugin creating...
[2026-06-22T22:18:51.903] [DEBUG] debug-file - failed to load cangjie to dynamically generate schemas: Error: Cannot find module '@ohos/cangjie-build-support/index'
Require stack:
- E:\DevEco Studio\tools\hvigor\hvigor-ohos-plugin\src\plugin\hooks\cangjie-register.js
- E:\DevEco Studio\tools\hvigor\hvigor-ohos-plugin\src\plugin\strategy\stage-init-strategy.js
- E:\DevEco Studio\tools\hvigor\hvigor-ohos-plugin\src\plugin\builder\abstract-plugin-builder.js
- E:\DevEco Studio\tools\hvigor\hvigor-ohos-plugin\src\plugin\builder\app-plugin-builder.js
- E:\DevEco Studio\tools\hvigor\hvigor-ohos-plugin\src\plugin\factory\plugin-factory.js
- E:\DevEco Studio\tools\hvigor\hvigor-ohos-plugin\index.js
- D:\audio-format-switch-master\audio-format-switch-master\hvigorfile.ts
- E:\DevEco Studio\tools\hvigor\hvigor\src\base\internal\lifecycle\configuration.js
- E:\DevEco Studio\tools\hvigor\hvigor\src\base\boot\index.js
- E:\DevEco Studio\tools\hvigor\hvigor\src\base\daemon\cluster\worker-process-lifecycle.js
- E:\DevEco Studio\tools\hvigor\hvigor\src\base\daemon\process\daemon-process-boot-script.js
[2026-06-22T22:18:51.905] [DEBUG] debug-file - Start initialize module-target build option map, moduleName=entry, buildMode=release
[2026-06-22T22:18:51.905] [DEBUG] debug-file - Target 'default' config initialized
[2026-06-22T22:18:51.906] [DEBUG] debug-file - Module 'entry' target 'default' build option initialized
[2026-06-22T22:18:51.906] [DEBUG] debug-file - End initialize module-target build option map, moduleName=entry
[2026-06-22T22:18:51.906] [DEBUG] debug-file - Start initialize module-target build option map, moduleName=entry, buildMode=debug
[2026-06-22T22:18:51.906] [DEBUG] debug-file - Target 'default' config initialized
[2026-06-22T22:18:51.906] [DEBUG] debug-file - Module 'entry' target 'default' build option initialized
[2026-06-22T22:18:51.907] [DEBUG] debug-file - End initialize module-target build option map, moduleName=entry
[2026-06-22T22:18:51.907] [DEBUG] debug-file - Start initialize module-target build option map, moduleName=entry, buildMode=debug
[2026-06-22T22:18:51.907] [DEBUG] debug-file - Target 'default' config initialized
[2026-06-22T22:18:51.907] [DEBUG] debug-file - Module 'entry' target 'default' build option initialized
[2026-06-22T22:18:51.907] [DEBUG] debug-file - End initialize module-target build option map, moduleName=entry
[2026-06-22T22:18:51.907] [DEBUG] debug-file - Obtain build option for module 'entry' target 'default'in this build.
[2026-06-22T22:18:51.909] [DEBUG] debug-file - Module entry task initialization takes 1 ms 
[2026-06-22T22:18:51.909] [DEBUG] debug-file - Hap plugin register hook start...
[2026-06-22T22:18:51.909] [DEBUG] debug-file - Hap plugin register hook end...
[2026-06-22T22:18:51.909] [DEBUG] debug-file - Plugin build process completed
[2026-06-22T22:18:51.909] [DEBUG] debug-file - hvigorfile, begin to bind custom plugins...
[2026-06-22T22:18:51.909] [DEBUG] debug-file - hvigorfile, no custom plugins were found in D:\audio-format-switch-master\audio-format-switch-master\entry\hvigorfile.ts
[2026-06-22T22:18:51.909] [DEBUG] debug-file - hvigorfile, resolve finished D:\audio-format-switch-master\audio-format-switch-master\entry\hvigorfile.ts
[2026-06-22T22:18:51.924] [DEBUG] debug-file - hvigorfile, resolve hvigorfile dependencies in 15 ms 
[2026-06-22T22:18:51.924] [DEBUG] debug-file - project has submodules:entry
[2026-06-22T22:18:51.925] [DEBUG] debug-file - start to load updatedOhPackageInfo to the disk
[2026-06-22T22:18:51.926] [DEBUG] debug-file - load to the disk finished
[2026-06-22T22:18:51.927] [DEBUG] debug-file - Start to initialize dependency information.
[2026-06-22T22:18:51.927] [DEBUG] debug-file - Module audio-format-switch-master Collected Dependency: 
[2026-06-22T22:18:51.927] [DEBUG] debug-file - Module audio-format-switch-master's total dependency: 0
[2026-06-22T22:18:51.928] [DEBUG] debug-file - Start to initialize dependency information.
[2026-06-22T22:18:51.928] [DEBUG] debug-file - Module entry Collected Dependency: 
[2026-06-22T22:18:51.928] [DEBUG] debug-file - Module entry's total dependency: 0
[2026-06-22T22:18:51.929] [DEBUG] debug-file - Configuration phase cost:84 ms 
[2026-06-22T22:18:51.930] [DEBUG] debug-file - Configuration task cost before running: 90 ms 
[2026-06-22T22:18:51.932] [DEBUG] debug-file - Executing task :entry:default@PreBuild
[2026-06-22T22:18:51.932] [DEBUG] debug-file - Task 'entry:default@PreBuild' cost while wrapping incremental declarations: 1 ms 
[2026-06-22T22:18:51.935] [DEBUG] debug-file - Incremental task entry:default@PreBuild pre-execution cost: 2 ms .
[2026-06-22T22:18:51.935] [DEBUG] debug-file - entry : default@PreBuild cost memory 0.32141876220703125
[2026-06-22T22:18:51.936] [INFO] debug-file - UP-TO-DATE :entry:default@PreBuild...  
[2026-06-22T22:18:51.937] [DEBUG] debug-file - Executing task :entry:default@CreateModuleInfo
[2026-06-22T22:18:51.937] [DEBUG] debug-file - Task 'entry:default@CreateModuleInfo' cost while wrapping incremental declarations: 1 ms 
[2026-06-22T22:18:51.937] [DEBUG] debug-file - entry : default@CreateModuleInfo cost memory 0.045654296875
[2026-06-22T22:18:51.937] [DEBUG] debug-file - runTaskFromQueue task cost before running: 97 ms 
[2026-06-22T22:18:51.937] [INFO] debug-file - Finished :entry:default@CreateModuleInfo... after 1 ms 
[2026-06-22T22:18:51.938] [DEBUG] debug-file - Executing task :entry:default@GenerateMetadata
[2026-06-22T22:18:51.938] [DEBUG] debug-file - Task 'entry:default@GenerateMetadata' cost while wrapping incremental declarations: 1 ms 
[2026-06-22T22:18:51.939] [DEBUG] debug-file - Incremental task entry:default@GenerateMetadata pre-execution cost: 1 ms .
[2026-06-22T22:18:51.939] [DEBUG] debug-file - entry : default@GenerateMetadata cost memory 0.09030914306640625
[2026-06-22T22:18:51.939] [INFO] debug-file - UP-TO-DATE :entry:default@GenerateMetadata...  
[2026-06-22T22:18:51.939] [DEBUG] debug-file - Executing task :entry:default@ConfigureCmake
[2026-06-22T22:18:51.939] [DEBUG] debug-file - entry : default@ConfigureCmake cost memory 0.0168609619140625
[2026-06-22T22:18:51.939] [DEBUG] debug-file - runTaskFromQueue task cost before running: 99 ms 
[2026-06-22T22:18:51.939] [INFO] debug-file - Finished :entry:default@ConfigureCmake... after 1 ms 
[2026-06-22T22:18:51.940] [DEBUG] debug-file - Executing task :entry:default@MergeProfile
[2026-06-22T22:18:51.940] [DEBUG] debug-file - Task 'entry:default@MergeProfile' cost while wrapping incremental declarations: 1 ms 
[2026-06-22T22:18:51.941] [DEBUG] debug-file - Incremental task entry:default@MergeProfile pre-execution cost: 2 ms .
[2026-06-22T22:18:51.941] [DEBUG] debug-file - entry : default@MergeProfile cost memory 0.138519287109375
[2026-06-22T22:18:51.941] [INFO] debug-file - UP-TO-DATE :entry:default@MergeProfile...  
[2026-06-22T22:18:51.942] [DEBUG] debug-file - Executing task :entry:default@CreateBuildProfile
[2026-06-22T22:18:51.942] [DEBUG] debug-file - Task 'entry:default@CreateBuildProfile' cost while wrapping incremental declarations: 1 ms 
[2026-06-22T22:18:51.943] [DEBUG] debug-file - Incremental task entry:default@CreateBuildProfile pre-execution cost: 1 ms .
[2026-06-22T22:18:51.943] [DEBUG] debug-file - entry : default@CreateBuildProfile cost memory 0.112823486328125
[2026-06-22T22:18:51.943] [INFO] debug-file - UP-TO-DATE :entry:default@CreateBuildProfile...  
[2026-06-22T22:18:51.944] [DEBUG] debug-file - Executing task :entry:default@PreCheckSyscap
[2026-06-22T22:18:51.944] [DEBUG] debug-file - entry : default@PreCheckSyscap cost memory 0.01570892333984375
[2026-06-22T22:18:51.944] [DEBUG] debug-file - runTaskFromQueue task cost before running: 104 ms 
[2026-06-22T22:18:51.944] [INFO] debug-file - Finished :entry:default@PreCheckSyscap... after 1 ms 
[2026-06-22T22:18:51.945] [DEBUG] debug-file - Executing task :entry:default@GeneratePkgContextInfo
[2026-06-22T22:18:51.950] [DEBUG] debug-file - Task 'entry:default@GeneratePkgContextInfo' cost while wrapping incremental declarations: 1 ms 
[2026-06-22T22:18:51.950] [DEBUG] debug-file - Incremental task entry:default@GeneratePkgContextInfo pre-execution cost: 1 ms .
[2026-06-22T22:18:51.951] [DEBUG] debug-file - entry : default@GeneratePkgContextInfo cost memory -1.4027252197265625
[2026-06-22T22:18:51.951] [INFO] debug-file - UP-TO-DATE :entry:default@GeneratePkgContextInfo...  
[2026-06-22T22:18:51.952] [DEBUG] debug-file - Executing task :entry:default@GeneratePkgSdkInfo
[2026-06-22T22:18:51.953] [DEBUG] debug-file - Task 'entry:default@GeneratePkgSdkInfo' cost while wrapping incremental declarations: 1 ms 
[2026-06-22T22:18:51.953] [DEBUG] debug-file - entry : default@GeneratePkgSdkInfo cost memory 0.32978057861328125
[2026-06-22T22:18:51.953] [DEBUG] debug-file - runTaskFromQueue task cost before running: 113 ms 
[2026-06-22T22:18:51.953] [INFO] debug-file - Finished :entry:default@GeneratePkgSdkInfo... after 2 ms 
[2026-06-22T22:18:51.955] [DEBUG] debug-file - Executing task :entry:default@ProcessIntegratedHsp
[2026-06-22T22:18:51.955] [DEBUG] debug-file - entry:default@ProcessIntegratedHsp is not up-to-date, since the output file 'D:\audio-format-switch-master\audio-format-switch-master\build\cache\default\integrated_hsp\integratedHspCache.json' does not exist.
[2026-06-22T22:18:51.955] [DEBUG] debug-file - Incremental task entry:default@ProcessIntegratedHsp pre-execution cost: 1 ms .
[2026-06-22T22:18:51.955] [DEBUG] debug-file - entry : default@ProcessIntegratedHsp cost memory 0.0623779296875
[2026-06-22T22:18:51.955] [DEBUG] debug-file - runTaskFromQueue task cost before running: 115 ms 
[2026-06-22T22:18:51.955] [INFO] debug-file - Finished :entry:default@ProcessIntegratedHsp... after 1 ms 
[2026-06-22T22:18:51.956] [DEBUG] debug-file - Executing task :entry:default@BuildNativeWithCmake
[2026-06-22T22:18:51.956] [DEBUG] debug-file - entry : default@BuildNativeWithCmake cost memory 0.01706695556640625
[2026-06-22T22:18:51.956] [DEBUG] debug-file - runTaskFromQueue task cost before running: 116 ms 
[2026-06-22T22:18:51.956] [INFO] debug-file - Finished :entry:default@BuildNativeWithCmake... after 1 ms 
[2026-06-22T22:18:51.957] [DEBUG] debug-file - Executing task :entry:default@MakePackInfo
[2026-06-22T22:18:51.959] [DEBUG] debug-file - Incremental task entry:default@MakePackInfo pre-execution cost: 2 ms .
[2026-06-22T22:18:51.959] [DEBUG] debug-file - entry : default@MakePackInfo cost memory 0.13742828369140625
[2026-06-22T22:18:51.960] [INFO] debug-file - UP-TO-DATE :entry:default@MakePackInfo...  
[2026-06-22T22:18:51.960] [DEBUG] debug-file - Executing task :entry:default@SyscapTransform
[2026-06-22T22:18:51.960] [DEBUG] debug-file - File: 'D:\audio-format-switch-master\audio-format-switch-master\entry\src\main\syscap.json' from 'sysCapJsonPath' is not exists, just ignore.
[2026-06-22T22:18:51.961] [DEBUG] debug-file - Task 'entry:default@SyscapTransform' cost while wrapping incremental declarations: 1 ms 
[2026-06-22T22:18:51.962] [DEBUG] debug-file - entry:default@SyscapTransform is not up-to-date, since the output file 'D:\audio-format-switch-master\audio-format-switch-master\entry\build\default\intermediates\syscap\default\rpcid.sc' does not exist.
[2026-06-22T22:18:51.962] [DEBUG] debug-file - Incremental task entry:default@SyscapTransform pre-execution cost: 2 ms .
[2026-06-22T22:18:51.962] [DEBUG] debug-file - entry : default@SyscapTransform cost memory 0.14838409423828125
[2026-06-22T22:18:51.962] [DEBUG] debug-file - runTaskFromQueue task cost before running: 122 ms 
[2026-06-22T22:18:51.962] [INFO] debug-file - Finished :entry:default@SyscapTransform... after 2 ms 
[2026-06-22T22:18:51.963] [DEBUG] debug-file - Executing task :entry:default@ProcessProfile
[2026-06-22T22:18:51.964] [DEBUG] debug-file - Task 'entry:default@ProcessProfile' cost while wrapping incremental declarations: 1 ms 
[2026-06-22T22:18:51.964] [DEBUG] debug-file - Incremental task entry:default@ProcessProfile pre-execution cost: 1 ms .
[2026-06-22T22:18:51.964] [DEBUG] debug-file - entry : default@ProcessProfile cost memory 0.138214111328125
[2026-06-22T22:18:51.965] [INFO] debug-file - UP-TO-DATE :entry:default@ProcessProfile...  
[2026-06-22T22:18:51.965] [DEBUG] debug-file - Executing task :entry:default@ProcessRouterMap
[2026-06-22T22:18:51.968] [DEBUG] debug-file - Incremental task entry:default@ProcessRouterMap pre-execution cost: 3 ms .
[2026-06-22T22:18:51.968] [DEBUG] debug-file - entry : default@ProcessRouterMap cost memory -1.3248672485351562
[2026-06-22T22:18:51.968] [INFO] debug-file - UP-TO-DATE :entry:default@ProcessRouterMap...  
[2026-06-22T22:18:51.969] [DEBUG] debug-file - Executing task :entry:default@ProcessShareConfig
[2026-06-22T22:18:51.970] [DEBUG] debug-file - Incremental task entry:default@ProcessShareConfig pre-execution cost: 1 ms .
[2026-06-22T22:18:51.970] [DEBUG] debug-file - entry : default@ProcessShareConfig cost memory 0.13732147216796875
[2026-06-22T22:18:51.970] [INFO] debug-file - UP-TO-DATE :entry:default@ProcessShareConfig...  
[2026-06-22T22:18:51.970] [DEBUG] debug-file - Executing task :entry:default@ProcessStartupConfig
[2026-06-22T22:18:51.970] [DEBUG] debug-file - Task 'entry:default@ProcessStartupConfig' cost while wrapping incremental declarations: 1 ms 
[2026-06-22T22:18:51.971] [DEBUG] debug-file - entry:default@ProcessStartupConfig is not up-to-date, since the output file 'D:\audio-format-switch-master\audio-format-switch-master\entry\build\default\intermediates\startup\default\startup_config.json' does not exist.
[2026-06-22T22:18:51.971] [DEBUG] debug-file - Incremental task entry:default@ProcessStartupConfig pre-execution cost: 1 ms .
[2026-06-22T22:18:51.971] [DEBUG] debug-file - entry : default@ProcessStartupConfig cost memory 0.1344146728515625
[2026-06-22T22:18:51.971] [DEBUG] debug-file - runTaskFromQueue task cost before running: 131 ms 
[2026-06-22T22:18:51.972] [INFO] debug-file - Finished :entry:default@ProcessStartupConfig... after 2 ms 
[2026-06-22T22:18:51.972] [DEBUG] debug-file - Executing task :entry:default@BuildNativeWithNinja
[2026-06-22T22:18:51.973] [DEBUG] debug-file - entry : default@BuildNativeWithNinja cost memory 0.02295684814453125
[2026-06-22T22:18:51.973] [DEBUG] debug-file - runTaskFromQueue task cost before running: 133 ms 
[2026-06-22T22:18:51.973] [INFO] debug-file - Finished :entry:default@BuildNativeWithNinja... after 1 ms 
[2026-06-22T22:18:51.973] [DEBUG] debug-file - restool module names: entry; moduleName=entry, taskName=default@ProcessResource
[2026-06-22T22:18:51.974] [DEBUG] debug-file - Executing task :entry:default@ProcessResource
[2026-06-22T22:18:51.974] [DEBUG] debug-file - Task 'entry:default@ProcessResource' cost while wrapping incremental declarations: 1 ms 
[2026-06-22T22:18:51.975] [DEBUG] debug-file - Incremental task entry:default@ProcessResource pre-execution cost: 1 ms .
[2026-06-22T22:18:51.975] [DEBUG] debug-file - entry : default@ProcessResource cost memory 0.1461639404296875
[2026-06-22T22:18:51.976] [INFO] debug-file - UP-TO-DATE :entry:default@ProcessResource...  
[2026-06-22T22:18:51.976] [DEBUG] debug-file - Executing task :entry:default@GenerateLoaderJson
[2026-06-22T22:18:51.977] [DEBUG] debug-file - Task 'entry:default@GenerateLoaderJson' cost while wrapping incremental declarations: 1 ms 
[2026-06-22T22:18:51.982] [DEBUG] debug-file - Incremental task entry:default@GenerateLoaderJson pre-execution cost: 4 ms .
[2026-06-22T22:18:51.982] [DEBUG] debug-file - entry : default@GenerateLoaderJson cost memory -1.0860443115234375
[2026-06-22T22:18:51.983] [INFO] debug-file - UP-TO-DATE :entry:default@GenerateLoaderJson...  
[2026-06-22T22:18:51.984] [DEBUG] debug-file - Executing task :entry:default@ProcessLibs
[2026-06-22T22:18:51.985] [DEBUG] debug-file - Incremental task entry:default@ProcessLibs pre-execution cost: 1 ms .
[2026-06-22T22:18:51.985] [DEBUG] debug-file - entry : default@ProcessLibs cost memory 0.10369873046875
[2026-06-22T22:18:51.986] [INFO] debug-file - UP-TO-DATE :entry:default@ProcessLibs...  
[2026-06-22T22:18:51.986] [DEBUG] debug-file - restool module names: entry; moduleName=entry, taskName=default@CompileResource
[2026-06-22T22:18:51.987] [DEBUG] debug-file - Executing task :entry:default@CompileResource
[2026-06-22T22:18:51.996] [DEBUG] debug-file - Incremental task entry:default@CompileResource pre-execution cost: 9 ms .
[2026-06-22T22:18:51.996] [DEBUG] debug-file - entry : default@CompileResource cost memory 0.9343032836914062
[2026-06-22T22:18:51.997] [INFO] debug-file - UP-TO-DATE :entry:default@CompileResource...  
[2026-06-22T22:18:51.997] [DEBUG] debug-file - Executing task :entry:default@DoNativeStrip
[2026-06-22T22:18:51.997] [DEBUG] debug-file - File: 'D:\audio-format-switch-master\audio-format-switch-master\entry\build\default\intermediates\binxo\default' from 'doBinxoNativeLibs' is not exists, just ignore.
[2026-06-22T22:18:51.998] [DEBUG] debug-file - Task 'entry:default@DoNativeStrip' cost while wrapping incremental declarations: 1 ms 
[2026-06-22T22:18:51.998] [DEBUG] debug-file - Incremental task entry:default@DoNativeStrip pre-execution cost: 1 ms .
[2026-06-22T22:18:51.998] [DEBUG] debug-file - entry : default@DoNativeStrip cost memory 0.10214996337890625
[2026-06-22T22:18:51.998] [INFO] debug-file - UP-TO-DATE :entry:default@DoNativeStrip...  
[2026-06-22T22:18:52.000] [DEBUG] debug-file - Executing task :entry:default@CompileArkTS
[2026-06-22T22:18:52.000] [DEBUG] debug-file - obfuscationOptions: undefined
[2026-06-22T22:18:52.001] [DEBUG] debug-file - Task 'entry:default@CompileArkTS' cost while wrapping incremental declarations: 1 ms 
[2026-06-22T22:18:52.006] [DEBUG] debug-file - build config:
[2026-06-22T22:18:52.006] [DEBUG] debug-file - {
  moduleType: 'entry',
  perf: 0,
  targetName: '.default',
  packageManagerType: 'ohpm',
  localPropertiesPath: 'D:\\audio-format-switch-master\\audio-format-switch-master\\local.properties',
  isPreview: false,
  isOhosTest: false,
  isLocalTest: false,
  buildMode: 'Debug',
  hotReloadBuild: undefined,
  watchMode: 'false',
  aceProfilePath: 'D:\\audio-format-switch-master\\audio-format-switch-master\\entry\\build\\default\\intermediates\\res\\default\\resources\\base\\profile',
  etsLoaderPath: 'E:\\DevEco Studio\\sdk\\default\\openharmony\\ets\\build-tools\\ets-loader',
  modulePath: 'D:\\audio-format-switch-master\\audio-format-switch-master\\entry',
  testFrameworkPar: {
    testMode: undefined,
    coveragePathFilter: undefined,
    coverageMode: undefined
  },
  needCoverageInsert: false,
  debugLine: false,
  projectTopDir: 'D:\\audio-format-switch-master\\audio-format-switch-master',
  compileSdkVersion: 23,
  compatibleSdkVersion: 20,
  originCompatibleSdkVersion: '6.0.0(20)',
  compatibleSdkVersionStage: undefined,
  bundleName: 'c***h',
  etsLoaderVersion: '6.1.0.105',
  etsLoaderReleaseType: 'Release',
  aotCompileMode: 'type',
  apPath: 'D:\\audio-format-switch-master\\audio-format-switch-master\\entry\\modules.ap',
  entryModuleName: 'entry',
  entryModuleVersion: '1.0.0',
  entryPackageName: 'entry',
  allModuleNameHash: 'be3e1490a19bd8d07662eb3de867532949623b451f558485d971c2f27ee92973',
  externalApiPaths: [ 'E:\\DevEco Studio\\sdk\\default\\hms\\ets' ],
  compilerTypes: [],
  isCrossplatform: false,
  hvigorPluginFile: undefined,
  compilePluginPath: undefined,
  buildGeneratedProfilePath: 'D:\\audio-format-switch-master\\audio-format-switch-master\\entry\\build\\default\\generated\\profile\\default',
  bundleType: 'app',
  arkTSVersion: undefined,
  apiVersion: 23,
  needCompleteSourcesMap: false,
  isFaMode: false,
  buildDir: 'D:\\audio-format-switch-master\\audio-format-switch-master\\entry\\build',
  deviceTypes: [ 'phone' ],
  pkgContextInfo: {
    entry: {
      packageName: 'entry',
      bundleName: '*****',
      moduleName: '',
      version: '',
      entryPath: 'src/main/',
      isSO: false,
      dependencyAlias: ''
    }
  },
  ohPackagePathMap: {},
  dependencyAliasMap: {},
  permission: { requestPermissions: undefined, definePermissions: undefined },
  useGetCurrentBundleName: false,
  projectArkOption: undefined,
  sourceMapDir: undefined,
  branchElimination: false,
  transformLib: undefined,
  tsImportSendable: false,
  resolveConflictMode: true,
  depName2RootPath: {},
  depName2DepInfo: {},
  depName2OhExports: {},
  rootPathSet: [ 'D:\\audio-format-switch-master\\audio-format-switch-master' ],
  useNativeResolver: true,
  shouldEmitJs: true,
  useTscResolve: false,
  singleFileEmit: false,
  userProjectConfig: {
    autoLazyImport: false,
    allowEmptyBundleName: false,
    reExportCheckMode: 'noCheck',
    executionMode: 'memory',
    usePathPlaceholder: false,
    writeRollupCache: true,
    isExpandImportEnabled: false,
    expandImportExclude: '',
    lazyImportExclude: '',
    lazyImportInclude: '',
    ignoreCrossplatformCheck: false,
    isHarDeduplicateEnabled: false,
    skipOhModulesLint: false,
    enableStrictCheckOHModule: false,
    disableSendableCheckRules: [],
    useDeclarationFileSignature: false,
    customizedOptions: undefined,
    integratedHsp: false,
    isPreloadSoEnabled: false
  },
  executionMode: 'memory',
  arkCompileCachePath: 'D:\\audio-format-switch-master\\audio-format-switch-master\\entry\\build\\default\\cache\\default\\default@CompileArkTS\\esmodule',
  autoLazyFilter: undefined,
  isHarDeduplicateEnabled: false,
  intermediateHarDuplicateDirPath: 'D:\\audio-format-switch-master\\audio-format-switch-master\\entry\\build\\default\\intermediates\\har_duplicate\\default',
  autoLazyImport: false,
  allowEmptyBundleName: false,
  reExportCheckMode: 'noCheck',
  usePathPlaceholder: false,
  writeRollupCache: true,
  isExpandImportEnabled: false,
  expandImportExclude: '',
  lazyImportExclude: '',
  lazyImportInclude: '',
  ignoreCrossplatformCheck: false,
  skipOhModulesLint: false,
  enableStrictCheckOHModule: false,
  disableSendableCheckRules: [],
  useDeclarationFileSignature: false,
  customizedOptions: undefined,
  integratedHsp: false,
  isPreloadSoEnabled: false,
  strictMode: {
    caseSensitiveCheck: true,
    useNormalizedOHMUrl: true,
    noExternalImportByPath: true
  },
  useNormalizedOHMUrl: true,
  caseSensitiveCheck: true,
  aceModuleJsonPath: 'D:\\audio-format-switch-master\\audio-format-switch-master\\entry\\build\\default\\intermediates\\res\\default\\ark_module.json',
  appResource: 'D:\\audio-format-switch-master\\audio-format-switch-master\\entry\\build\\default\\intermediates\\res\\default\\ResourceTable.txt',
  rawFileResource: 'D:\\audio-format-switch-master\\audio-format-switch-master\\entry\\build\\default\\intermediates\\res\\default\\resources\\rawfile',
  resourceTableHash: '6c01846ec43f83dda3236b826ce3ee4717843f851a24bccd7722c8787b896537',
  runtimeOS: 'HarmonyOS',
  sdkInfo: 'false:23:6.1.0.105:Release',
  aceModuleRoot: 'D:\\audio-format-switch-master\\audio-format-switch-master\\entry\\src\\main\\ets',
  compileMode: 'esmodule',
  aceSuperVisualPath: 'D:\\audio-format-switch-master\\audio-format-switch-master\\entry\\src\\main\\supervisual',
  aceBuildJson: 'D:\\audio-format-switch-master\\audio-format-switch-master\\entry\\build\\default\\intermediates\\loader\\default\\loader.json',
  cachePath: 'D:\\audio-format-switch-master\\audio-format-switch-master\\entry\\build\\default\\cache\\default\\default@CompileArkTS\\esmodule\\debug',
  aceModuleBuild: 'D:\\audio-format-switch-master\\audio-format-switch-master\\entry\\build\\default\\intermediates\\loader_out\\default\\ets',
  supportChunks: true,
  declaredFilesPath: undefined,
  shouldCollectDirectImportees: false,
  isByteCodeHarOptimize: false,
  expandImportPath: undefined,
  resourceTableTs: 'D:\\audio-format-switch-master\\audio-format-switch-master\\entry\\build\\default\\generated\\r\\default\\ResourceTable.ts',
  moduleMetaInfoFiles: [
    {
      filePath: 'D:\\audio-format-switch-master\\audio-format-switch-master\\entry\\build\\default\\generated\\r\\default\\ResourceTable.ts',
      ohmurl: '&entry/build/generated/r/ResourceTable&'
    }
  ],
  pkgNameToPkgBriefInfo: {
    entry: {
      pkgRoot: 'D:\\audio-format-switch-master\\audio-format-switch-master\\entry',
      originalSourceRoots: undefined,
      sourceRoots: [Array],
      pkgName: 'entry'
    }
  },
  projectModel: {
    'D:\\audio-format-switch-master\\audio-format-switch-master\\entry\\src\\main': {
      moduleName: 'entry',
      modulePkgPath: 'D:\\audio-format-switch-master\\audio-format-switch-master\\entry',
      belongProjectPath: 'D:\\audio-format-switch-master\\audio-format-switch-master'
    },
    'D:\\audio-format-switch-master\\audio-format-switch-master\\entry': {
      moduleName: 'entry',
      modulePkgPath: 'D:\\audio-format-switch-master\\audio-format-switch-master\\entry',
      belongProjectPath: 'D:\\audio-format-switch-master\\audio-format-switch-master'
    },
    'D:\\audio-format-switch-master\\audio-format-switch-master': {
      moduleName: 'audio-format-switch-master',
      modulePkgPath: 'D:\\audio-format-switch-master\\audio-format-switch-master',
      belongProjectPath: 'D:\\audio-format-switch-master\\audio-format-switch-master'
    }
  },
  pkgJsonFileHash: '3988b0835bccf210dee13376ccba6999fb1b98adb421db068b476e7002ad0e2d',
  allModulePaths: [
    'D:\\audio-format-switch-master\\audio-format-switch-master\\entry'
  ],
  routerMap: {},
  obfuscationOptions: undefined,
  byteCodeHarToDependencyKeys: undefined,
  compileBlockPkg: [],
  mockParams: {
    decorator: '@MockSetup',
    packageName: '@ohos/hamock',
    etsSourceRootPath: 'src/main/ets',
    mockConfigPath: undefined,
    mockConfigKey2ModuleInfo: {},
    source2ModuleIdMap: {}
  },
  copyCodeResourceEnable: false,
  copyCodeResourceExcludes: [],
  copyCodeResourceIncludes: undefined,
  uiTransformOptimization: false,
  sdkPath: 'E:/DevEco Studio/sdk',
  needPreloadSoFileSet: {},
  preloadSoFilePath: 'D:\\audio-format-switch-master\\audio-format-switch-master\\entry\\build\\default\\intermediates\\preload\\default\\preload.json',
  useSourceHash: false,
  localModuleParamMap: {},
  otherPaths: {
    'entry/*': [
      '..\\*',
      '..\\..\\..\\build\\default\\generated\\profile\\default\\*'
    ]
  },
  collectImportersConfig: undefined
}
[2026-06-22T22:18:52.006] [DEBUG] debug-file - Compile arkts with external api path: E:\DevEco Studio\sdk\default\hms\ets
[2026-06-22T22:18:52.006] [DEBUG] debug-file - default@CompileArkTS work[4] is submitted.
[2026-06-22T22:18:52.007] [DEBUG] debug-file - default@CompileArkTS work[4] is pushed to ready queue.
[2026-06-22T22:18:52.007] [DEBUG] debug-file - A work dispatched to worker[23] failed because unable to get work from ready queue.
[2026-06-22T22:18:52.007] [DEBUG] debug-file - A work dispatched to worker[22] failed because unable to get work from ready queue.
[2026-06-22T22:18:52.007] [DEBUG] debug-file - A work dispatched to worker[21] failed because unable to get work from ready queue.
[2026-06-22T22:18:52.007] [DEBUG] debug-file - A work dispatched to worker[20] failed because unable to get work from ready queue.
[2026-06-22T22:18:52.007] [DEBUG] debug-file - A work dispatched to worker[19] failed because unable to get work from ready queue.
[2026-06-22T22:18:52.007] [DEBUG] debug-file - A work dispatched to worker[18] failed because unable to get work from ready queue.
[2026-06-22T22:18:52.007] [DEBUG] debug-file - A work dispatched to worker[17] failed because unable to get work from ready queue.
[2026-06-22T22:18:52.007] [DEBUG] debug-file - A work dispatched to worker[16] failed because unable to get work from ready queue.
[2026-06-22T22:18:52.007] [DEBUG] debug-file - A work dispatched to worker[15] failed because unable to get work from ready queue.
[2026-06-22T22:18:52.007] [DEBUG] debug-file - A work dispatched to worker[14] failed because unable to get work from ready queue.
[2026-06-22T22:18:52.007] [DEBUG] debug-file - A work dispatched to worker[13] failed because unable to get work from ready queue.
[2026-06-22T22:18:52.007] [DEBUG] debug-file - A work dispatched to worker[12] failed because unable to get work from ready queue.
[2026-06-22T22:18:52.007] [DEBUG] debug-file - A work dispatched to worker[11] failed because unable to get work from ready queue.
[2026-06-22T22:18:52.007] [DEBUG] debug-file - A work dispatched to worker[10] failed because unable to get work from ready queue.
[2026-06-22T22:18:52.007] [DEBUG] debug-file - A work dispatched to worker[9] failed because unable to get work from ready queue.
[2026-06-22T22:18:52.007] [DEBUG] debug-file - A work dispatched to worker[8] failed because unable to get work from ready queue.
[2026-06-22T22:18:52.007] [DEBUG] debug-file - A work dispatched to worker[7] failed because unable to get work from ready queue.
[2026-06-22T22:18:52.007] [DEBUG] debug-file - A work dispatched to worker[6] failed because unable to get work from ready queue.
[2026-06-22T22:18:52.007] [DEBUG] debug-file - A work dispatched to worker[5] failed because unable to get work from ready queue.
[2026-06-22T22:18:52.007] [DEBUG] debug-file - default@CompileArkTS work[4] has been dispatched to worker[4].
[2026-06-22T22:18:52.007] [DEBUG] debug-file - default@CompileArkTS work[4] is dispatched.
[2026-06-22T22:18:52.007] [DEBUG] debug-file - entry : default@CompileArkTS cost memory 1.2185287475585938
[2026-06-22T22:18:52.008] [DEBUG] debug-file - Executing task :entry:default@BuildJS
[2026-06-22T22:18:52.008] [DEBUG] debug-file - Task 'entry:default@BuildJS' cost while wrapping incremental declarations: 1 ms 
[2026-06-22T22:18:52.009] [DEBUG] debug-file - entry : default@BuildJS cost memory 0.163543701171875
[2026-06-22T22:18:52.009] [DEBUG] debug-file - runTaskFromQueue task cost before running: 169 ms 
[2026-06-22T22:18:52.009] [INFO] debug-file - Finished :entry:default@BuildJS... after 2 ms 
[2026-06-22T22:18:52.010] [DEBUG] debug-file - Executing task :entry:default@CacheNativeLibs
[2026-06-22T22:18:52.010] [DEBUG] debug-file - File: 'D:\audio-format-switch-master\audio-format-switch-master\entry\build\default\intermediates\binxo\default' from 'cacheBinxoNativeLibs' is not exists, just ignore.
[2026-06-22T22:18:52.010] [DEBUG] debug-file - Task 'entry:default@CacheNativeLibs' cost while wrapping incremental declarations: 1 ms 
[2026-06-22T22:18:52.011] [DEBUG] debug-file - Incremental task entry:default@CacheNativeLibs pre-execution cost: 1 ms .
[2026-06-22T22:18:52.011] [DEBUG] debug-file - entry : default@CacheNativeLibs cost memory 0.12934112548828125
[2026-06-22T22:18:52.011] [INFO] debug-file - UP-TO-DATE :entry:default@CacheNativeLibs...  
[2026-06-22T22:18:53.051] [DEBUG] debug-file - worker[4] has one work error.
[2026-06-22T22:18:53.051] [DEBUG] debug-file - Ark compile task finished.finished time is 1729074817033300
[2026-06-22T22:18:53.051] [DEBUG] debug-file - default@CompileArkTS work[4] failed.
[2026-06-22T22:18:53.052] [ERROR] debug-file - Failed :entry:default@CompileArkTS... 
[2026-06-22T22:18:53.052] [WARN] debug-file - 
[33m1 WARN: [33m[33mArkTS:WARN: For details about ArkTS syntax errors, see FAQs[39m[39m
[2026-06-22T22:18:53.052] [DEBUG] debug-file - hvigor build process will be closed with an error.
[2026-06-22T22:18:53.053] [DEBUG] debug-file - ERROR: stacktrace = Error: ArkTS Compiler Error
[31m1 ERROR: [31m10605008 ArkTS Compiler Error
Error Message: Use explicit types instead of "any", "unknown" (arkts-no-any-unknown) At File: D:/audio-format-switch-master/audio-format-switch-master/entry/src/main/ets/entryability/EntryAbility.ets:93:13
[39m
[39m
[31m2 ERROR: [31m10605008 ArkTS Compiler Error
Error Message: Use explicit types instead of "any", "unknown" (arkts-no-any-unknown) At File: D:/audio-format-switch-master/audio-format-switch-master/entry/src/main/ets/entryability/EntryAbility.ets:94:13
[39m
[39m
[31m3 ERROR: [31m10605008 ArkTS Compiler Error
Error Message: Use explicit types instead of "any", "unknown" (arkts-no-any-unknown) At File: D:/audio-format-switch-master/audio-format-switch-master/entry/src/main/ets/entryability/EntryAbility.ets:138:15
[39m
[39m
[31m4 ERROR: [31m10605008 ArkTS Compiler Error
Error Message: Use explicit types instead of "any", "unknown" (arkts-no-any-unknown) At File: D:/audio-format-switch-master/audio-format-switch-master/entry/src/main/ets/entryability/EntryAbility.ets:143:15
[39m
[39m
[31m5 ERROR: [31m10605008 ArkTS Compiler Error
Error Message: Use explicit types instead of "any", "unknown" (arkts-no-any-unknown) At File: D:/audio-format-switch-master/audio-format-switch-master/entry/src/main/ets/entryability/EntryAbility.ets:144:15
[39m
[39m
[31m6 ERROR: [31m10605008 ArkTS Compiler Error
Error Message: Use explicit types instead of "any", "unknown" (arkts-no-any-unknown) At File: D:/audio-format-switch-master/audio-format-switch-master/entry/src/main/ets/player/PlayerController.ets:220:13
[39m
[39m
[31m7 ERROR: [31m10605008 ArkTS Compiler Error
Error Message: Use explicit types instead of "any", "unknown" (arkts-no-any-unknown) At File: D:/audio-format-switch-master/audio-format-switch-master/entry/src/main/ets/player/PlayerController.ets:221:13
[39m
[39m
[31m8 ERROR: [31m10605008 ArkTS Compiler Error
Error Message: Use explicit types instead of "any", "unknown" (arkts-no-any-unknown) At File: D:/audio-format-switch-master/audio-format-switch-master/entry/src/main/ets/player/PlayerController.ets:250:13
[39m
[39m
[31m9 ERROR: [31m10605008 ArkTS Compiler Error
Error Message: Use explicit types instead of "any", "unknown" (arkts-no-any-unknown) At File: D:/audio-format-switch-master/audio-format-switch-master/entry/src/main/ets/player/PlayerController.ets:251:13
[39m
[39m
[31m10 ERROR: [31m10505001 ArkTS Compiler Error
Error Message: Property 'getDataSharePreferences' does not exist on type 'UIAbilityContext'. At File: D:/audio-format-switch-master/audio-format-switch-master/entry/src/main/ets/entryability/EntryAbility.ets:93:33
[39m
[39m
[31m11 ERROR: [31m10505001 ArkTS Compiler Error
Error Message: Property 'getDataSharePreferences' does not exist on type 'UIAbilityContext'. At File: D:/audio-format-switch-master/audio-format-switch-master/entry/src/main/ets/entryability/EntryAbility.ets:143:35
[39m
[39m
[31m12 ERROR: [31m10505001 ArkTS Compiler Error
Error Message: Property 'getDataSharePreferences' does not exist on type 'Context'. At File: D:/audio-format-switch-master/audio-format-switch-master/entry/src/main/ets/player/PlayerController.ets:220:33
[39m
[39m
[31m13 ERROR: [31m10505001 ArkTS Compiler Error
Error Message: Property 'getDataSharePreferences' does not exist on type 'Context'. At File: D:/audio-format-switch-master/audio-format-switch-master/entry/src/main/ets/player/PlayerController.ets:250:33
[39m
[39m
[31m14 ERROR: [31m10505001 ArkTS Compiler Error
Error Message: Property 'startAbilityContinuation' does not exist on type 'Context'. At File: D:/audio-format-switch-master/audio-format-switch-master/entry/src/main/ets/components/ControlAreaComponent.ets:691:26
[39m
[39m
[31mCOMPILE RESULT:FAIL {ERROR:15 WARN:1}[39m
    at runArkPack (E:\DevEco Studio\tools\hvigor\hvigor-ohos-plugin\node_modules\@ohos\hvigor-arkts-compose\dist\src\arkts-pack.js:1:5076)
ArkTSCompilerError: ArkTS Compiler Error
    at throwArkTsCompilerError (E:\DevEco Studio\tools\hvigor\hvigor-ohos-plugin\node_modules\@ohos\hvigor-arkts-compose\dist\src\data\compose-error.js:1:423)
    at throwErrorIfHasErrorInfo (E:\DevEco Studio\tools\hvigor\hvigor-ohos-plugin\node_modules\@ohos\hvigor-arkts-compose\dist\src\plugins\common-plugin.js:1:4894)
    at Object.handler (E:\DevEco Studio\tools\hvigor\hvigor-ohos-plugin\node_modules\@ohos\hvigor-arkts-compose\dist\src\plugins\common-plugin.js:1:2989)
    at E:\DevEco Studio\tools\hvigor\hvigor-ohos-plugin\node_modules\@ohos\hvigor-arkts-base\node_modules\rollup\dist\shared\rollup.js:27864:40
[2026-06-22T22:18:53.053] [ERROR] debug-file - Error: ArkTS Compiler Error
[31m1 ERROR: [31m10605008 ArkTS Compiler Error
Error Message: Use explicit types instead of "any", "unknown" (arkts-no-any-unknown) At File: D:/audio-format-switch-master/audio-format-switch-master/entry/src/main/ets/entryability/EntryAbility.ets:93:13
[39m
[39m
[31m2 ERROR: [31m10605008 ArkTS Compiler Error
Error Message: Use explicit types instead of "any", "unknown" (arkts-no-any-unknown) At File: D:/audio-format-switch-master/audio-format-switch-master/entry/src/main/ets/entryability/EntryAbility.ets:94:13
[39m
[39m
[31m3 ERROR: [31m10605008 ArkTS Compiler Error
Error Message: Use explicit types instead of "any", "unknown" (arkts-no-any-unknown) At File: D:/audio-format-switch-master/audio-format-switch-master/entry/src/main/ets/entryability/EntryAbility.ets:138:15
[39m
[39m
[31m4 ERROR: [31m10605008 ArkTS Compiler Error
Error Message: Use explicit types instead of "any", "unknown" (arkts-no-any-unknown) At File: D:/audio-format-switch-master/audio-format-switch-master/entry/src/main/ets/entryability/EntryAbility.ets:143:15
[39m
[39m
[31m5 ERROR: [31m10605008 ArkTS Compiler Error
Error Message: Use explicit types instead of "any", "unknown" (arkts-no-any-unknown) At File: D:/audio-format-switch-master/audio-format-switch-master/entry/src/main/ets/entryability/EntryAbility.ets:144:15
[39m
[39m
[31m6 ERROR: [31m10605008 ArkTS Compiler Error
Error Message: Use explicit types instead of "any", "unknown" (arkts-no-any-unknown) At File: D:/audio-format-switch-master/audio-format-switch-master/entry/src/main/ets/player/PlayerController.ets:220:13
[39m
[39m
[31m7 ERROR: [31m10605008 ArkTS Compiler Error
Error Message: Use explicit types instead of "any", "unknown" (arkts-no-any-unknown) At File: D:/audio-format-switch-master/audio-format-switch-master/entry/src/main/ets/player/PlayerController.ets:221:13
[39m
[39m
[31m8 ERROR: [31m10605008 ArkTS Compiler Error
Error Message: Use explicit types instead of "any", "unknown" (arkts-no-any-unknown) At File: D:/audio-format-switch-master/audio-format-switch-master/entry/src/main/ets/player/PlayerController.ets:250:13
[39m
[39m
[31m9 ERROR: [31m10605008 ArkTS Compiler Error
Error Message: Use explicit types instead of "any", "unknown" (arkts-no-any-unknown) At File: D:/audio-format-switch-master/audio-format-switch-master/entry/src/main/ets/player/PlayerController.ets:251:13
[39m
[39m
[31m10 ERROR: [31m10505001 ArkTS Compiler Error
Error Message: Property 'getDataSharePreferences' does not exist on type 'UIAbilityContext'. At File: D:/audio-format-switch-master/audio-format-switch-master/entry/src/main/ets/entryability/EntryAbility.ets:93:33
[39m
[39m
[31m11 ERROR: [31m10505001 ArkTS Compiler Error
Error Message: Property 'getDataSharePreferences' does not exist on type 'UIAbilityContext'. At File: D:/audio-format-switch-master/audio-format-switch-master/entry/src/main/ets/entryability/EntryAbility.ets:143:35
[39m
[39m
[31m12 ERROR: [31m10505001 ArkTS Compiler Error
Error Message: Property 'getDataSharePreferences' does not exist on type 'Context'. At File: D:/audio-format-switch-master/audio-format-switch-master/entry/src/main/ets/player/PlayerController.ets:220:33
[39m
[39m
[31m13 ERROR: [31m10505001 ArkTS Compiler Error
Error Message: Property 'getDataSharePreferences' does not exist on type 'Context'. At File: D:/audio-format-switch-master/audio-format-switch-master/entry/src/main/ets/player/PlayerController.ets:250:33
[39m
[39m
[31m14 ERROR: [31m10505001 ArkTS Compiler Error
Error Message: Property 'startAbilityContinuation' does not exist on type 'Context'. At File: D:/audio-format-switch-master/audio-format-switch-master/entry/src/main/ets/components/ControlAreaComponent.ets:691:26
[39m
[39m
[31mCOMPILE RESULT:FAIL {ERROR:15 WARN:1}[39m
    at runArkPack (E:\DevEco Studio\tools\hvigor\hvigor-ohos-plugin\node_modules\@ohos\hvigor-arkts-compose\dist\src\arkts-pack.js:1:5076)
ArkTSCompilerError: ArkTS Compiler Error
    at throwArkTsCompilerError (E:\DevEco Studio\tools\hvigor\hvigor-ohos-plugin\node_modules\@ohos\hvigor-arkts-compose\dist\src\data\compose-error.js:1:423)
    at throwErrorIfHasErrorInfo (E:\DevEco Studio\tools\hvigor\hvigor-ohos-plugin\node_modules\@ohos\hvigor-arkts-compose\dist\src\plugins\common-plugin.js:1:4894)
    at Object.handler (E:\DevEco Studio\tools\hvigor\hvigor-ohos-plugin\node_modules\@ohos\hvigor-arkts-compose\dist\src\plugins\common-plugin.js:1:2989)
    at E:\DevEco Studio\tools\hvigor\hvigor-ohos-plugin\node_modules\@ohos\hvigor-arkts-base\node_modules\rollup\dist\shared\rollup.js:27864:40
[2026-06-22T22:18:53.072] [ERROR] debug-file - BUILD FAILED in 1 s 232 ms 
[2026-06-22T22:18:53.072] [DEBUG] debug-file - There is no need to refresh cache, since the incremental task entry:default@PreBuild is up-to-date.
[2026-06-22T22:18:53.072] [DEBUG] debug-file - Update task entry:default@CreateModuleInfo output file:D:\audio-format-switch-master\audio-format-switch-master\entry\build\default\generated\profile\default\ModuleInfo.ts cache.
[2026-06-22T22:18:53.072] [DEBUG] debug-file - Incremental task entry:default@CreateModuleInfo post-execution cost:1 ms .
[2026-06-22T22:18:53.072] [DEBUG] debug-file - There is no need to refresh cache, since the incremental task entry:default@GenerateMetadata is up-to-date.
[2026-06-22T22:18:53.072] [DEBUG] debug-file - There is no need to refresh cache, since the incremental task entry:default@MergeProfile is up-to-date.
[2026-06-22T22:18:53.072] [DEBUG] debug-file - There is no need to refresh cache, since the incremental task entry:default@CreateBuildProfile is up-to-date.
[2026-06-22T22:18:53.072] [DEBUG] debug-file - There is no need to refresh cache, since the incremental task entry:default@GeneratePkgContextInfo is up-to-date.
[2026-06-22T22:18:53.073] [DEBUG] debug-file - Update task entry:default@GeneratePkgSdkInfo output file:D:\audio-format-switch-master\audio-format-switch-master\entry\build\default\intermediates\loader\default\pkgSdkInfo.json cache.
[2026-06-22T22:18:53.073] [DEBUG] debug-file - Incremental task entry:default@GeneratePkgSdkInfo post-execution cost:1 ms .
[2026-06-22T22:18:53.073] [DEBUG] debug-file - Update task entry:default@ProcessIntegratedHsp output file:D:\audio-format-switch-master\audio-format-switch-master\build\cache\default\integrated_hsp\integratedHspCache.json cache.
[2026-06-22T22:18:53.073] [DEBUG] debug-file - Incremental task entry:default@ProcessIntegratedHsp post-execution cost:1 ms .
[2026-06-22T22:18:53.073] [DEBUG] debug-file - There is no need to refresh cache, since the incremental task entry:default@MakePackInfo is up-to-date.
[2026-06-22T22:18:53.073] [DEBUG] debug-file - Update task entry:default@SyscapTransform input file:E:\DevEco Studio\sdk\default\openharmony\toolchains\syscap_tool.exe cache by regenerate.
[2026-06-22T22:18:53.073] [DEBUG] debug-file - Update task entry:default@SyscapTransform input file:E:\DevEco Studio\sdk\default\openharmony\ets\api\device-define cache by regenerate.
[2026-06-22T22:18:53.074] [DEBUG] debug-file - Update task entry:default@SyscapTransform output file:D:\audio-format-switch-master\audio-format-switch-master\entry\build\default\intermediates\syscap\default\rpcid.sc cache.
[2026-06-22T22:18:53.074] [DEBUG] debug-file - Incremental task entry:default@SyscapTransform post-execution cost:2 ms .
[2026-06-22T22:18:53.075] [DEBUG] debug-file - There is no need to refresh cache, since the incremental task entry:default@ProcessProfile is up-to-date.
[2026-06-22T22:18:53.075] [DEBUG] debug-file - There is no need to refresh cache, since the incremental task entry:default@ProcessRouterMap is up-to-date.
[2026-06-22T22:18:53.075] [DEBUG] debug-file - There is no need to refresh cache, since the incremental task entry:default@ProcessShareConfig is up-to-date.
[2026-06-22T22:18:53.075] [DEBUG] debug-file - Update task entry:default@ProcessStartupConfig input file:D:\audio-format-switch-master\audio-format-switch-master\entry\build\default\intermediates\loader\default\pkgContextInfo.json cache by regenerate.
[2026-06-22T22:18:53.075] [DEBUG] debug-file - Update task entry:default@ProcessStartupConfig output file:D:\audio-format-switch-master\audio-format-switch-master\entry\build\default\intermediates\startup\default\startup_config.json cache.
[2026-06-22T22:18:53.075] [DEBUG] debug-file - Incremental task entry:default@ProcessStartupConfig post-execution cost:1 ms .
[2026-06-22T22:18:53.075] [DEBUG] debug-file - There is no need to refresh cache, since the incremental task entry:default@ProcessResource is up-to-date.
[2026-06-22T22:18:53.076] [DEBUG] debug-file - There is no need to refresh cache, since the incremental task entry:default@GenerateLoaderJson is up-to-date.
[2026-06-22T22:18:53.076] [DEBUG] debug-file - There is no need to refresh cache, since the incremental task entry:default@ProcessLibs is up-to-date.
[2026-06-22T22:18:53.076] [DEBUG] debug-file - There is no need to refresh cache, since the incremental task entry:default@CompileResource is up-to-date.
[2026-06-22T22:18:53.076] [DEBUG] debug-file - There is no need to refresh cache, since the incremental task entry:default@DoNativeStrip is up-to-date.
[2026-06-22T22:18:53.077] [DEBUG] debug-file - Update task entry:default@CompileArkTS input file:D:\audio-format-switch-master\audio-format-switch-master\entry\build\default\intermediates\loader\default cache by regenerate.
[2026-06-22T22:18:53.077] [DEBUG] debug-file - Update task entry:default@CompileArkTS input file:D:\audio-format-switch-master\audio-format-switch-master\entry\build\default\intermediates\res\default\resources\rawfile cache by regenerate.
[2026-06-22T22:18:53.078] [DEBUG] debug-file - Update task entry:default@CompileArkTS input file:D:\audio-format-switch-master\audio-format-switch-master\entry\build\default\intermediates\res\default\ResourceTable.txt cache by regenerate.
[2026-06-22T22:18:53.078] [DEBUG] debug-file - Update task entry:default@CompileArkTS input file:D:\audio-format-switch-master\audio-format-switch-master\entry\build\default\intermediates\res\default\ark_module.json cache by regenerate.
[2026-06-22T22:18:53.078] [DEBUG] debug-file - Update task entry:default@CompileArkTS input file:D:\audio-format-switch-master\audio-format-switch-master\entry\build\default\intermediates\res\default\resources\base\profile cache by regenerate.
[2026-06-22T22:18:53.079] [DEBUG] debug-file - Update task entry:default@CompileArkTS input file:D:\audio-format-switch-master\audio-format-switch-master\entry\src\main\ets cache by regenerate.
[2026-06-22T22:18:53.081] [DEBUG] debug-file - Update task entry:default@CompileArkTS input file:D:\audio-format-switch-master\audio-format-switch-master\entry\build\default\intermediates\loader\default\pkgContextInfo.json cache by regenerate.
[2026-06-22T22:18:53.081] [DEBUG] debug-file - Update task entry:default@CompileArkTS input file:D:\audio-format-switch-master\audio-format-switch-master\entry\build\default\generated\profile\default\BuildProfile.ets cache by regenerate.
[2026-06-22T22:18:53.081] [DEBUG] debug-file - Update task entry:default@CompileArkTS output file:D:\audio-format-switch-master\audio-format-switch-master\entry\build\default\intermediates\loader_out\default\ets cache.
[2026-06-22T22:18:53.081] [DEBUG] debug-file - Incremental task entry:default@CompileArkTS post-execution cost:6 ms .
[2026-06-22T22:18:53.083] [DEBUG] debug-file - Update task entry:default@BuildJS input file:D:\audio-format-switch-master\audio-format-switch-master\entry\build\default\intermediates\loader\default cache by regenerate.
[2026-06-22T22:18:53.084] [DEBUG] debug-file - Update task entry:default@BuildJS input file:D:\audio-format-switch-master\audio-format-switch-master\entry\build\default\intermediates\res\default\resources\rawfile cache by regenerate.
[2026-06-22T22:18:53.084] [DEBUG] debug-file - Update task entry:default@BuildJS input file:D:\audio-format-switch-master\audio-format-switch-master\entry\build\default\intermediates\res\default\ResourceTable.txt cache by regenerate.
[2026-06-22T22:18:53.084] [DEBUG] debug-file - Update task entry:default@BuildJS input file:D:\audio-format-switch-master\audio-format-switch-master\entry\build\default\intermediates\res\default\ark_module.json cache by regenerate.
[2026-06-22T22:18:53.084] [DEBUG] debug-file - Update task entry:default@BuildJS input file:D:\audio-format-switch-master\audio-format-switch-master\entry\build\default\intermediates\res\default\resources\base\profile cache by regenerate.
[2026-06-22T22:18:53.086] [DEBUG] debug-file - Update task entry:default@BuildJS input file:D:\audio-format-switch-master\audio-format-switch-master\entry\build\default\intermediates\loader\default\pkgContextInfo.json cache by regenerate.
[2026-06-22T22:18:53.086] [DEBUG] debug-file - Update task entry:default@BuildJS output file:D:\audio-format-switch-master\audio-format-switch-master\entry\build\default\intermediates\loader_out\default\js cache.
[2026-06-22T22:18:53.087] [DEBUG] debug-file - Incremental task entry:default@BuildJS post-execution cost:6 ms .
[2026-06-22T22:18:53.087] [DEBUG] debug-file - There is no need to refresh cache, since the incremental task entry:default@CacheNativeLibs is up-to-date.
[2026-06-22T22:18:53.110] [DEBUG] debug-file - hvigor build process will be closed.
[2026-06-22T22:18:53.114] [DEBUG] debug-file - session manager: send message to worker process.
[2026-06-22T22:18:53.115] [DEBUG] debug-file - session manager: send message to worker process.
[2026-06-22T22:18:53.116] [DEBUG] debug-file - watch worker: worker id should be larger than 0. Nothing will be sent to any worker thread.
[2026-06-22T22:18:53.116] [DEBUG] debug-file - watch worker: worker id should be larger than 0. Nothing will be sent to any worker thread.
[2026-06-22T22:45:35.624] [DEBUG] debug-file - session manager: set active socket. socketId=o1hrUsQdoupsev3oAAAJ
[2026-06-22T22:45:34.231] [DEBUG] debug-file - watch worker: worker id should be larger than 0. Nothing will be sent to any worker thread.
[2026-06-22T22:45:34.233] [DEBUG] debug-file - Workers' log level updated to INFO
[2026-06-22T22:45:34.235] [DEBUG] debug-file - Hvigor init with startParameters:{
  hvigorfileTypeCheck: false,
  parallelExecution: true,
  incrementalExecution: true,
  printStackTrace: false,
  daemon: true,
  analyze: 0,
  logLevel: Level { level: 20000, levelStr: 'INFO', colour: 'green' },
  optimizationStrategy: 'memory',
  hotCompile: undefined,
  hotReloadBuild: undefined,
  customizedParam: undefined
}
[2026-06-22T22:45:34.238] [DEBUG] debug-file - Cache service initialization finished in 3 ms 
[2026-06-22T22:45:34.240] [DEBUG] debug-file - hvigorfile, resolving D:\audio-format-switch-master\audio-format-switch-master\hvigorfile.ts
[2026-06-22T22:45:34.245] [DEBUG] debug-file - hvigorfile, require result:  { default: { plugins: [] } }
[2026-06-22T22:45:34.246] [DEBUG] debug-file - hvigorfile, binding system plugins null
[2026-06-22T22:45:34.246] [DEBUG] debug-file - Starting plugin build process
[2026-06-22T22:45:34.246] [DEBUG] debug-file - App plugin prepare start...
[2026-06-22T22:45:34.246] [DEBUG] debug-file - App plugin prepare end...
[2026-06-22T22:45:34.246] [DEBUG] debug-file - App plugin creating...
[2026-06-22T22:45:34.250] [DEBUG] debug-file - App plugin register hook start...
[2026-06-22T22:45:34.250] [DEBUG] debug-file - App plugin register hook end...
[2026-06-22T22:45:34.250] [DEBUG] debug-file - Plugin build process completed
[2026-06-22T22:45:34.250] [DEBUG] debug-file - Start initialize project's product build option map with build mode debug.
[2026-06-22T22:45:34.251] [DEBUG] debug-file - Picking option from product 'default' with build mode 'debug'.
[2026-06-22T22:45:34.251] [DEBUG] debug-file - Product 'default' build option initialized
[2026-06-22T22:45:34.251] [DEBUG] debug-file - End initialize project's product build option map with build mode 'debug'.
[2026-06-22T22:45:34.251] [DEBUG] debug-file - Obtain build option for product 'default'in this build.
[2026-06-22T22:45:34.251] [DEBUG] debug-file - No signingConfig found, initRemoteHspCache failed.
[2026-06-22T22:45:34.253] [DEBUG] debug-file - Start recording SDK configuration permission data.
[2026-06-22T22:45:34.277] [DEBUG] debug-file - Sdk init in 26 ms 
[2026-06-22T22:45:34.280] [DEBUG] debug-file - Project task initialization takes 2 ms 
[2026-06-22T22:45:34.280] [DEBUG] debug-file - hvigorfile, begin to bind custom plugins...
[2026-06-22T22:45:34.280] [DEBUG] debug-file - hvigorfile, no custom plugins were found in D:\audio-format-switch-master\audio-format-switch-master\hvigorfile.ts
[2026-06-22T22:45:34.280] [DEBUG] debug-file - hvigorfile, resolve finished D:\audio-format-switch-master\audio-format-switch-master\hvigorfile.ts
[2026-06-22T22:45:34.280] [DEBUG] debug-file - hvigorfile, resolving D:\audio-format-switch-master\audio-format-switch-master\entry\hvigorfile.ts
[2026-06-22T22:45:34.285] [DEBUG] debug-file - hvigorfile, require result:  { default: { plugins: [] } }
[2026-06-22T22:45:34.285] [DEBUG] debug-file - hvigorfile, binding system plugins null
[2026-06-22T22:45:34.285] [DEBUG] debug-file - Starting plugin build process
[2026-06-22T22:45:34.285] [DEBUG] debug-file - Hap plugin creating...
[2026-06-22T22:45:34.286] [DEBUG] debug-file - failed to load cangjie to dynamically generate schemas: Error: Cannot find module '@ohos/cangjie-build-support/index'
Require stack:
- E:\DevEco Studio\tools\hvigor\hvigor-ohos-plugin\src\plugin\hooks\cangjie-register.js
- E:\DevEco Studio\tools\hvigor\hvigor-ohos-plugin\src\plugin\strategy\stage-init-strategy.js
- E:\DevEco Studio\tools\hvigor\hvigor-ohos-plugin\src\plugin\builder\abstract-plugin-builder.js
- E:\DevEco Studio\tools\hvigor\hvigor-ohos-plugin\src\plugin\builder\app-plugin-builder.js
- E:\DevEco Studio\tools\hvigor\hvigor-ohos-plugin\src\plugin\factory\plugin-factory.js
- E:\DevEco Studio\tools\hvigor\hvigor-ohos-plugin\index.js
- D:\audio-format-switch-master\audio-format-switch-master\hvigorfile.ts
- E:\DevEco Studio\tools\hvigor\hvigor\src\base\internal\lifecycle\configuration.js
- E:\DevEco Studio\tools\hvigor\hvigor\src\base\boot\index.js
- E:\DevEco Studio\tools\hvigor\hvigor\src\base\daemon\cluster\worker-process-lifecycle.js
- E:\DevEco Studio\tools\hvigor\hvigor\src\base\daemon\process\daemon-process-boot-script.js
[2026-06-22T22:45:34.295] [DEBUG] debug-file - Start initialize module-target build option map, moduleName=entry, buildMode=release
[2026-06-22T22:45:34.295] [DEBUG] debug-file - Target 'default' config initialized
[2026-06-22T22:45:34.296] [DEBUG] debug-file - Module 'entry' target 'default' build option initialized
[2026-06-22T22:45:34.296] [DEBUG] debug-file - End initialize module-target build option map, moduleName=entry
[2026-06-22T22:45:34.296] [DEBUG] debug-file - Start initialize module-target build option map, moduleName=entry, buildMode=debug
[2026-06-22T22:45:34.296] [DEBUG] debug-file - Target 'default' config initialized
[2026-06-22T22:45:34.296] [DEBUG] debug-file - Module 'entry' target 'default' build option initialized
[2026-06-22T22:45:34.297] [DEBUG] debug-file - End initialize module-target build option map, moduleName=entry
[2026-06-22T22:45:34.297] [DEBUG] debug-file - Start initialize module-target build option map, moduleName=entry, buildMode=debug
[2026-06-22T22:45:34.297] [DEBUG] debug-file - Target 'default' config initialized
[2026-06-22T22:45:34.297] [DEBUG] debug-file - Module 'entry' target 'default' build option initialized
[2026-06-22T22:45:34.297] [DEBUG] debug-file - End initialize module-target build option map, moduleName=entry
[2026-06-22T22:45:34.297] [DEBUG] debug-file - Obtain build option for module 'entry' target 'default'in this build.
[2026-06-22T22:45:34.298] [DEBUG] debug-file - Module entry task initialization takes 1 ms 
[2026-06-22T22:45:34.298] [DEBUG] debug-file - Hap plugin register hook start...
[2026-06-22T22:45:34.298] [DEBUG] debug-file - Hap plugin register hook end...
[2026-06-22T22:45:34.298] [DEBUG] debug-file - Plugin build process completed
[2026-06-22T22:45:34.298] [DEBUG] debug-file - hvigorfile, begin to bind custom plugins...
[2026-06-22T22:45:34.298] [DEBUG] debug-file - hvigorfile, no custom plugins were found in D:\audio-format-switch-master\audio-format-switch-master\entry\hvigorfile.ts
[2026-06-22T22:45:34.298] [DEBUG] debug-file - hvigorfile, resolve finished D:\audio-format-switch-master\audio-format-switch-master\entry\hvigorfile.ts
[2026-06-22T22:45:34.312] [DEBUG] debug-file - hvigorfile, resolve hvigorfile dependencies in 14 ms 
[2026-06-22T22:45:34.312] [DEBUG] debug-file - project has submodules:entry
[2026-06-22T22:45:34.313] [DEBUG] debug-file - start to load updatedOhPackageInfo to the disk
[2026-06-22T22:45:34.314] [DEBUG] debug-file - load to the disk finished
[2026-06-22T22:45:34.315] [DEBUG] debug-file - Start to initialize dependency information.
[2026-06-22T22:45:34.315] [DEBUG] debug-file - Module audio-format-switch-master Collected Dependency: 
[2026-06-22T22:45:34.315] [DEBUG] debug-file - Module audio-format-switch-master's total dependency: 0
[2026-06-22T22:45:34.316] [DEBUG] debug-file - Start to initialize dependency information.
[2026-06-22T22:45:34.316] [DEBUG] debug-file - Module entry Collected Dependency: 
[2026-06-22T22:45:34.316] [DEBUG] debug-file - Module entry's total dependency: 0
[2026-06-22T22:45:34.317] [DEBUG] debug-file - Configuration phase cost:79 ms 
[2026-06-22T22:45:34.318] [DEBUG] debug-file - Configuration task cost before running: 85 ms 
[2026-06-22T22:45:34.320] [DEBUG] debug-file - Executing task :entry:default@PreBuild
[2026-06-22T22:45:34.320] [DEBUG] debug-file - Task 'entry:default@PreBuild' cost while wrapping incremental declarations: 1 ms 
[2026-06-22T22:45:34.323] [DEBUG] debug-file - Incremental task entry:default@PreBuild pre-execution cost: 3 ms .
[2026-06-22T22:45:34.324] [DEBUG] debug-file - entry : default@PreBuild cost memory -1.497039794921875
[2026-06-22T22:45:34.324] [INFO] debug-file - UP-TO-DATE :entry:default@PreBuild...  
[2026-06-22T22:45:34.325] [DEBUG] debug-file - Executing task :entry:default@CreateModuleInfo
[2026-06-22T22:45:34.325] [DEBUG] debug-file - Task 'entry:default@CreateModuleInfo' cost while wrapping incremental declarations: 1 ms 
[2026-06-22T22:45:34.325] [DEBUG] debug-file - entry : default@CreateModuleInfo cost memory 0.04363250732421875
[2026-06-22T22:45:34.325] [DEBUG] debug-file - runTaskFromQueue task cost before running: 92 ms 
[2026-06-22T22:45:34.325] [INFO] debug-file - Finished :entry:default@CreateModuleInfo... after 1 ms 
[2026-06-22T22:45:34.326] [DEBUG] debug-file - Executing task :entry:default@GenerateMetadata
[2026-06-22T22:45:34.326] [DEBUG] debug-file - Task 'entry:default@GenerateMetadata' cost while wrapping incremental declarations: 1 ms 
[2026-06-22T22:45:34.326] [DEBUG] debug-file - Incremental task entry:default@GenerateMetadata pre-execution cost: 1 ms .
[2026-06-22T22:45:34.326] [DEBUG] debug-file - entry : default@GenerateMetadata cost memory 0.0865478515625
[2026-06-22T22:45:34.326] [INFO] debug-file - UP-TO-DATE :entry:default@GenerateMetadata...  
[2026-06-22T22:45:34.327] [DEBUG] debug-file - Executing task :entry:default@ConfigureCmake
[2026-06-22T22:45:34.327] [DEBUG] debug-file - entry : default@ConfigureCmake cost memory 0.0155181884765625
[2026-06-22T22:45:34.327] [DEBUG] debug-file - runTaskFromQueue task cost before running: 94 ms 
[2026-06-22T22:45:34.327] [INFO] debug-file - Finished :entry:default@ConfigureCmake... after 1 ms 
[2026-06-22T22:45:34.328] [DEBUG] debug-file - Executing task :entry:default@MergeProfile
[2026-06-22T22:45:34.328] [DEBUG] debug-file - Task 'entry:default@MergeProfile' cost while wrapping incremental declarations: 1 ms 
[2026-06-22T22:45:34.329] [DEBUG] debug-file - Incremental task entry:default@MergeProfile pre-execution cost: 1 ms .
[2026-06-22T22:45:34.329] [DEBUG] debug-file - entry : default@MergeProfile cost memory 0.1288604736328125
[2026-06-22T22:45:34.329] [INFO] debug-file - UP-TO-DATE :entry:default@MergeProfile...  
[2026-06-22T22:45:34.330] [DEBUG] debug-file - Executing task :entry:default@CreateBuildProfile
[2026-06-22T22:45:34.330] [DEBUG] debug-file - Task 'entry:default@CreateBuildProfile' cost while wrapping incremental declarations: 1 ms 
[2026-06-22T22:45:34.331] [DEBUG] debug-file - Incremental task entry:default@CreateBuildProfile pre-execution cost: 1 ms .
[2026-06-22T22:45:34.331] [DEBUG] debug-file - entry : default@CreateBuildProfile cost memory 0.1077423095703125
[2026-06-22T22:45:34.331] [INFO] debug-file - UP-TO-DATE :entry:default@CreateBuildProfile...  
[2026-06-22T22:45:34.331] [DEBUG] debug-file - Executing task :entry:default@PreCheckSyscap
[2026-06-22T22:45:34.331] [DEBUG] debug-file - entry : default@PreCheckSyscap cost memory 0.01570892333984375
[2026-06-22T22:45:34.331] [DEBUG] debug-file - runTaskFromQueue task cost before running: 99 ms 
[2026-06-22T22:45:34.331] [INFO] debug-file - Finished :entry:default@PreCheckSyscap... after 1 ms 
[2026-06-22T22:45:34.332] [DEBUG] debug-file - Executing task :entry:default@GeneratePkgContextInfo
[2026-06-22T22:45:34.334] [DEBUG] debug-file - Task 'entry:default@GeneratePkgContextInfo' cost while wrapping incremental declarations: 1 ms 
[2026-06-22T22:45:34.334] [DEBUG] debug-file - Incremental task entry:default@GeneratePkgContextInfo pre-execution cost: 1 ms .
[2026-06-22T22:45:34.334] [DEBUG] debug-file - entry : default@GeneratePkgContextInfo cost memory 0.17691802978515625
[2026-06-22T22:45:34.334] [INFO] debug-file - UP-TO-DATE :entry:default@GeneratePkgContextInfo...  
[2026-06-22T22:45:34.335] [DEBUG] debug-file - Executing task :entry:default@GeneratePkgSdkInfo
[2026-06-22T22:45:34.335] [DEBUG] debug-file - Task 'entry:default@GeneratePkgSdkInfo' cost while wrapping incremental declarations: 1 ms 
[2026-06-22T22:45:34.336] [DEBUG] debug-file - entry : default@GeneratePkgSdkInfo cost memory 0.097076416015625
[2026-06-22T22:45:34.336] [DEBUG] debug-file - runTaskFromQueue task cost before running: 103 ms 
[2026-06-22T22:45:34.336] [INFO] debug-file - Finished :entry:default@GeneratePkgSdkInfo... after 2 ms 
[2026-06-22T22:45:34.337] [DEBUG] debug-file - Executing task :entry:default@ProcessIntegratedHsp
[2026-06-22T22:45:34.338] [DEBUG] debug-file - entry:default@ProcessIntegratedHsp is not up-to-date, since the output file 'D:\audio-format-switch-master\audio-format-switch-master\build\cache\default\integrated_hsp\integratedHspCache.json' does not exist.
[2026-06-22T22:45:34.338] [DEBUG] debug-file - Incremental task entry:default@ProcessIntegratedHsp pre-execution cost: 1 ms .
[2026-06-22T22:45:34.338] [DEBUG] debug-file - entry : default@ProcessIntegratedHsp cost memory -1.4796600341796875
[2026-06-22T22:45:34.338] [DEBUG] debug-file - runTaskFromQueue task cost before running: 105 ms 
[2026-06-22T22:45:34.338] [INFO] debug-file - Finished :entry:default@ProcessIntegratedHsp... after 1 ms 
[2026-06-22T22:45:34.338] [DEBUG] debug-file - Executing task :entry:default@BuildNativeWithCmake
[2026-06-22T22:45:34.338] [DEBUG] debug-file - entry : default@BuildNativeWithCmake cost memory 0.0154876708984375
[2026-06-22T22:45:34.339] [DEBUG] debug-file - runTaskFromQueue task cost before running: 106 ms 
[2026-06-22T22:45:34.339] [INFO] debug-file - Finished :entry:default@BuildNativeWithCmake... after 1 ms 
[2026-06-22T22:45:34.339] [DEBUG] debug-file - Executing task :entry:default@MakePackInfo
[2026-06-22T22:45:34.345] [DEBUG] debug-file - Incremental task entry:default@MakePackInfo pre-execution cost: 4 ms .
[2026-06-22T22:45:34.345] [DEBUG] debug-file - entry : default@MakePackInfo cost memory 0.1327972412109375
[2026-06-22T22:45:34.347] [INFO] debug-file - UP-TO-DATE :entry:default@MakePackInfo...  
[2026-06-22T22:45:34.348] [DEBUG] debug-file - Executing task :entry:default@SyscapTransform
[2026-06-22T22:45:34.348] [DEBUG] debug-file - File: 'D:\audio-format-switch-master\audio-format-switch-master\entry\src\main\syscap.json' from 'sysCapJsonPath' is not exists, just ignore.
[2026-06-22T22:45:34.349] [DEBUG] debug-file - Task 'entry:default@SyscapTransform' cost while wrapping incremental declarations: 1 ms 
[2026-06-22T22:45:34.350] [DEBUG] debug-file - entry:default@SyscapTransform is not up-to-date, since the output file 'D:\audio-format-switch-master\audio-format-switch-master\entry\build\default\intermediates\syscap\default\rpcid.sc' does not exist.
[2026-06-22T22:45:34.350] [DEBUG] debug-file - Incremental task entry:default@SyscapTransform pre-execution cost: 2 ms .
[2026-06-22T22:45:34.350] [DEBUG] debug-file - entry : default@SyscapTransform cost memory 0.1446380615234375
[2026-06-22T22:45:34.350] [DEBUG] debug-file - runTaskFromQueue task cost before running: 117 ms 
[2026-06-22T22:45:34.350] [INFO] debug-file - Finished :entry:default@SyscapTransform... after 3 ms 
[2026-06-22T22:45:34.351] [DEBUG] debug-file - Executing task :entry:default@ProcessProfile
[2026-06-22T22:45:34.351] [DEBUG] debug-file - Task 'entry:default@ProcessProfile' cost while wrapping incremental declarations: 1 ms 
[2026-06-22T22:45:34.352] [DEBUG] debug-file - Incremental task entry:default@ProcessProfile pre-execution cost: 1 ms .
[2026-06-22T22:45:34.352] [DEBUG] debug-file - entry : default@ProcessProfile cost memory 0.1348114013671875
[2026-06-22T22:45:34.352] [INFO] debug-file - UP-TO-DATE :entry:default@ProcessProfile...  
[2026-06-22T22:45:34.353] [DEBUG] debug-file - Executing task :entry:default@ProcessRouterMap
[2026-06-22T22:45:34.354] [DEBUG] debug-file - Incremental task entry:default@ProcessRouterMap pre-execution cost: 2 ms .
[2026-06-22T22:45:34.354] [DEBUG] debug-file - entry : default@ProcessRouterMap cost memory 0.16158294677734375
[2026-06-22T22:45:34.355] [INFO] debug-file - UP-TO-DATE :entry:default@ProcessRouterMap...  
[2026-06-22T22:45:34.355] [DEBUG] debug-file - Executing task :entry:default@ProcessShareConfig
[2026-06-22T22:45:34.356] [DEBUG] debug-file - Incremental task entry:default@ProcessShareConfig pre-execution cost: 2 ms .
[2026-06-22T22:45:34.356] [DEBUG] debug-file - entry : default@ProcessShareConfig cost memory 0.13684844970703125
[2026-06-22T22:45:34.357] [INFO] debug-file - UP-TO-DATE :entry:default@ProcessShareConfig...  
[2026-06-22T22:45:34.357] [DEBUG] debug-file - Executing task :entry:default@ProcessStartupConfig
[2026-06-22T22:45:34.357] [DEBUG] debug-file - Task 'entry:default@ProcessStartupConfig' cost while wrapping incremental declarations: 1 ms 
[2026-06-22T22:45:34.359] [DEBUG] debug-file - entry:default@ProcessStartupConfig is not up-to-date, since the output file 'D:\audio-format-switch-master\audio-format-switch-master\entry\build\default\intermediates\startup\default\startup_config.json' does not exist.
[2026-06-22T22:45:34.359] [DEBUG] debug-file - Incremental task entry:default@ProcessStartupConfig pre-execution cost: 2 ms .
[2026-06-22T22:45:34.360] [DEBUG] debug-file - entry : default@ProcessStartupConfig cost memory -1.40509033203125
[2026-06-22T22:45:34.360] [DEBUG] debug-file - runTaskFromQueue task cost before running: 127 ms 
[2026-06-22T22:45:34.360] [INFO] debug-file - Finished :entry:default@ProcessStartupConfig... after 3 ms 
[2026-06-22T22:45:34.361] [DEBUG] debug-file - Executing task :entry:default@BuildNativeWithNinja
[2026-06-22T22:45:34.361] [DEBUG] debug-file - entry : default@BuildNativeWithNinja cost memory 0.021728515625
[2026-06-22T22:45:34.361] [DEBUG] debug-file - runTaskFromQueue task cost before running: 129 ms 
[2026-06-22T22:45:34.362] [INFO] debug-file - Finished :entry:default@BuildNativeWithNinja... after 1 ms 
[2026-06-22T22:45:34.362] [DEBUG] debug-file - restool module names: entry; moduleName=entry, taskName=default@ProcessResource
[2026-06-22T22:45:34.363] [DEBUG] debug-file - Executing task :entry:default@ProcessResource
[2026-06-22T22:45:34.364] [DEBUG] debug-file - Task 'entry:default@ProcessResource' cost while wrapping incremental declarations: 1 ms 
[2026-06-22T22:45:34.364] [DEBUG] debug-file - Incremental task entry:default@ProcessResource pre-execution cost: 1 ms .
[2026-06-22T22:45:34.364] [DEBUG] debug-file - entry : default@ProcessResource cost memory 0.14287567138671875
[2026-06-22T22:45:34.365] [INFO] debug-file - UP-TO-DATE :entry:default@ProcessResource...  
[2026-06-22T22:45:34.366] [DEBUG] debug-file - Executing task :entry:default@GenerateLoaderJson
[2026-06-22T22:45:34.366] [DEBUG] debug-file - Task 'entry:default@GenerateLoaderJson' cost while wrapping incremental declarations: 1 ms 
[2026-06-22T22:45:34.370] [DEBUG] debug-file - Incremental task entry:default@GenerateLoaderJson pre-execution cost: 3 ms .
[2026-06-22T22:45:34.370] [DEBUG] debug-file - entry : default@GenerateLoaderJson cost memory 0.51873779296875
[2026-06-22T22:45:34.371] [INFO] debug-file - UP-TO-DATE :entry:default@GenerateLoaderJson...  
[2026-06-22T22:45:34.372] [DEBUG] debug-file - Executing task :entry:default@ProcessLibs
[2026-06-22T22:45:34.373] [DEBUG] debug-file - Incremental task entry:default@ProcessLibs pre-execution cost: 2 ms .
[2026-06-22T22:45:34.373] [DEBUG] debug-file - entry : default@ProcessLibs cost memory 0.10407257080078125
[2026-06-22T22:45:34.373] [INFO] debug-file - UP-TO-DATE :entry:default@ProcessLibs...  
[2026-06-22T22:45:34.374] [DEBUG] debug-file - restool module names: entry; moduleName=entry, taskName=default@CompileResource
[2026-06-22T22:45:34.375] [DEBUG] debug-file - Executing task :entry:default@CompileResource
[2026-06-22T22:45:34.384] [DEBUG] debug-file - Incremental task entry:default@CompileResource pre-execution cost: 9 ms .
[2026-06-22T22:45:34.384] [DEBUG] debug-file - entry : default@CompileResource cost memory 0.9192047119140625
[2026-06-22T22:45:34.384] [INFO] debug-file - UP-TO-DATE :entry:default@CompileResource...  
[2026-06-22T22:45:34.385] [DEBUG] debug-file - Executing task :entry:default@DoNativeStrip
[2026-06-22T22:45:34.385] [DEBUG] debug-file - File: 'D:\audio-format-switch-master\audio-format-switch-master\entry\build\default\intermediates\binxo\default' from 'doBinxoNativeLibs' is not exists, just ignore.
[2026-06-22T22:45:34.385] [DEBUG] debug-file - Task 'entry:default@DoNativeStrip' cost while wrapping incremental declarations: 1 ms 
[2026-06-22T22:45:34.386] [DEBUG] debug-file - Incremental task entry:default@DoNativeStrip pre-execution cost: 1 ms .
[2026-06-22T22:45:34.386] [DEBUG] debug-file - entry : default@DoNativeStrip cost memory 0.09804534912109375
[2026-06-22T22:45:34.386] [INFO] debug-file - UP-TO-DATE :entry:default@DoNativeStrip...  
[2026-06-22T22:45:34.386] [DEBUG] debug-file - Executing task :entry:default@CompileArkTS
[2026-06-22T22:45:34.387] [DEBUG] debug-file - obfuscationOptions: undefined
[2026-06-22T22:45:34.387] [DEBUG] debug-file - Task 'entry:default@CompileArkTS' cost while wrapping incremental declarations: 1 ms 
[2026-06-22T22:45:34.393] [DEBUG] debug-file - build config:
[2026-06-22T22:45:34.393] [DEBUG] debug-file - {
  moduleType: 'entry',
  perf: 0,
  targetName: '.default',
  packageManagerType: 'ohpm',
  localPropertiesPath: 'D:\\audio-format-switch-master\\audio-format-switch-master\\local.properties',
  isPreview: false,
  isOhosTest: false,
  isLocalTest: false,
  buildMode: 'Debug',
  hotReloadBuild: undefined,
  watchMode: 'false',
  aceProfilePath: 'D:\\audio-format-switch-master\\audio-format-switch-master\\entry\\build\\default\\intermediates\\res\\default\\resources\\base\\profile',
  etsLoaderPath: 'E:\\DevEco Studio\\sdk\\default\\openharmony\\ets\\build-tools\\ets-loader',
  modulePath: 'D:\\audio-format-switch-master\\audio-format-switch-master\\entry',
  testFrameworkPar: {
    testMode: undefined,
    coveragePathFilter: undefined,
    coverageMode: undefined
  },
  needCoverageInsert: false,
  debugLine: false,
  projectTopDir: 'D:\\audio-format-switch-master\\audio-format-switch-master',
  compileSdkVersion: 23,
  compatibleSdkVersion: 20,
  originCompatibleSdkVersion: '6.0.0(20)',
  compatibleSdkVersionStage: undefined,
  bundleName: 'c***h',
  etsLoaderVersion: '6.1.0.105',
  etsLoaderReleaseType: 'Release',
  aotCompileMode: 'type',
  apPath: 'D:\\audio-format-switch-master\\audio-format-switch-master\\entry\\modules.ap',
  entryModuleName: 'entry',
  entryModuleVersion: '1.0.0',
  entryPackageName: 'entry',
  allModuleNameHash: 'be3e1490a19bd8d07662eb3de867532949623b451f558485d971c2f27ee92973',
  externalApiPaths: [ 'E:\\DevEco Studio\\sdk\\default\\hms\\ets' ],
  compilerTypes: [],
  isCrossplatform: false,
  hvigorPluginFile: undefined,
  compilePluginPath: undefined,
  buildGeneratedProfilePath: 'D:\\audio-format-switch-master\\audio-format-switch-master\\entry\\build\\default\\generated\\profile\\default',
  bundleType: 'app',
  arkTSVersion: undefined,
  apiVersion: 23,
  needCompleteSourcesMap: false,
  isFaMode: false,
  buildDir: 'D:\\audio-format-switch-master\\audio-format-switch-master\\entry\\build',
  deviceTypes: [ 'phone' ],
  pkgContextInfo: {
    entry: {
      packageName: 'entry',
      bundleName: '*****',
      moduleName: '',
      version: '',
      entryPath: 'src/main/',
      isSO: false,
      dependencyAlias: ''
    }
  },
  ohPackagePathMap: {},
  dependencyAliasMap: {},
  permission: { requestPermissions: undefined, definePermissions: undefined },
  useGetCurrentBundleName: false,
  projectArkOption: undefined,
  sourceMapDir: undefined,
  branchElimination: false,
  transformLib: undefined,
  tsImportSendable: false,
  resolveConflictMode: true,
  depName2RootPath: {},
  depName2DepInfo: {},
  depName2OhExports: {},
  rootPathSet: [ 'D:\\audio-format-switch-master\\audio-format-switch-master' ],
  useNativeResolver: true,
  shouldEmitJs: true,
  useTscResolve: false,
  singleFileEmit: false,
  userProjectConfig: {
    autoLazyImport: false,
    allowEmptyBundleName: false,
    reExportCheckMode: 'noCheck',
    executionMode: 'memory',
    usePathPlaceholder: false,
    writeRollupCache: true,
    isExpandImportEnabled: false,
    expandImportExclude: '',
    lazyImportExclude: '',
    lazyImportInclude: '',
    ignoreCrossplatformCheck: false,
    isHarDeduplicateEnabled: false,
    skipOhModulesLint: false,
    enableStrictCheckOHModule: false,
    disableSendableCheckRules: [],
    useDeclarationFileSignature: false,
    customizedOptions: undefined,
    integratedHsp: false,
    isPreloadSoEnabled: false
  },
  executionMode: 'memory',
  arkCompileCachePath: 'D:\\audio-format-switch-master\\audio-format-switch-master\\entry\\build\\default\\cache\\default\\default@CompileArkTS\\esmodule',
  autoLazyFilter: undefined,
  isHarDeduplicateEnabled: false,
  intermediateHarDuplicateDirPath: 'D:\\audio-format-switch-master\\audio-format-switch-master\\entry\\build\\default\\intermediates\\har_duplicate\\default',
  autoLazyImport: false,
  allowEmptyBundleName: false,
  reExportCheckMode: 'noCheck',
  usePathPlaceholder: false,
  writeRollupCache: true,
  isExpandImportEnabled: false,
  expandImportExclude: '',
  lazyImportExclude: '',
  lazyImportInclude: '',
  ignoreCrossplatformCheck: false,
  skipOhModulesLint: false,
  enableStrictCheckOHModule: false,
  disableSendableCheckRules: [],
  useDeclarationFileSignature: false,
  customizedOptions: undefined,
  integratedHsp: false,
  isPreloadSoEnabled: false,
  strictMode: {
    caseSensitiveCheck: true,
    useNormalizedOHMUrl: true,
    noExternalImportByPath: true
  },
  useNormalizedOHMUrl: true,
  caseSensitiveCheck: true,
  aceModuleJsonPath: 'D:\\audio-format-switch-master\\audio-format-switch-master\\entry\\build\\default\\intermediates\\res\\default\\ark_module.json',
  appResource: 'D:\\audio-format-switch-master\\audio-format-switch-master\\entry\\build\\default\\intermediates\\res\\default\\ResourceTable.txt',
  rawFileResource: 'D:\\audio-format-switch-master\\audio-format-switch-master\\entry\\build\\default\\intermediates\\res\\default\\resources\\rawfile',
  resourceTableHash: '6c01846ec43f83dda3236b826ce3ee4717843f851a24bccd7722c8787b896537',
  runtimeOS: 'HarmonyOS',
  sdkInfo: 'false:23:6.1.0.105:Release',
  aceModuleRoot: 'D:\\audio-format-switch-master\\audio-format-switch-master\\entry\\src\\main\\ets',
  compileMode: 'esmodule',
  aceSuperVisualPath: 'D:\\audio-format-switch-master\\audio-format-switch-master\\entry\\src\\main\\supervisual',
  aceBuildJson: 'D:\\audio-format-switch-master\\audio-format-switch-master\\entry\\build\\default\\intermediates\\loader\\default\\loader.json',
  cachePath: 'D:\\audio-format-switch-master\\audio-format-switch-master\\entry\\build\\default\\cache\\default\\default@CompileArkTS\\esmodule\\debug',
  aceModuleBuild: 'D:\\audio-format-switch-master\\audio-format-switch-master\\entry\\build\\default\\intermediates\\loader_out\\default\\ets',
  supportChunks: true,
  declaredFilesPath: undefined,
  shouldCollectDirectImportees: false,
  isByteCodeHarOptimize: false,
  expandImportPath: undefined,
  resourceTableTs: 'D:\\audio-format-switch-master\\audio-format-switch-master\\entry\\build\\default\\generated\\r\\default\\ResourceTable.ts',
  moduleMetaInfoFiles: [
    {
      filePath: 'D:\\audio-format-switch-master\\audio-format-switch-master\\entry\\build\\default\\generated\\r\\default\\ResourceTable.ts',
      ohmurl: '&entry/build/generated/r/ResourceTable&'
    }
  ],
  pkgNameToPkgBriefInfo: {
    entry: {
      pkgRoot: 'D:\\audio-format-switch-master\\audio-format-switch-master\\entry',
      originalSourceRoots: undefined,
      sourceRoots: [Array],
      pkgName: 'entry'
    }
  },
  projectModel: {
    'D:\\audio-format-switch-master\\audio-format-switch-master\\entry\\src\\main': {
      moduleName: 'entry',
      modulePkgPath: 'D:\\audio-format-switch-master\\audio-format-switch-master\\entry',
      belongProjectPath: 'D:\\audio-format-switch-master\\audio-format-switch-master'
    },
    'D:\\audio-format-switch-master\\audio-format-switch-master\\entry': {
      moduleName: 'entry',
      modulePkgPath: 'D:\\audio-format-switch-master\\audio-format-switch-master\\entry',
      belongProjectPath: 'D:\\audio-format-switch-master\\audio-format-switch-master'
    },
    'D:\\audio-format-switch-master\\audio-format-switch-master': {
      moduleName: 'audio-format-switch-master',
      modulePkgPath: 'D:\\audio-format-switch-master\\audio-format-switch-master',
      belongProjectPath: 'D:\\audio-format-switch-master\\audio-format-switch-master'
    }
  },
  pkgJsonFileHash: '3988b0835bccf210dee13376ccba6999fb1b98adb421db068b476e7002ad0e2d',
  allModulePaths: [
    'D:\\audio-format-switch-master\\audio-format-switch-master\\entry'
  ],
  routerMap: {},
  obfuscationOptions: undefined,
  byteCodeHarToDependencyKeys: undefined,
  compileBlockPkg: [],
  mockParams: {
    decorator: '@MockSetup',
    packageName: '@ohos/hamock',
    etsSourceRootPath: 'src/main/ets',
    mockConfigPath: undefined,
    mockConfigKey2ModuleInfo: {},
    source2ModuleIdMap: {}
  },
  copyCodeResourceEnable: false,
  copyCodeResourceExcludes: [],
  copyCodeResourceIncludes: undefined,
  uiTransformOptimization: false,
  sdkPath: 'E:/DevEco Studio/sdk',
  needPreloadSoFileSet: {},
  preloadSoFilePath: 'D:\\audio-format-switch-master\\audio-format-switch-master\\entry\\build\\default\\intermediates\\preload\\default\\preload.json',
  useSourceHash: false,
  localModuleParamMap: {},
  otherPaths: {
    'entry/*': [
      '..\\*',
      '..\\..\\..\\build\\default\\generated\\profile\\default\\*'
    ]
  },
  collectImportersConfig: undefined
}
[2026-06-22T22:45:34.393] [DEBUG] debug-file - Compile arkts with external api path: E:\DevEco Studio\sdk\default\hms\ets
[2026-06-22T22:45:34.394] [DEBUG] debug-file - default@CompileArkTS work[5] is submitted.
[2026-06-22T22:45:34.394] [DEBUG] debug-file - default@CompileArkTS work[5] is pushed to ready queue.
[2026-06-22T22:45:34.394] [DEBUG] debug-file - A work dispatched to worker[23] failed because unable to get work from ready queue.
[2026-06-22T22:45:34.394] [DEBUG] debug-file - A work dispatched to worker[22] failed because unable to get work from ready queue.
[2026-06-22T22:45:34.394] [DEBUG] debug-file - A work dispatched to worker[21] failed because unable to get work from ready queue.
[2026-06-22T22:45:34.394] [DEBUG] debug-file - A work dispatched to worker[20] failed because unable to get work from ready queue.
[2026-06-22T22:45:34.394] [DEBUG] debug-file - A work dispatched to worker[19] failed because unable to get work from ready queue.
[2026-06-22T22:45:34.394] [DEBUG] debug-file - A work dispatched to worker[18] failed because unable to get work from ready queue.
[2026-06-22T22:45:34.394] [DEBUG] debug-file - A work dispatched to worker[17] failed because unable to get work from ready queue.
[2026-06-22T22:45:34.394] [DEBUG] debug-file - A work dispatched to worker[16] failed because unable to get work from ready queue.
[2026-06-22T22:45:34.394] [DEBUG] debug-file - A work dispatched to worker[15] failed because unable to get work from ready queue.
[2026-06-22T22:45:34.394] [DEBUG] debug-file - A work dispatched to worker[14] failed because unable to get work from ready queue.
[2026-06-22T22:45:34.394] [DEBUG] debug-file - A work dispatched to worker[13] failed because unable to get work from ready queue.
[2026-06-22T22:45:34.394] [DEBUG] debug-file - A work dispatched to worker[12] failed because unable to get work from ready queue.
[2026-06-22T22:45:34.394] [DEBUG] debug-file - A work dispatched to worker[11] failed because unable to get work from ready queue.
[2026-06-22T22:45:34.394] [DEBUG] debug-file - A work dispatched to worker[10] failed because unable to get work from ready queue.
[2026-06-22T22:45:34.394] [DEBUG] debug-file - A work dispatched to worker[9] failed because unable to get work from ready queue.
[2026-06-22T22:45:34.394] [DEBUG] debug-file - A work dispatched to worker[8] failed because unable to get work from ready queue.
[2026-06-22T22:45:34.394] [DEBUG] debug-file - A work dispatched to worker[7] failed because unable to get work from ready queue.
[2026-06-22T22:45:34.394] [DEBUG] debug-file - A work dispatched to worker[6] failed because unable to get work from ready queue.
[2026-06-22T22:45:34.394] [DEBUG] debug-file - A work dispatched to worker[5] failed because unable to get work from ready queue.
[2026-06-22T22:45:34.394] [DEBUG] debug-file - default@CompileArkTS work[5] has been dispatched to worker[4].
[2026-06-22T22:45:34.394] [DEBUG] debug-file - default@CompileArkTS work[5] is dispatched.
[2026-06-22T22:45:34.395] [DEBUG] debug-file - entry : default@CompileArkTS cost memory -0.30173492431640625
[2026-06-22T22:45:34.396] [DEBUG] debug-file - Executing task :entry:default@BuildJS
[2026-06-22T22:45:34.396] [DEBUG] debug-file - Task 'entry:default@BuildJS' cost while wrapping incremental declarations: 1 ms 
[2026-06-22T22:45:34.397] [DEBUG] debug-file - entry : default@BuildJS cost memory 0.1604766845703125
[2026-06-22T22:45:34.397] [DEBUG] debug-file - runTaskFromQueue task cost before running: 165 ms 
[2026-06-22T22:45:34.398] [INFO] debug-file - Finished :entry:default@BuildJS... after 2 ms 
[2026-06-22T22:45:34.398] [DEBUG] debug-file - Executing task :entry:default@CacheNativeLibs
[2026-06-22T22:45:34.398] [DEBUG] debug-file - File: 'D:\audio-format-switch-master\audio-format-switch-master\entry\build\default\intermediates\binxo\default' from 'cacheBinxoNativeLibs' is not exists, just ignore.
[2026-06-22T22:45:34.398] [DEBUG] debug-file - Task 'entry:default@CacheNativeLibs' cost while wrapping incremental declarations: 1 ms 
[2026-06-22T22:45:34.399] [DEBUG] debug-file - Incremental task entry:default@CacheNativeLibs pre-execution cost: 1 ms .
[2026-06-22T22:45:34.399] [DEBUG] debug-file - entry : default@CacheNativeLibs cost memory 0.1240081787109375
[2026-06-22T22:45:34.399] [INFO] debug-file - UP-TO-DATE :entry:default@CacheNativeLibs...  
[2026-06-22T22:45:35.097] [DEBUG] debug-file - Ark compile task finished.finished time is 1730678271604000
[2026-06-22T22:45:35.097] [DEBUG] debug-file - worker[4] has one work error.
[2026-06-22T22:45:35.097] [DEBUG] debug-file - default@CompileArkTS work[5] failed.
[2026-06-22T22:45:35.097] [ERROR] debug-file - Failed :entry:default@CompileArkTS... 
[2026-06-22T22:45:35.097] [WARN] debug-file - 
[33m1 WARN: [33m[33mArkTS:WARN: For details about ArkTS syntax errors, see FAQs[39m[39m
[2026-06-22T22:45:35.097] [DEBUG] debug-file - hvigor build process will be closed with an error.
[2026-06-22T22:45:35.099] [DEBUG] debug-file - ERROR: stacktrace = Error: ArkTS Compiler Error
[31m1 ERROR: [31m10605008 ArkTS Compiler Error
Error Message: Use explicit types instead of "any", "unknown" (arkts-no-any-unknown) At File: D:/audio-format-switch-master/audio-format-switch-master/entry/src/main/ets/entryability/EntryAbility.ets:137:15
[39m
[39m
[31m2 ERROR: [31m10505001 ArkTS Compiler Error
Error Message: Property 'startAbilityContinuation' does not exist on type 'Context'. At File: D:/audio-format-switch-master/audio-format-switch-master/entry/src/main/ets/components/ControlAreaComponent.ets:691:26
[39m
[39m
[31mCOMPILE RESULT:FAIL {ERROR:3 WARN:1}[39m
    at runArkPack (E:\DevEco Studio\tools\hvigor\hvigor-ohos-plugin\node_modules\@ohos\hvigor-arkts-compose\dist\src\arkts-pack.js:1:5076)
ArkTSCompilerError: ArkTS Compiler Error
    at throwArkTsCompilerError (E:\DevEco Studio\tools\hvigor\hvigor-ohos-plugin\node_modules\@ohos\hvigor-arkts-compose\dist\src\data\compose-error.js:1:423)
    at throwErrorIfHasErrorInfo (E:\DevEco Studio\tools\hvigor\hvigor-ohos-plugin\node_modules\@ohos\hvigor-arkts-compose\dist\src\plugins\common-plugin.js:1:4894)
    at Object.handler (E:\DevEco Studio\tools\hvigor\hvigor-ohos-plugin\node_modules\@ohos\hvigor-arkts-compose\dist\src\plugins\common-plugin.js:1:2989)
    at E:\DevEco Studio\tools\hvigor\hvigor-ohos-plugin\node_modules\@ohos\hvigor-arkts-base\node_modules\rollup\dist\shared\rollup.js:27864:40
[2026-06-22T22:45:35.099] [ERROR] debug-file - Error: ArkTS Compiler Error
[31m1 ERROR: [31m10605008 ArkTS Compiler Error
Error Message: Use explicit types instead of "any", "unknown" (arkts-no-any-unknown) At File: D:/audio-format-switch-master/audio-format-switch-master/entry/src/main/ets/entryability/EntryAbility.ets:137:15
[39m
[39m
[31m2 ERROR: [31m10505001 ArkTS Compiler Error
Error Message: Property 'startAbilityContinuation' does not exist on type 'Context'. At File: D:/audio-format-switch-master/audio-format-switch-master/entry/src/main/ets/components/ControlAreaComponent.ets:691:26
[39m
[39m
[31mCOMPILE RESULT:FAIL {ERROR:3 WARN:1}[39m
    at runArkPack (E:\DevEco Studio\tools\hvigor\hvigor-ohos-plugin\node_modules\@ohos\hvigor-arkts-compose\dist\src\arkts-pack.js:1:5076)
ArkTSCompilerError: ArkTS Compiler Error
    at throwArkTsCompilerError (E:\DevEco Studio\tools\hvigor\hvigor-ohos-plugin\node_modules\@ohos\hvigor-arkts-compose\dist\src\data\compose-error.js:1:423)
    at throwErrorIfHasErrorInfo (E:\DevEco Studio\tools\hvigor\hvigor-ohos-plugin\node_modules\@ohos\hvigor-arkts-compose\dist\src\plugins\common-plugin.js:1:4894)
    at Object.handler (E:\DevEco Studio\tools\hvigor\hvigor-ohos-plugin\node_modules\@ohos\hvigor-arkts-compose\dist\src\plugins\common-plugin.js:1:2989)
    at E:\DevEco Studio\tools\hvigor\hvigor-ohos-plugin\node_modules\@ohos\hvigor-arkts-base\node_modules\rollup\dist\shared\rollup.js:27864:40
[2026-06-22T22:45:35.111] [ERROR] debug-file - BUILD FAILED in 878 ms 
[2026-06-22T22:45:35.111] [DEBUG] debug-file - There is no need to refresh cache, since the incremental task entry:default@PreBuild is up-to-date.
[2026-06-22T22:45:35.111] [DEBUG] debug-file - Update task entry:default@CreateModuleInfo output file:D:\audio-format-switch-master\audio-format-switch-master\entry\build\default\generated\profile\default\ModuleInfo.ts cache.
[2026-06-22T22:45:35.111] [DEBUG] debug-file - Incremental task entry:default@CreateModuleInfo post-execution cost:1 ms .
[2026-06-22T22:45:35.111] [DEBUG] debug-file - There is no need to refresh cache, since the incremental task entry:default@GenerateMetadata is up-to-date.
[2026-06-22T22:45:35.111] [DEBUG] debug-file - There is no need to refresh cache, since the incremental task entry:default@MergeProfile is up-to-date.
[2026-06-22T22:45:35.111] [DEBUG] debug-file - There is no need to refresh cache, since the incremental task entry:default@CreateBuildProfile is up-to-date.
[2026-06-22T22:45:35.111] [DEBUG] debug-file - There is no need to refresh cache, since the incremental task entry:default@GeneratePkgContextInfo is up-to-date.
[2026-06-22T22:45:35.111] [DEBUG] debug-file - Update task entry:default@GeneratePkgSdkInfo output file:D:\audio-format-switch-master\audio-format-switch-master\entry\build\default\intermediates\loader\default\pkgSdkInfo.json cache.
[2026-06-22T22:45:35.111] [DEBUG] debug-file - Incremental task entry:default@GeneratePkgSdkInfo post-execution cost:1 ms .
[2026-06-22T22:45:35.112] [DEBUG] debug-file - Update task entry:default@ProcessIntegratedHsp output file:D:\audio-format-switch-master\audio-format-switch-master\build\cache\default\integrated_hsp\integratedHspCache.json cache.
[2026-06-22T22:45:35.112] [DEBUG] debug-file - Incremental task entry:default@ProcessIntegratedHsp post-execution cost:1 ms .
[2026-06-22T22:45:35.112] [DEBUG] debug-file - There is no need to refresh cache, since the incremental task entry:default@MakePackInfo is up-to-date.
[2026-06-22T22:45:35.112] [DEBUG] debug-file - Update task entry:default@SyscapTransform input file:E:\DevEco Studio\sdk\default\openharmony\toolchains\syscap_tool.exe cache by regenerate.
[2026-06-22T22:45:35.112] [DEBUG] debug-file - Update task entry:default@SyscapTransform input file:E:\DevEco Studio\sdk\default\openharmony\ets\api\device-define cache by regenerate.
[2026-06-22T22:45:35.113] [DEBUG] debug-file - Update task entry:default@SyscapTransform output file:D:\audio-format-switch-master\audio-format-switch-master\entry\build\default\intermediates\syscap\default\rpcid.sc cache.
[2026-06-22T22:45:35.113] [DEBUG] debug-file - Incremental task entry:default@SyscapTransform post-execution cost:2 ms .
[2026-06-22T22:45:35.113] [DEBUG] debug-file - There is no need to refresh cache, since the incremental task entry:default@ProcessProfile is up-to-date.
[2026-06-22T22:45:35.113] [DEBUG] debug-file - There is no need to refresh cache, since the incremental task entry:default@ProcessRouterMap is up-to-date.
[2026-06-22T22:45:35.113] [DEBUG] debug-file - There is no need to refresh cache, since the incremental task entry:default@ProcessShareConfig is up-to-date.
[2026-06-22T22:45:35.113] [DEBUG] debug-file - Update task entry:default@ProcessStartupConfig input file:D:\audio-format-switch-master\audio-format-switch-master\entry\build\default\intermediates\loader\default\pkgContextInfo.json cache by regenerate.
[2026-06-22T22:45:35.113] [DEBUG] debug-file - Update task entry:default@ProcessStartupConfig output file:D:\audio-format-switch-master\audio-format-switch-master\entry\build\default\intermediates\startup\default\startup_config.json cache.
[2026-06-22T22:45:35.113] [DEBUG] debug-file - Incremental task entry:default@ProcessStartupConfig post-execution cost:1 ms .
[2026-06-22T22:45:35.113] [DEBUG] debug-file - There is no need to refresh cache, since the incremental task entry:default@ProcessResource is up-to-date.
[2026-06-22T22:45:35.113] [DEBUG] debug-file - There is no need to refresh cache, since the incremental task entry:default@GenerateLoaderJson is up-to-date.
[2026-06-22T22:45:35.113] [DEBUG] debug-file - There is no need to refresh cache, since the incremental task entry:default@ProcessLibs is up-to-date.
[2026-06-22T22:45:35.113] [DEBUG] debug-file - There is no need to refresh cache, since the incremental task entry:default@CompileResource is up-to-date.
[2026-06-22T22:45:35.114] [DEBUG] debug-file - There is no need to refresh cache, since the incremental task entry:default@DoNativeStrip is up-to-date.
[2026-06-22T22:45:35.114] [DEBUG] debug-file - Update task entry:default@CompileArkTS input file:D:\audio-format-switch-master\audio-format-switch-master\entry\build\default\intermediates\loader\default cache by regenerate.
[2026-06-22T22:45:35.115] [DEBUG] debug-file - Update task entry:default@CompileArkTS input file:D:\audio-format-switch-master\audio-format-switch-master\entry\build\default\intermediates\res\default\resources\rawfile cache by regenerate.
[2026-06-22T22:45:35.115] [DEBUG] debug-file - Update task entry:default@CompileArkTS input file:D:\audio-format-switch-master\audio-format-switch-master\entry\build\default\intermediates\res\default\ResourceTable.txt cache by regenerate.
[2026-06-22T22:45:35.115] [DEBUG] debug-file - Update task entry:default@CompileArkTS input file:D:\audio-format-switch-master\audio-format-switch-master\entry\build\default\intermediates\res\default\ark_module.json cache by regenerate.
[2026-06-22T22:45:35.115] [DEBUG] debug-file - Update task entry:default@CompileArkTS input file:D:\audio-format-switch-master\audio-format-switch-master\entry\build\default\intermediates\res\default\resources\base\profile cache by regenerate.
[2026-06-22T22:45:35.116] [DEBUG] debug-file - Update task entry:default@CompileArkTS input file:D:\audio-format-switch-master\audio-format-switch-master\entry\src\main\ets cache by regenerate.
[2026-06-22T22:45:35.118] [DEBUG] debug-file - Update task entry:default@CompileArkTS input file:D:\audio-format-switch-master\audio-format-switch-master\entry\build\default\intermediates\loader\default\pkgContextInfo.json cache by regenerate.
[2026-06-22T22:45:35.118] [DEBUG] debug-file - Update task entry:default@CompileArkTS input file:D:\audio-format-switch-master\audio-format-switch-master\entry\build\default\generated\profile\default\BuildProfile.ets cache by regenerate.
[2026-06-22T22:45:35.118] [DEBUG] debug-file - Update task entry:default@CompileArkTS output file:D:\audio-format-switch-master\audio-format-switch-master\entry\build\default\intermediates\loader_out\default\ets cache.
[2026-06-22T22:45:35.118] [DEBUG] debug-file - Incremental task entry:default@CompileArkTS post-execution cost:5 ms .
[2026-06-22T22:45:35.119] [DEBUG] debug-file - Update task entry:default@BuildJS input file:D:\audio-format-switch-master\audio-format-switch-master\entry\build\default\intermediates\loader\default cache by regenerate.
[2026-06-22T22:45:35.119] [DEBUG] debug-file - Update task entry:default@BuildJS input file:D:\audio-format-switch-master\audio-format-switch-master\entry\build\default\intermediates\res\default\resources\rawfile cache by regenerate.
[2026-06-22T22:45:35.120] [DEBUG] debug-file - Update task entry:default@BuildJS input file:D:\audio-format-switch-master\audio-format-switch-master\entry\build\default\intermediates\res\default\ResourceTable.txt cache by regenerate.
[2026-06-22T22:45:35.120] [DEBUG] debug-file - Update task entry:default@BuildJS input file:D:\audio-format-switch-master\audio-format-switch-master\entry\build\default\intermediates\res\default\ark_module.json cache by regenerate.
[2026-06-22T22:45:35.120] [DEBUG] debug-file - Update task entry:default@BuildJS input file:D:\audio-format-switch-master\audio-format-switch-master\entry\build\default\intermediates\res\default\resources\base\profile cache by regenerate.
[2026-06-22T22:45:35.120] [DEBUG] debug-file - Update task entry:default@BuildJS input file:D:\audio-format-switch-master\audio-format-switch-master\entry\build\default\intermediates\loader\default\pkgContextInfo.json cache by regenerate.
[2026-06-22T22:45:35.120] [DEBUG] debug-file - Update task entry:default@BuildJS output file:D:\audio-format-switch-master\audio-format-switch-master\entry\build\default\intermediates\loader_out\default\js cache.
[2026-06-22T22:45:35.121] [DEBUG] debug-file - Incremental task entry:default@BuildJS post-execution cost:3 ms .
[2026-06-22T22:45:35.121] [DEBUG] debug-file - There is no need to refresh cache, since the incremental task entry:default@CacheNativeLibs is up-to-date.
[2026-06-22T22:45:35.139] [DEBUG] debug-file - hvigor build process will be closed.
[2026-06-22T22:45:36.552] [DEBUG] debug-file - session manager: send message to worker process.
[2026-06-22T22:45:36.553] [DEBUG] debug-file - session manager: send message to worker process.
[2026-06-22T22:45:35.144] [DEBUG] debug-file - watch worker: worker id should be larger than 0. Nothing will be sent to any worker thread.
[2026-06-22T22:45:35.145] [DEBUG] debug-file - watch worker: worker id should be larger than 0. Nothing will be sent to any worker thread.
[2026-06-22T23:03:13.694] [DEBUG] debug-file - session manager: set active socket. socketId=vU4RKw-W6ZpZfrZVAAAL
[2026-06-22T23:03:13.707] [DEBUG] debug-file - watch worker: worker id should be larger than 0. Nothing will be sent to any worker thread.
[2026-06-22T23:03:13.709] [DEBUG] debug-file - Workers' log level updated to INFO
[2026-06-22T23:03:13.712] [DEBUG] debug-file - Hvigor init with startParameters:{
  hvigorfileTypeCheck: false,
  parallelExecution: true,
  incrementalExecution: true,
  printStackTrace: false,
  daemon: true,
  analyze: 0,
  logLevel: Level { level: 20000, levelStr: 'INFO', colour: 'green' },
  optimizationStrategy: 'memory',
  hotCompile: undefined,
  hotReloadBuild: undefined,
  customizedParam: undefined
}
[2026-06-22T23:03:13.714] [DEBUG] debug-file - Cache service initialization finished in 3 ms 
[2026-06-22T23:03:13.715] [DEBUG] debug-file - hvigorfile, resolving D:\audio-format-switch-master\audio-format-switch-master\hvigorfile.ts
[2026-06-22T23:03:13.720] [DEBUG] debug-file - hvigorfile, require result:  { default: { plugins: [] } }
[2026-06-22T23:03:13.720] [DEBUG] debug-file - hvigorfile, binding system plugins null
[2026-06-22T23:03:13.720] [DEBUG] debug-file - Starting plugin build process
[2026-06-22T23:03:13.720] [DEBUG] debug-file - App plugin prepare start...
[2026-06-22T23:03:13.720] [DEBUG] debug-file - App plugin prepare end...
[2026-06-22T23:03:13.720] [DEBUG] debug-file - App plugin creating...
[2026-06-22T23:03:13.724] [DEBUG] debug-file - App plugin register hook start...
[2026-06-22T23:03:13.724] [DEBUG] debug-file - App plugin register hook end...
[2026-06-22T23:03:13.724] [DEBUG] debug-file - Plugin build process completed
[2026-06-22T23:03:13.724] [DEBUG] debug-file - Start initialize project's product build option map with build mode debug.
[2026-06-22T23:03:13.724] [DEBUG] debug-file - Picking option from product 'default' with build mode 'debug'.
[2026-06-22T23:03:13.724] [DEBUG] debug-file - Product 'default' build option initialized
[2026-06-22T23:03:13.724] [DEBUG] debug-file - End initialize project's product build option map with build mode 'debug'.
[2026-06-22T23:03:13.725] [DEBUG] debug-file - Obtain build option for product 'default'in this build.
[2026-06-22T23:03:13.725] [DEBUG] debug-file - No signingConfig found, initRemoteHspCache failed.
[2026-06-22T23:03:13.728] [DEBUG] debug-file - Start recording SDK configuration permission data.
[2026-06-22T23:03:13.743] [DEBUG] debug-file - Sdk init in 17 ms 
[2026-06-22T23:03:13.746] [DEBUG] debug-file - Project task initialization takes 3 ms 
[2026-06-22T23:03:13.746] [DEBUG] debug-file - hvigorfile, begin to bind custom plugins...
[2026-06-22T23:03:13.746] [DEBUG] debug-file - hvigorfile, no custom plugins were found in D:\audio-format-switch-master\audio-format-switch-master\hvigorfile.ts
[2026-06-22T23:03:13.746] [DEBUG] debug-file - hvigorfile, resolve finished D:\audio-format-switch-master\audio-format-switch-master\hvigorfile.ts
[2026-06-22T23:03:13.746] [DEBUG] debug-file - hvigorfile, resolving D:\audio-format-switch-master\audio-format-switch-master\entry\hvigorfile.ts
[2026-06-22T23:03:13.750] [DEBUG] debug-file - hvigorfile, require result:  { default: { plugins: [] } }
[2026-06-22T23:03:13.750] [DEBUG] debug-file - hvigorfile, binding system plugins null
[2026-06-22T23:03:13.750] [DEBUG] debug-file - Starting plugin build process
[2026-06-22T23:03:13.750] [DEBUG] debug-file - Hap plugin creating...
[2026-06-22T23:03:13.751] [DEBUG] debug-file - failed to load cangjie to dynamically generate schemas: Error: Cannot find module '@ohos/cangjie-build-support/index'
Require stack:
- E:\DevEco Studio\tools\hvigor\hvigor-ohos-plugin\src\plugin\hooks\cangjie-register.js
- E:\DevEco Studio\tools\hvigor\hvigor-ohos-plugin\src\plugin\strategy\stage-init-strategy.js
- E:\DevEco Studio\tools\hvigor\hvigor-ohos-plugin\src\plugin\builder\abstract-plugin-builder.js
- E:\DevEco Studio\tools\hvigor\hvigor-ohos-plugin\src\plugin\builder\app-plugin-builder.js
- E:\DevEco Studio\tools\hvigor\hvigor-ohos-plugin\src\plugin\factory\plugin-factory.js
- E:\DevEco Studio\tools\hvigor\hvigor-ohos-plugin\index.js
- D:\audio-format-switch-master\audio-format-switch-master\hvigorfile.ts
- E:\DevEco Studio\tools\hvigor\hvigor\src\base\internal\lifecycle\configuration.js
- E:\DevEco Studio\tools\hvigor\hvigor\src\base\boot\index.js
- E:\DevEco Studio\tools\hvigor\hvigor\src\base\daemon\cluster\worker-process-lifecycle.js
- E:\DevEco Studio\tools\hvigor\hvigor\src\base\daemon\process\daemon-process-boot-script.js
[2026-06-22T23:03:13.753] [DEBUG] debug-file - Start initialize module-target build option map, moduleName=entry, buildMode=release
[2026-06-22T23:03:13.753] [DEBUG] debug-file - Target 'default' config initialized
[2026-06-22T23:03:13.753] [DEBUG] debug-file - Module 'entry' target 'default' build option initialized
[2026-06-22T23:03:13.754] [DEBUG] debug-file - End initialize module-target build option map, moduleName=entry
[2026-06-22T23:03:13.754] [DEBUG] debug-file - Start initialize module-target build option map, moduleName=entry, buildMode=debug
[2026-06-22T23:03:13.754] [DEBUG] debug-file - Target 'default' config initialized
[2026-06-22T23:03:13.754] [DEBUG] debug-file - Module 'entry' target 'default' build option initialized
[2026-06-22T23:03:13.754] [DEBUG] debug-file - End initialize module-target build option map, moduleName=entry
[2026-06-22T23:03:13.754] [DEBUG] debug-file - Start initialize module-target build option map, moduleName=entry, buildMode=debug
[2026-06-22T23:03:13.754] [DEBUG] debug-file - Target 'default' config initialized
[2026-06-22T23:03:13.754] [DEBUG] debug-file - Module 'entry' target 'default' build option initialized
[2026-06-22T23:03:13.754] [DEBUG] debug-file - End initialize module-target build option map, moduleName=entry
[2026-06-22T23:03:13.754] [DEBUG] debug-file - Obtain build option for module 'entry' target 'default'in this build.
[2026-06-22T23:03:13.755] [DEBUG] debug-file - Module entry task initialization takes 1 ms 
[2026-06-22T23:03:13.755] [DEBUG] debug-file - Hap plugin register hook start...
[2026-06-22T23:03:13.755] [DEBUG] debug-file - Hap plugin register hook end...
[2026-06-22T23:03:13.755] [DEBUG] debug-file - Plugin build process completed
[2026-06-22T23:03:13.755] [DEBUG] debug-file - hvigorfile, begin to bind custom plugins...
[2026-06-22T23:03:13.755] [DEBUG] debug-file - hvigorfile, no custom plugins were found in D:\audio-format-switch-master\audio-format-switch-master\entry\hvigorfile.ts
[2026-06-22T23:03:13.755] [DEBUG] debug-file - hvigorfile, resolve finished D:\audio-format-switch-master\audio-format-switch-master\entry\hvigorfile.ts
[2026-06-22T23:03:13.770] [DEBUG] debug-file - hvigorfile, resolve hvigorfile dependencies in 15 ms 
[2026-06-22T23:03:13.770] [DEBUG] debug-file - project has submodules:entry
[2026-06-22T23:03:13.771] [DEBUG] debug-file - start to load updatedOhPackageInfo to the disk
[2026-06-22T23:03:13.772] [DEBUG] debug-file - load to the disk finished
[2026-06-22T23:03:13.772] [DEBUG] debug-file - Start to initialize dependency information.
[2026-06-22T23:03:13.772] [DEBUG] debug-file - Module audio-format-switch-master Collected Dependency: 
[2026-06-22T23:03:13.773] [DEBUG] debug-file - Module audio-format-switch-master's total dependency: 0
[2026-06-22T23:03:13.773] [DEBUG] debug-file - Start to initialize dependency information.
[2026-06-22T23:03:13.774] [DEBUG] debug-file - Module entry Collected Dependency: 
[2026-06-22T23:03:13.774] [DEBUG] debug-file - Module entry's total dependency: 0
[2026-06-22T23:03:13.776] [DEBUG] debug-file - Configuration phase cost:62 ms 
[2026-06-22T23:03:13.776] [DEBUG] debug-file - Configuration task cost before running: 67 ms 
[2026-06-22T23:03:13.779] [DEBUG] debug-file - Executing task :entry:default@PreBuild
[2026-06-22T23:03:13.780] [DEBUG] debug-file - Task 'entry:default@PreBuild' cost while wrapping incremental declarations: 1 ms 
[2026-06-22T23:03:13.783] [DEBUG] debug-file - Incremental task entry:default@PreBuild pre-execution cost: 3 ms .
[2026-06-22T23:03:13.783] [DEBUG] debug-file - entry : default@PreBuild cost memory -1.4763412475585938
[2026-06-22T23:03:13.784] [INFO] debug-file - UP-TO-DATE :entry:default@PreBuild...  
[2026-06-22T23:03:13.784] [DEBUG] debug-file - Executing task :entry:default@CreateModuleInfo
[2026-06-22T23:03:13.784] [DEBUG] debug-file - Task 'entry:default@CreateModuleInfo' cost while wrapping incremental declarations: 1 ms 
[2026-06-22T23:03:13.784] [DEBUG] debug-file - entry : default@CreateModuleInfo cost memory 0.0417938232421875
[2026-06-22T23:03:13.784] [DEBUG] debug-file - runTaskFromQueue task cost before running: 75 ms 
[2026-06-22T23:03:13.784] [INFO] debug-file - Finished :entry:default@CreateModuleInfo... after 1 ms 
[2026-06-22T23:03:13.785] [DEBUG] debug-file - Executing task :entry:default@GenerateMetadata
[2026-06-22T23:03:13.785] [DEBUG] debug-file - Task 'entry:default@GenerateMetadata' cost while wrapping incremental declarations: 1 ms 
[2026-06-22T23:03:13.786] [DEBUG] debug-file - Incremental task entry:default@GenerateMetadata pre-execution cost: 1 ms .
[2026-06-22T23:03:13.786] [DEBUG] debug-file - entry : default@GenerateMetadata cost memory 0.08174896240234375
[2026-06-22T23:03:13.786] [INFO] debug-file - UP-TO-DATE :entry:default@GenerateMetadata...  
[2026-06-22T23:03:13.786] [DEBUG] debug-file - Executing task :entry:default@ConfigureCmake
[2026-06-22T23:03:13.786] [DEBUG] debug-file - entry : default@ConfigureCmake cost memory 0.0144805908203125
[2026-06-22T23:03:13.786] [DEBUG] debug-file - runTaskFromQueue task cost before running: 77 ms 
[2026-06-22T23:03:13.786] [INFO] debug-file - Finished :entry:default@ConfigureCmake... after 1 ms 
[2026-06-22T23:03:13.787] [DEBUG] debug-file - Executing task :entry:default@MergeProfile
[2026-06-22T23:03:13.787] [DEBUG] debug-file - Task 'entry:default@MergeProfile' cost while wrapping incremental declarations: 1 ms 
[2026-06-22T23:03:13.788] [DEBUG] debug-file - Incremental task entry:default@MergeProfile pre-execution cost: 1 ms .
[2026-06-22T23:03:13.788] [DEBUG] debug-file - entry : default@MergeProfile cost memory 0.12001800537109375
[2026-06-22T23:03:13.788] [INFO] debug-file - UP-TO-DATE :entry:default@MergeProfile...  
[2026-06-22T23:03:13.788] [DEBUG] debug-file - Executing task :entry:default@CreateBuildProfile
[2026-06-22T23:03:13.788] [DEBUG] debug-file - Task 'entry:default@CreateBuildProfile' cost while wrapping incremental declarations: 1 ms 
[2026-06-22T23:03:13.789] [DEBUG] debug-file - Incremental task entry:default@CreateBuildProfile pre-execution cost: 1 ms .
[2026-06-22T23:03:13.789] [DEBUG] debug-file - entry : default@CreateBuildProfile cost memory 0.1013031005859375
[2026-06-22T23:03:13.789] [INFO] debug-file - UP-TO-DATE :entry:default@CreateBuildProfile...  
[2026-06-22T23:03:13.790] [DEBUG] debug-file - Executing task :entry:default@PreCheckSyscap
[2026-06-22T23:03:13.790] [DEBUG] debug-file - entry : default@PreCheckSyscap cost memory 0.01470184326171875
[2026-06-22T23:03:13.790] [DEBUG] debug-file - runTaskFromQueue task cost before running: 81 ms 
[2026-06-22T23:03:13.790] [INFO] debug-file - Finished :entry:default@PreCheckSyscap... after 1 ms 
[2026-06-22T23:03:13.790] [DEBUG] debug-file - Executing task :entry:default@GeneratePkgContextInfo
[2026-06-22T23:03:13.793] [DEBUG] debug-file - Task 'entry:default@GeneratePkgContextInfo' cost while wrapping incremental declarations: 1 ms 
[2026-06-22T23:03:13.793] [DEBUG] debug-file - Incremental task entry:default@GeneratePkgContextInfo pre-execution cost: 1 ms .
[2026-06-22T23:03:13.793] [DEBUG] debug-file - entry : default@GeneratePkgContextInfo cost memory 0.44406890869140625
[2026-06-22T23:03:13.793] [INFO] debug-file - UP-TO-DATE :entry:default@GeneratePkgContextInfo...  
[2026-06-22T23:03:13.794] [DEBUG] debug-file - Executing task :entry:default@GeneratePkgSdkInfo
[2026-06-22T23:03:13.794] [DEBUG] debug-file - Task 'entry:default@GeneratePkgSdkInfo' cost while wrapping incremental declarations: 1 ms 
[2026-06-22T23:03:13.794] [DEBUG] debug-file - entry : default@GeneratePkgSdkInfo cost memory 0.0947265625
[2026-06-22T23:03:13.794] [DEBUG] debug-file - runTaskFromQueue task cost before running: 85 ms 
[2026-06-22T23:03:13.795] [INFO] debug-file - Finished :entry:default@GeneratePkgSdkInfo... after 1 ms 
[2026-06-22T23:03:13.797] [DEBUG] debug-file - Executing task :entry:default@ProcessIntegratedHsp
[2026-06-22T23:03:13.797] [DEBUG] debug-file - entry:default@ProcessIntegratedHsp is not up-to-date, since the output file 'D:\audio-format-switch-master\audio-format-switch-master\build\cache\default\integrated_hsp\integratedHspCache.json' does not exist.
[2026-06-22T23:03:13.797] [DEBUG] debug-file - Incremental task entry:default@ProcessIntegratedHsp pre-execution cost: 1 ms .
[2026-06-22T23:03:13.797] [DEBUG] debug-file - entry : default@ProcessIntegratedHsp cost memory 0.0565948486328125
[2026-06-22T23:03:13.797] [DEBUG] debug-file - runTaskFromQueue task cost before running: 88 ms 
[2026-06-22T23:03:13.797] [INFO] debug-file - Finished :entry:default@ProcessIntegratedHsp... after 1 ms 
[2026-06-22T23:03:13.798] [DEBUG] debug-file - Executing task :entry:default@BuildNativeWithCmake
[2026-06-22T23:03:13.798] [DEBUG] debug-file - entry : default@BuildNativeWithCmake cost memory 0.1906585693359375
[2026-06-22T23:03:13.798] [DEBUG] debug-file - runTaskFromQueue task cost before running: 89 ms 
[2026-06-22T23:03:13.798] [INFO] debug-file - Finished :entry:default@BuildNativeWithCmake... after 1 ms 
[2026-06-22T23:03:13.798] [DEBUG] debug-file - Executing task :entry:default@MakePackInfo
[2026-06-22T23:03:13.800] [DEBUG] debug-file - Incremental task entry:default@MakePackInfo pre-execution cost: 2 ms .
[2026-06-22T23:03:13.800] [DEBUG] debug-file - entry : default@MakePackInfo cost memory 0.12665557861328125
[2026-06-22T23:03:13.801] [INFO] debug-file - UP-TO-DATE :entry:default@MakePackInfo...  
[2026-06-22T23:03:13.801] [DEBUG] debug-file - Executing task :entry:default@SyscapTransform
[2026-06-22T23:03:13.801] [DEBUG] debug-file - File: 'D:\audio-format-switch-master\audio-format-switch-master\entry\src\main\syscap.json' from 'sysCapJsonPath' is not exists, just ignore.
[2026-06-22T23:03:13.802] [DEBUG] debug-file - Task 'entry:default@SyscapTransform' cost while wrapping incremental declarations: 1 ms 
[2026-06-22T23:03:13.803] [DEBUG] debug-file - entry:default@SyscapTransform is not up-to-date, since the output file 'D:\audio-format-switch-master\audio-format-switch-master\entry\build\default\intermediates\syscap\default\rpcid.sc' does not exist.
[2026-06-22T23:03:13.803] [DEBUG] debug-file - Incremental task entry:default@SyscapTransform pre-execution cost: 1 ms .
[2026-06-22T23:03:13.803] [DEBUG] debug-file - entry : default@SyscapTransform cost memory 0.1353759765625
[2026-06-22T23:03:13.803] [DEBUG] debug-file - runTaskFromQueue task cost before running: 94 ms 
[2026-06-22T23:03:13.803] [INFO] debug-file - Finished :entry:default@SyscapTransform... after 2 ms 
[2026-06-22T23:03:13.803] [DEBUG] debug-file - Executing task :entry:default@ProcessProfile
[2026-06-22T23:03:13.804] [DEBUG] debug-file - Task 'entry:default@ProcessProfile' cost while wrapping incremental declarations: 1 ms 
[2026-06-22T23:03:13.804] [DEBUG] debug-file - Incremental task entry:default@ProcessProfile pre-execution cost: 1 ms .
[2026-06-22T23:03:13.804] [DEBUG] debug-file - entry : default@ProcessProfile cost memory 0.13030242919921875
[2026-06-22T23:03:13.804] [INFO] debug-file - UP-TO-DATE :entry:default@ProcessProfile...  
[2026-06-22T23:03:13.805] [DEBUG] debug-file - Executing task :entry:default@ProcessRouterMap
[2026-06-22T23:03:13.806] [DEBUG] debug-file - Incremental task entry:default@ProcessRouterMap pre-execution cost: 2 ms .
[2026-06-22T23:03:13.806] [DEBUG] debug-file - entry : default@ProcessRouterMap cost memory 0.15534210205078125
[2026-06-22T23:03:13.806] [INFO] debug-file - UP-TO-DATE :entry:default@ProcessRouterMap...  
[2026-06-22T23:03:13.807] [DEBUG] debug-file - Executing task :entry:default@ProcessShareConfig
[2026-06-22T23:03:13.808] [DEBUG] debug-file - Incremental task entry:default@ProcessShareConfig pre-execution cost: 1 ms .
[2026-06-22T23:03:13.808] [DEBUG] debug-file - entry : default@ProcessShareConfig cost memory 0.12955474853515625
[2026-06-22T23:03:13.808] [INFO] debug-file - UP-TO-DATE :entry:default@ProcessShareConfig...  
[2026-06-22T23:03:13.809] [DEBUG] debug-file - Executing task :entry:default@ProcessStartupConfig
[2026-06-22T23:03:13.809] [DEBUG] debug-file - Task 'entry:default@ProcessStartupConfig' cost while wrapping incremental declarations: 1 ms 
[2026-06-22T23:03:13.810] [DEBUG] debug-file - entry:default@ProcessStartupConfig is not up-to-date, since the output file 'D:\audio-format-switch-master\audio-format-switch-master\entry\build\default\intermediates\startup\default\startup_config.json' does not exist.
[2026-06-22T23:03:13.810] [DEBUG] debug-file - Incremental task entry:default@ProcessStartupConfig pre-execution cost: 1 ms .
[2026-06-22T23:03:13.811] [DEBUG] debug-file - entry : default@ProcessStartupConfig cost memory -1.449127197265625
[2026-06-22T23:03:13.811] [DEBUG] debug-file - runTaskFromQueue task cost before running: 102 ms 
[2026-06-22T23:03:13.811] [INFO] debug-file - Finished :entry:default@ProcessStartupConfig... after 2 ms 
[2026-06-22T23:03:13.811] [DEBUG] debug-file - Executing task :entry:default@BuildNativeWithNinja
[2026-06-22T23:03:13.812] [DEBUG] debug-file - entry : default@BuildNativeWithNinja cost memory 0.020721435546875
[2026-06-22T23:03:13.812] [DEBUG] debug-file - runTaskFromQueue task cost before running: 103 ms 
[2026-06-22T23:03:13.812] [INFO] debug-file - Finished :entry:default@BuildNativeWithNinja... after 1 ms 
[2026-06-22T23:03:13.813] [DEBUG] debug-file - restool module names: entry; moduleName=entry, taskName=default@ProcessResource
[2026-06-22T23:03:13.813] [DEBUG] debug-file - Executing task :entry:default@ProcessResource
[2026-06-22T23:03:13.813] [DEBUG] debug-file - Task 'entry:default@ProcessResource' cost while wrapping incremental declarations: 1 ms 
[2026-06-22T23:03:13.814] [DEBUG] debug-file - Incremental task entry:default@ProcessResource pre-execution cost: 1 ms .
[2026-06-22T23:03:13.814] [DEBUG] debug-file - entry : default@ProcessResource cost memory 0.1354522705078125
[2026-06-22T23:03:13.815] [INFO] debug-file - UP-TO-DATE :entry:default@ProcessResource...  
[2026-06-22T23:03:13.816] [DEBUG] debug-file - Executing task :entry:default@GenerateLoaderJson
[2026-06-22T23:03:13.816] [DEBUG] debug-file - Task 'entry:default@GenerateLoaderJson' cost while wrapping incremental declarations: 1 ms 
[2026-06-22T23:03:13.819] [DEBUG] debug-file - Incremental task entry:default@GenerateLoaderJson pre-execution cost: 2 ms .
[2026-06-22T23:03:13.819] [DEBUG] debug-file - entry : default@GenerateLoaderJson cost memory 0.49861907958984375
[2026-06-22T23:03:13.821] [INFO] debug-file - UP-TO-DATE :entry:default@GenerateLoaderJson...  
[2026-06-22T23:03:13.821] [DEBUG] debug-file - Executing task :entry:default@ProcessLibs
[2026-06-22T23:03:13.822] [DEBUG] debug-file - Incremental task entry:default@ProcessLibs pre-execution cost: 1 ms .
[2026-06-22T23:03:13.822] [DEBUG] debug-file - entry : default@ProcessLibs cost memory 0.0957183837890625
[2026-06-22T23:03:13.822] [INFO] debug-file - UP-TO-DATE :entry:default@ProcessLibs...  
[2026-06-22T23:03:13.823] [DEBUG] debug-file - restool module names: entry; moduleName=entry, taskName=default@CompileResource
[2026-06-22T23:03:13.823] [DEBUG] debug-file - Executing task :entry:default@CompileResource
[2026-06-22T23:03:13.833] [DEBUG] debug-file - Incremental task entry:default@CompileResource pre-execution cost: 9 ms .
[2026-06-22T23:03:13.833] [DEBUG] debug-file - entry : default@CompileResource cost memory -0.7753982543945312
[2026-06-22T23:03:13.834] [INFO] debug-file - UP-TO-DATE :entry:default@CompileResource...  
[2026-06-22T23:03:13.834] [DEBUG] debug-file - Executing task :entry:default@DoNativeStrip
[2026-06-22T23:03:13.834] [DEBUG] debug-file - File: 'D:\audio-format-switch-master\audio-format-switch-master\entry\build\default\intermediates\binxo\default' from 'doBinxoNativeLibs' is not exists, just ignore.
[2026-06-22T23:03:13.835] [DEBUG] debug-file - Task 'entry:default@DoNativeStrip' cost while wrapping incremental declarations: 1 ms 
[2026-06-22T23:03:13.835] [DEBUG] debug-file - Incremental task entry:default@DoNativeStrip pre-execution cost: 1 ms .
[2026-06-22T23:03:13.835] [DEBUG] debug-file - entry : default@DoNativeStrip cost memory 0.090789794921875
[2026-06-22T23:03:13.835] [INFO] debug-file - UP-TO-DATE :entry:default@DoNativeStrip...  
[2026-06-22T23:03:13.836] [DEBUG] debug-file - Executing task :entry:default@CompileArkTS
[2026-06-22T23:03:13.836] [DEBUG] debug-file - obfuscationOptions: undefined
[2026-06-22T23:03:13.836] [DEBUG] debug-file - Task 'entry:default@CompileArkTS' cost while wrapping incremental declarations: 1 ms 
[2026-06-22T23:03:13.842] [DEBUG] debug-file - build config:
[2026-06-22T23:03:13.842] [DEBUG] debug-file - {
  moduleType: 'entry',
  perf: 0,
  targetName: '.default',
  packageManagerType: 'ohpm',
  localPropertiesPath: 'D:\\audio-format-switch-master\\audio-format-switch-master\\local.properties',
  isPreview: false,
  isOhosTest: false,
  isLocalTest: false,
  buildMode: 'Debug',
  hotReloadBuild: undefined,
  watchMode: 'false',
  aceProfilePath: 'D:\\audio-format-switch-master\\audio-format-switch-master\\entry\\build\\default\\intermediates\\res\\default\\resources\\base\\profile',
  etsLoaderPath: 'E:\\DevEco Studio\\sdk\\default\\openharmony\\ets\\build-tools\\ets-loader',
  modulePath: 'D:\\audio-format-switch-master\\audio-format-switch-master\\entry',
  testFrameworkPar: {
    testMode: undefined,
    coveragePathFilter: undefined,
    coverageMode: undefined
  },
  needCoverageInsert: false,
  debugLine: false,
  projectTopDir: 'D:\\audio-format-switch-master\\audio-format-switch-master',
  compileSdkVersion: 23,
  compatibleSdkVersion: 20,
  originCompatibleSdkVersion: '6.0.0(20)',
  compatibleSdkVersionStage: undefined,
  bundleName: 'c***h',
  etsLoaderVersion: '6.1.0.105',
  etsLoaderReleaseType: 'Release',
  aotCompileMode: 'type',
  apPath: 'D:\\audio-format-switch-master\\audio-format-switch-master\\entry\\modules.ap',
  entryModuleName: 'entry',
  entryModuleVersion: '1.0.0',
  entryPackageName: 'entry',
  allModuleNameHash: 'be3e1490a19bd8d07662eb3de867532949623b451f558485d971c2f27ee92973',
  externalApiPaths: [ 'E:\\DevEco Studio\\sdk\\default\\hms\\ets' ],
  compilerTypes: [],
  isCrossplatform: false,
  hvigorPluginFile: undefined,
  compilePluginPath: undefined,
  buildGeneratedProfilePath: 'D:\\audio-format-switch-master\\audio-format-switch-master\\entry\\build\\default\\generated\\profile\\default',
  bundleType: 'app',
  arkTSVersion: undefined,
  apiVersion: 23,
  needCompleteSourcesMap: false,
  isFaMode: false,
  buildDir: 'D:\\audio-format-switch-master\\audio-format-switch-master\\entry\\build',
  deviceTypes: [ 'phone' ],
  pkgContextInfo: {
    entry: {
      packageName: 'entry',
      bundleName: '*****',
      moduleName: '',
      version: '',
      entryPath: 'src/main/',
      isSO: false,
      dependencyAlias: ''
    }
  },
  ohPackagePathMap: {},
  dependencyAliasMap: {},
  permission: { requestPermissions: undefined, definePermissions: undefined },
  useGetCurrentBundleName: false,
  projectArkOption: undefined,
  sourceMapDir: undefined,
  branchElimination: false,
  transformLib: undefined,
  tsImportSendable: false,
  resolveConflictMode: true,
  depName2RootPath: {},
  depName2DepInfo: {},
  depName2OhExports: {},
  rootPathSet: [ 'D:\\audio-format-switch-master\\audio-format-switch-master' ],
  useNativeResolver: true,
  shouldEmitJs: true,
  useTscResolve: false,
  singleFileEmit: false,
  userProjectConfig: {
    autoLazyImport: false,
    allowEmptyBundleName: false,
    reExportCheckMode: 'noCheck',
    executionMode: 'memory',
    usePathPlaceholder: false,
    writeRollupCache: true,
    isExpandImportEnabled: false,
    expandImportExclude: '',
    lazyImportExclude: '',
    lazyImportInclude: '',
    ignoreCrossplatformCheck: false,
    isHarDeduplicateEnabled: false,
    skipOhModulesLint: false,
    enableStrictCheckOHModule: false,
    disableSendableCheckRules: [],
    useDeclarationFileSignature: false,
    customizedOptions: undefined,
    integratedHsp: false,
    isPreloadSoEnabled: false
  },
  executionMode: 'memory',
  arkCompileCachePath: 'D:\\audio-format-switch-master\\audio-format-switch-master\\entry\\build\\default\\cache\\default\\default@CompileArkTS\\esmodule',
  autoLazyFilter: undefined,
  isHarDeduplicateEnabled: false,
  intermediateHarDuplicateDirPath: 'D:\\audio-format-switch-master\\audio-format-switch-master\\entry\\build\\default\\intermediates\\har_duplicate\\default',
  autoLazyImport: false,
  allowEmptyBundleName: false,
  reExportCheckMode: 'noCheck',
  usePathPlaceholder: false,
  writeRollupCache: true,
  isExpandImportEnabled: false,
  expandImportExclude: '',
  lazyImportExclude: '',
  lazyImportInclude: '',
  ignoreCrossplatformCheck: false,
  skipOhModulesLint: false,
  enableStrictCheckOHModule: false,
  disableSendableCheckRules: [],
  useDeclarationFileSignature: false,
  customizedOptions: undefined,
  integratedHsp: false,
  isPreloadSoEnabled: false,
  strictMode: {
    caseSensitiveCheck: true,
    useNormalizedOHMUrl: true,
    noExternalImportByPath: true
  },
  useNormalizedOHMUrl: true,
  caseSensitiveCheck: true,
  aceModuleJsonPath: 'D:\\audio-format-switch-master\\audio-format-switch-master\\entry\\build\\default\\intermediates\\res\\default\\ark_module.json',
  appResource: 'D:\\audio-format-switch-master\\audio-format-switch-master\\entry\\build\\default\\intermediates\\res\\default\\ResourceTable.txt',
  rawFileResource: 'D:\\audio-format-switch-master\\audio-format-switch-master\\entry\\build\\default\\intermediates\\res\\default\\resources\\rawfile',
  resourceTableHash: '6c01846ec43f83dda3236b826ce3ee4717843f851a24bccd7722c8787b896537',
  runtimeOS: 'HarmonyOS',
  sdkInfo: 'false:23:6.1.0.105:Release',
  aceModuleRoot: 'D:\\audio-format-switch-master\\audio-format-switch-master\\entry\\src\\main\\ets',
  compileMode: 'esmodule',
  aceSuperVisualPath: 'D:\\audio-format-switch-master\\audio-format-switch-master\\entry\\src\\main\\supervisual',
  aceBuildJson: 'D:\\audio-format-switch-master\\audio-format-switch-master\\entry\\build\\default\\intermediates\\loader\\default\\loader.json',
  cachePath: 'D:\\audio-format-switch-master\\audio-format-switch-master\\entry\\build\\default\\cache\\default\\default@CompileArkTS\\esmodule\\debug',
  aceModuleBuild: 'D:\\audio-format-switch-master\\audio-format-switch-master\\entry\\build\\default\\intermediates\\loader_out\\default\\ets',
  supportChunks: true,
  declaredFilesPath: undefined,
  shouldCollectDirectImportees: false,
  isByteCodeHarOptimize: false,
  expandImportPath: undefined,
  resourceTableTs: 'D:\\audio-format-switch-master\\audio-format-switch-master\\entry\\build\\default\\generated\\r\\default\\ResourceTable.ts',
  moduleMetaInfoFiles: [
    {
      filePath: 'D:\\audio-format-switch-master\\audio-format-switch-master\\entry\\build\\default\\generated\\r\\default\\ResourceTable.ts',
      ohmurl: '&entry/build/generated/r/ResourceTable&'
    }
  ],
  pkgNameToPkgBriefInfo: {
    entry: {
      pkgRoot: 'D:\\audio-format-switch-master\\audio-format-switch-master\\entry',
      originalSourceRoots: undefined,
      sourceRoots: [Array],
      pkgName: 'entry'
    }
  },
  projectModel: {
    'D:\\audio-format-switch-master\\audio-format-switch-master\\entry\\src\\main': {
      moduleName: 'entry',
      modulePkgPath: 'D:\\audio-format-switch-master\\audio-format-switch-master\\entry',
      belongProjectPath: 'D:\\audio-format-switch-master\\audio-format-switch-master'
    },
    'D:\\audio-format-switch-master\\audio-format-switch-master\\entry': {
      moduleName: 'entry',
      modulePkgPath: 'D:\\audio-format-switch-master\\audio-format-switch-master\\entry',
      belongProjectPath: 'D:\\audio-format-switch-master\\audio-format-switch-master'
    },
    'D:\\audio-format-switch-master\\audio-format-switch-master': {
      moduleName: 'audio-format-switch-master',
      modulePkgPath: 'D:\\audio-format-switch-master\\audio-format-switch-master',
      belongProjectPath: 'D:\\audio-format-switch-master\\audio-format-switch-master'
    }
  },
  pkgJsonFileHash: '3988b0835bccf210dee13376ccba6999fb1b98adb421db068b476e7002ad0e2d',
  allModulePaths: [
    'D:\\audio-format-switch-master\\audio-format-switch-master\\entry'
  ],
  routerMap: {},
  obfuscationOptions: undefined,
  byteCodeHarToDependencyKeys: undefined,
  compileBlockPkg: [],
  mockParams: {
    decorator: '@MockSetup',
    packageName: '@ohos/hamock',
    etsSourceRootPath: 'src/main/ets',
    mockConfigPath: undefined,
    mockConfigKey2ModuleInfo: {},
    source2ModuleIdMap: {}
  },
  copyCodeResourceEnable: false,
  copyCodeResourceExcludes: [],
  copyCodeResourceIncludes: undefined,
  uiTransformOptimization: false,
  sdkPath: 'E:/DevEco Studio/sdk',
  needPreloadSoFileSet: {},
  preloadSoFilePath: 'D:\\audio-format-switch-master\\audio-format-switch-master\\entry\\build\\default\\intermediates\\preload\\default\\preload.json',
  useSourceHash: false,
  localModuleParamMap: {},
  otherPaths: {
    'entry/*': [
      '..\\*',
      '..\\..\\..\\build\\default\\generated\\profile\\default\\*'
    ]
  },
  collectImportersConfig: undefined
}
[2026-06-22T23:03:13.842] [DEBUG] debug-file - Compile arkts with external api path: E:\DevEco Studio\sdk\default\hms\ets
[2026-06-22T23:03:13.843] [DEBUG] debug-file - default@CompileArkTS work[6] is submitted.
[2026-06-22T23:03:13.843] [DEBUG] debug-file - default@CompileArkTS work[6] is pushed to ready queue.
[2026-06-22T23:03:13.843] [DEBUG] debug-file - A work dispatched to worker[23] failed because unable to get work from ready queue.
[2026-06-22T23:03:13.843] [DEBUG] debug-file - A work dispatched to worker[22] failed because unable to get work from ready queue.
[2026-06-22T23:03:13.843] [DEBUG] debug-file - A work dispatched to worker[21] failed because unable to get work from ready queue.
[2026-06-22T23:03:13.843] [DEBUG] debug-file - A work dispatched to worker[20] failed because unable to get work from ready queue.
[2026-06-22T23:03:13.843] [DEBUG] debug-file - A work dispatched to worker[19] failed because unable to get work from ready queue.
[2026-06-22T23:03:13.843] [DEBUG] debug-file - A work dispatched to worker[18] failed because unable to get work from ready queue.
[2026-06-22T23:03:13.843] [DEBUG] debug-file - A work dispatched to worker[17] failed because unable to get work from ready queue.
[2026-06-22T23:03:13.843] [DEBUG] debug-file - A work dispatched to worker[16] failed because unable to get work from ready queue.
[2026-06-22T23:03:13.843] [DEBUG] debug-file - A work dispatched to worker[15] failed because unable to get work from ready queue.
[2026-06-22T23:03:13.843] [DEBUG] debug-file - A work dispatched to worker[14] failed because unable to get work from ready queue.
[2026-06-22T23:03:13.843] [DEBUG] debug-file - A work dispatched to worker[13] failed because unable to get work from ready queue.
[2026-06-22T23:03:13.843] [DEBUG] debug-file - A work dispatched to worker[12] failed because unable to get work from ready queue.
[2026-06-22T23:03:13.843] [DEBUG] debug-file - A work dispatched to worker[11] failed because unable to get work from ready queue.
[2026-06-22T23:03:13.843] [DEBUG] debug-file - A work dispatched to worker[10] failed because unable to get work from ready queue.
[2026-06-22T23:03:13.843] [DEBUG] debug-file - A work dispatched to worker[9] failed because unable to get work from ready queue.
[2026-06-22T23:03:13.843] [DEBUG] debug-file - A work dispatched to worker[8] failed because unable to get work from ready queue.
[2026-06-22T23:03:13.843] [DEBUG] debug-file - A work dispatched to worker[7] failed because unable to get work from ready queue.
[2026-06-22T23:03:13.843] [DEBUG] debug-file - A work dispatched to worker[6] failed because unable to get work from ready queue.
[2026-06-22T23:03:13.843] [DEBUG] debug-file - A work dispatched to worker[5] failed because unable to get work from ready queue.
[2026-06-22T23:03:13.843] [DEBUG] debug-file - default@CompileArkTS work[6] has been dispatched to worker[4].
[2026-06-22T23:03:13.843] [DEBUG] debug-file - default@CompileArkTS work[6] is dispatched.
[2026-06-22T23:03:13.843] [DEBUG] debug-file - entry : default@CompileArkTS cost memory -0.6013946533203125
[2026-06-22T23:03:13.844] [DEBUG] debug-file - Executing task :entry:default@BuildJS
[2026-06-22T23:03:13.844] [DEBUG] debug-file - Task 'entry:default@BuildJS' cost while wrapping incremental declarations: 1 ms 
[2026-06-22T23:03:13.846] [DEBUG] debug-file - entry : default@BuildJS cost memory 0.15386962890625
[2026-06-22T23:03:13.846] [DEBUG] debug-file - runTaskFromQueue task cost before running: 137 ms 
[2026-06-22T23:03:13.846] [INFO] debug-file - Finished :entry:default@BuildJS... after 2 ms 
[2026-06-22T23:03:13.846] [DEBUG] debug-file - Executing task :entry:default@CacheNativeLibs
[2026-06-22T23:03:13.847] [DEBUG] debug-file - File: 'D:\audio-format-switch-master\audio-format-switch-master\entry\build\default\intermediates\binxo\default' from 'cacheBinxoNativeLibs' is not exists, just ignore.
[2026-06-22T23:03:13.847] [DEBUG] debug-file - Task 'entry:default@CacheNativeLibs' cost while wrapping incremental declarations: 1 ms 
[2026-06-22T23:03:13.847] [DEBUG] debug-file - Incremental task entry:default@CacheNativeLibs pre-execution cost: 1 ms .
[2026-06-22T23:03:13.848] [DEBUG] debug-file - entry : default@CacheNativeLibs cost memory 0.115386962890625
[2026-06-22T23:03:13.848] [INFO] debug-file - UP-TO-DATE :entry:default@CacheNativeLibs...  
[2026-06-22T23:03:15.412] [DEBUG] debug-file - Ark compile task finished.finished time is 1731738587316800
[2026-06-22T23:03:15.412] [DEBUG] debug-file - worker[4] has one work error.
[2026-06-22T23:03:15.412] [DEBUG] debug-file - default@CompileArkTS work[6] failed.
[2026-06-22T23:03:15.412] [ERROR] debug-file - Failed :entry:default@CompileArkTS... 
[2026-06-22T23:03:15.412] [WARN] debug-file - 
[33m1 WARN: [33m[33mArkTS:WARN: For details about ArkTS syntax errors, see FAQs[39m[39m
[2026-06-22T23:03:15.412] [DEBUG] debug-file - hvigor build process will be closed with an error.
[2026-06-22T23:03:15.414] [DEBUG] debug-file - ERROR: stacktrace = Error: ArkTS Compiler Error
[31m1 ERROR: [31m10605008 ArkTS Compiler Error
Error Message: Use explicit types instead of "any", "unknown" (arkts-no-any-unknown) At File: D:/audio-format-switch-master/audio-format-switch-master/entry/src/main/ets/entryability/EntryAbility.ets:137:15
[39m
[39m
[31mCOMPILE RESULT:FAIL {ERROR:2 WARN:1}[39m
    at runArkPack (E:\DevEco Studio\tools\hvigor\hvigor-ohos-plugin\node_modules\@ohos\hvigor-arkts-compose\dist\src\arkts-pack.js:1:5076)
ArkTSCompilerError: ArkTS Compiler Error
    at throwArkTsCompilerError (E:\DevEco Studio\tools\hvigor\hvigor-ohos-plugin\node_modules\@ohos\hvigor-arkts-compose\dist\src\data\compose-error.js:1:423)
    at throwErrorIfHasErrorInfo (E:\DevEco Studio\tools\hvigor\hvigor-ohos-plugin\node_modules\@ohos\hvigor-arkts-compose\dist\src\plugins\common-plugin.js:1:4894)
    at Object.handler (E:\DevEco Studio\tools\hvigor\hvigor-ohos-plugin\node_modules\@ohos\hvigor-arkts-compose\dist\src\plugins\common-plugin.js:1:2989)
    at E:\DevEco Studio\tools\hvigor\hvigor-ohos-plugin\node_modules\@ohos\hvigor-arkts-base\node_modules\rollup\dist\shared\rollup.js:27864:40
[2026-06-22T23:03:15.414] [ERROR] debug-file - Error: ArkTS Compiler Error
[31m1 ERROR: [31m10605008 ArkTS Compiler Error
Error Message: Use explicit types instead of "any", "unknown" (arkts-no-any-unknown) At File: D:/audio-format-switch-master/audio-format-switch-master/entry/src/main/ets/entryability/EntryAbility.ets:137:15
[39m
[39m
[31mCOMPILE RESULT:FAIL {ERROR:2 WARN:1}[39m
    at runArkPack (E:\DevEco Studio\tools\hvigor\hvigor-ohos-plugin\node_modules\@ohos\hvigor-arkts-compose\dist\src\arkts-pack.js:1:5076)
ArkTSCompilerError: ArkTS Compiler Error
    at throwArkTsCompilerError (E:\DevEco Studio\tools\hvigor\hvigor-ohos-plugin\node_modules\@ohos\hvigor-arkts-compose\dist\src\data\compose-error.js:1:423)
    at throwErrorIfHasErrorInfo (E:\DevEco Studio\tools\hvigor\hvigor-ohos-plugin\node_modules\@ohos\hvigor-arkts-compose\dist\src\plugins\common-plugin.js:1:4894)
    at Object.handler (E:\DevEco Studio\tools\hvigor\hvigor-ohos-plugin\node_modules\@ohos\hvigor-arkts-compose\dist\src\plugins\common-plugin.js:1:2989)
    at E:\DevEco Studio\tools\hvigor\hvigor-ohos-plugin\node_modules\@ohos\hvigor-arkts-base\node_modules\rollup\dist\shared\rollup.js:27864:40
[2026-06-22T23:03:15.429] [ERROR] debug-file - BUILD FAILED in 1 s 719 ms 
[2026-06-22T23:03:15.429] [DEBUG] debug-file - There is no need to refresh cache, since the incremental task entry:default@PreBuild is up-to-date.
[2026-06-22T23:03:15.429] [DEBUG] debug-file - Update task entry:default@CreateModuleInfo output file:D:\audio-format-switch-master\audio-format-switch-master\entry\build\default\generated\profile\default\ModuleInfo.ts cache.
[2026-06-22T23:03:15.429] [DEBUG] debug-file - Incremental task entry:default@CreateModuleInfo post-execution cost:1 ms .
[2026-06-22T23:03:15.429] [DEBUG] debug-file - There is no need to refresh cache, since the incremental task entry:default@GenerateMetadata is up-to-date.
[2026-06-22T23:03:15.429] [DEBUG] debug-file - There is no need to refresh cache, since the incremental task entry:default@MergeProfile is up-to-date.
[2026-06-22T23:03:15.429] [DEBUG] debug-file - There is no need to refresh cache, since the incremental task entry:default@CreateBuildProfile is up-to-date.
[2026-06-22T23:03:15.429] [DEBUG] debug-file - There is no need to refresh cache, since the incremental task entry:default@GeneratePkgContextInfo is up-to-date.
[2026-06-22T23:03:15.429] [DEBUG] debug-file - Update task entry:default@GeneratePkgSdkInfo output file:D:\audio-format-switch-master\audio-format-switch-master\entry\build\default\intermediates\loader\default\pkgSdkInfo.json cache.
[2026-06-22T23:03:15.429] [DEBUG] debug-file - Incremental task entry:default@GeneratePkgSdkInfo post-execution cost:1 ms .
[2026-06-22T23:03:15.429] [DEBUG] debug-file - Update task entry:default@ProcessIntegratedHsp output file:D:\audio-format-switch-master\audio-format-switch-master\build\cache\default\integrated_hsp\integratedHspCache.json cache.
[2026-06-22T23:03:15.429] [DEBUG] debug-file - Incremental task entry:default@ProcessIntegratedHsp post-execution cost:1 ms .
[2026-06-22T23:03:15.429] [DEBUG] debug-file - There is no need to refresh cache, since the incremental task entry:default@MakePackInfo is up-to-date.
[2026-06-22T23:03:15.429] [DEBUG] debug-file - Update task entry:default@SyscapTransform input file:E:\DevEco Studio\sdk\default\openharmony\toolchains\syscap_tool.exe cache by regenerate.
[2026-06-22T23:03:15.430] [DEBUG] debug-file - Update task entry:default@SyscapTransform input file:E:\DevEco Studio\sdk\default\openharmony\ets\api\device-define cache by regenerate.
[2026-06-22T23:03:15.430] [DEBUG] debug-file - Update task entry:default@SyscapTransform output file:D:\audio-format-switch-master\audio-format-switch-master\entry\build\default\intermediates\syscap\default\rpcid.sc cache.
[2026-06-22T23:03:15.431] [DEBUG] debug-file - Incremental task entry:default@SyscapTransform post-execution cost:2 ms .
[2026-06-22T23:03:15.431] [DEBUG] debug-file - There is no need to refresh cache, since the incremental task entry:default@ProcessProfile is up-to-date.
[2026-06-22T23:03:15.431] [DEBUG] debug-file - There is no need to refresh cache, since the incremental task entry:default@ProcessRouterMap is up-to-date.
[2026-06-22T23:03:15.431] [DEBUG] debug-file - There is no need to refresh cache, since the incremental task entry:default@ProcessShareConfig is up-to-date.
[2026-06-22T23:03:15.431] [DEBUG] debug-file - Update task entry:default@ProcessStartupConfig input file:D:\audio-format-switch-master\audio-format-switch-master\entry\build\default\intermediates\loader\default\pkgContextInfo.json cache by regenerate.
[2026-06-22T23:03:15.431] [DEBUG] debug-file - Update task entry:default@ProcessStartupConfig output file:D:\audio-format-switch-master\audio-format-switch-master\entry\build\default\intermediates\startup\default\startup_config.json cache.
[2026-06-22T23:03:15.432] [DEBUG] debug-file - Incremental task entry:default@ProcessStartupConfig post-execution cost:1 ms .
[2026-06-22T23:03:15.432] [DEBUG] debug-file - There is no need to refresh cache, since the incremental task entry:default@ProcessResource is up-to-date.
[2026-06-22T23:03:15.432] [DEBUG] debug-file - There is no need to refresh cache, since the incremental task entry:default@GenerateLoaderJson is up-to-date.
[2026-06-22T23:03:15.432] [DEBUG] debug-file - There is no need to refresh cache, since the incremental task entry:default@ProcessLibs is up-to-date.
[2026-06-22T23:03:15.432] [DEBUG] debug-file - There is no need to refresh cache, since the incremental task entry:default@CompileResource is up-to-date.
[2026-06-22T23:03:15.432] [DEBUG] debug-file - There is no need to refresh cache, since the incremental task entry:default@DoNativeStrip is up-to-date.
[2026-06-22T23:03:15.433] [DEBUG] debug-file - Update task entry:default@CompileArkTS input file:D:\audio-format-switch-master\audio-format-switch-master\entry\build\default\intermediates\loader\default cache by regenerate.
[2026-06-22T23:03:15.433] [DEBUG] debug-file - Update task entry:default@CompileArkTS input file:D:\audio-format-switch-master\audio-format-switch-master\entry\build\default\intermediates\res\default\resources\rawfile cache by regenerate.
[2026-06-22T23:03:15.434] [DEBUG] debug-file - Update task entry:default@CompileArkTS input file:D:\audio-format-switch-master\audio-format-switch-master\entry\build\default\intermediates\res\default\ResourceTable.txt cache by regenerate.
[2026-06-22T23:03:15.434] [DEBUG] debug-file - Update task entry:default@CompileArkTS input file:D:\audio-format-switch-master\audio-format-switch-master\entry\build\default\intermediates\res\default\ark_module.json cache by regenerate.
[2026-06-22T23:03:15.434] [DEBUG] debug-file - Update task entry:default@CompileArkTS input file:D:\audio-format-switch-master\audio-format-switch-master\entry\build\default\intermediates\res\default\resources\base\profile cache by regenerate.
[2026-06-22T23:03:15.434] [DEBUG] debug-file - Update task entry:default@CompileArkTS input file:D:\audio-format-switch-master\audio-format-switch-master\entry\src\main\ets cache by regenerate.
[2026-06-22T23:03:15.437] [DEBUG] debug-file - Update task entry:default@CompileArkTS input file:D:\audio-format-switch-master\audio-format-switch-master\entry\build\default\intermediates\loader\default\pkgContextInfo.json cache by regenerate.
[2026-06-22T23:03:15.437] [DEBUG] debug-file - Update task entry:default@CompileArkTS input file:D:\audio-format-switch-master\audio-format-switch-master\entry\build\default\generated\profile\default\BuildProfile.ets cache by regenerate.
[2026-06-22T23:03:15.437] [DEBUG] debug-file - Update task entry:default@CompileArkTS output file:D:\audio-format-switch-master\audio-format-switch-master\entry\build\default\intermediates\loader_out\default\ets cache.
[2026-06-22T23:03:15.437] [DEBUG] debug-file - Incremental task entry:default@CompileArkTS post-execution cost:6 ms .
[2026-06-22T23:03:15.438] [DEBUG] debug-file - Update task entry:default@BuildJS input file:D:\audio-format-switch-master\audio-format-switch-master\entry\build\default\intermediates\loader\default cache by regenerate.
[2026-06-22T23:03:15.438] [DEBUG] debug-file - Update task entry:default@BuildJS input file:D:\audio-format-switch-master\audio-format-switch-master\entry\build\default\intermediates\res\default\resources\rawfile cache by regenerate.
[2026-06-22T23:03:15.439] [DEBUG] debug-file - Update task entry:default@BuildJS input file:D:\audio-format-switch-master\audio-format-switch-master\entry\build\default\intermediates\res\default\ResourceTable.txt cache by regenerate.
[2026-06-22T23:03:15.439] [DEBUG] debug-file - Update task entry:default@BuildJS input file:D:\audio-format-switch-master\audio-format-switch-master\entry\build\default\intermediates\res\default\ark_module.json cache by regenerate.
[2026-06-22T23:03:15.439] [DEBUG] debug-file - Update task entry:default@BuildJS input file:D:\audio-format-switch-master\audio-format-switch-master\entry\build\default\intermediates\res\default\resources\base\profile cache by regenerate.
[2026-06-22T23:03:15.439] [DEBUG] debug-file - Update task entry:default@BuildJS input file:D:\audio-format-switch-master\audio-format-switch-master\entry\build\default\intermediates\loader\default\pkgContextInfo.json cache by regenerate.
[2026-06-22T23:03:15.439] [DEBUG] debug-file - Update task entry:default@BuildJS output file:D:\audio-format-switch-master\audio-format-switch-master\entry\build\default\intermediates\loader_out\default\js cache.
[2026-06-22T23:03:15.440] [DEBUG] debug-file - Incremental task entry:default@BuildJS post-execution cost:3 ms .
[2026-06-22T23:03:15.440] [DEBUG] debug-file - There is no need to refresh cache, since the incremental task entry:default@CacheNativeLibs is up-to-date.
[2026-06-22T23:03:15.462] [DEBUG] debug-file - hvigor build process will be closed.
[2026-06-22T23:03:15.466] [DEBUG] debug-file - session manager: send message to worker process.
[2026-06-22T23:03:15.466] [DEBUG] debug-file - session manager: send message to worker process.
[2026-06-22T23:03:15.466] [DEBUG] debug-file - watch worker: worker id should be larger than 0. Nothing will be sent to any worker thread.
[2026-06-22T23:03:15.466] [DEBUG] debug-file - watch worker: worker id should be larger than 0. Nothing will be sent to any worker thread.
[2026-06-22T23:31:06.463] [DEBUG] debug-file - session manager: set active socket. socketId=kdOHe0K5uIaFzxplAAAN
[2026-06-22T23:31:06.478] [DEBUG] debug-file - watch worker: worker id should be larger than 0. Nothing will be sent to any worker thread.
[2026-06-22T23:31:06.481] [DEBUG] debug-file - Workers' log level updated to INFO
[2026-06-22T23:31:06.482] [DEBUG] debug-file - Hvigor init with startParameters:{
  hvigorfileTypeCheck: false,
  parallelExecution: true,
  incrementalExecution: true,
  printStackTrace: false,
  daemon: true,
  analyze: 0,
  logLevel: Level { level: 20000, levelStr: 'INFO', colour: 'green' },
  optimizationStrategy: 'memory',
  hotCompile: undefined,
  hotReloadBuild: undefined,
  customizedParam: undefined
}
[2026-06-22T23:31:06.485] [DEBUG] debug-file - Cache service initialization finished in 3 ms 
[2026-06-22T23:31:06.485] [DEBUG] debug-file - hvigorfile, resolving D:\audio-format-switch-master\audio-format-switch-master\hvigorfile.ts
[2026-06-22T23:31:06.489] [DEBUG] debug-file - hvigorfile, require result:  { default: { plugins: [] } }
[2026-06-22T23:31:06.489] [DEBUG] debug-file - hvigorfile, binding system plugins null
[2026-06-22T23:31:06.489] [DEBUG] debug-file - Starting plugin build process
[2026-06-22T23:31:06.489] [DEBUG] debug-file - App plugin prepare start...
[2026-06-22T23:31:06.489] [DEBUG] debug-file - App plugin prepare end...
[2026-06-22T23:31:06.489] [DEBUG] debug-file - App plugin creating...
[2026-06-22T23:31:06.492] [DEBUG] debug-file - App plugin register hook start...
[2026-06-22T23:31:06.492] [DEBUG] debug-file - App plugin register hook end...
[2026-06-22T23:31:06.493] [DEBUG] debug-file - Plugin build process completed
[2026-06-22T23:31:06.493] [DEBUG] debug-file - Start initialize project's product build option map with build mode debug.
[2026-06-22T23:31:06.493] [DEBUG] debug-file - Picking option from product 'default' with build mode 'debug'.
[2026-06-22T23:31:06.493] [DEBUG] debug-file - Product 'default' build option initialized
[2026-06-22T23:31:06.493] [DEBUG] debug-file - End initialize project's product build option map with build mode 'debug'.
[2026-06-22T23:31:06.493] [DEBUG] debug-file - Obtain build option for product 'default'in this build.
[2026-06-22T23:31:06.494] [DEBUG] debug-file - No signingConfig found, initRemoteHspCache failed.
[2026-06-22T23:31:06.495] [DEBUG] debug-file - Start recording SDK configuration permission data.
[2026-06-22T23:31:06.509] [DEBUG] debug-file - Sdk init in 16 ms 
[2026-06-22T23:31:06.511] [DEBUG] debug-file - Project task initialization takes 2 ms 
[2026-06-22T23:31:06.511] [DEBUG] debug-file - hvigorfile, begin to bind custom plugins...
[2026-06-22T23:31:06.511] [DEBUG] debug-file - hvigorfile, no custom plugins were found in D:\audio-format-switch-master\audio-format-switch-master\hvigorfile.ts
[2026-06-22T23:31:06.511] [DEBUG] debug-file - hvigorfile, resolve finished D:\audio-format-switch-master\audio-format-switch-master\hvigorfile.ts
[2026-06-22T23:31:06.512] [DEBUG] debug-file - hvigorfile, resolving D:\audio-format-switch-master\audio-format-switch-master\entry\hvigorfile.ts
[2026-06-22T23:31:06.514] [DEBUG] debug-file - hvigorfile, require result:  { default: { plugins: [] } }
[2026-06-22T23:31:06.514] [DEBUG] debug-file - hvigorfile, binding system plugins null
[2026-06-22T23:31:06.514] [DEBUG] debug-file - Starting plugin build process
[2026-06-22T23:31:06.514] [DEBUG] debug-file - Hap plugin creating...
[2026-06-22T23:31:06.515] [DEBUG] debug-file - failed to load cangjie to dynamically generate schemas: Error: Cannot find module '@ohos/cangjie-build-support/index'
Require stack:
- E:\DevEco Studio\tools\hvigor\hvigor-ohos-plugin\src\plugin\hooks\cangjie-register.js
- E:\DevEco Studio\tools\hvigor\hvigor-ohos-plugin\src\plugin\strategy\stage-init-strategy.js
- E:\DevEco Studio\tools\hvigor\hvigor-ohos-plugin\src\plugin\builder\abstract-plugin-builder.js
- E:\DevEco Studio\tools\hvigor\hvigor-ohos-plugin\src\plugin\builder\app-plugin-builder.js
- E:\DevEco Studio\tools\hvigor\hvigor-ohos-plugin\src\plugin\factory\plugin-factory.js
- E:\DevEco Studio\tools\hvigor\hvigor-ohos-plugin\index.js
- D:\audio-format-switch-master\audio-format-switch-master\hvigorfile.ts
- E:\DevEco Studio\tools\hvigor\hvigor\src\base\internal\lifecycle\configuration.js
- E:\DevEco Studio\tools\hvigor\hvigor\src\base\boot\index.js
- E:\DevEco Studio\tools\hvigor\hvigor\src\base\daemon\cluster\worker-process-lifecycle.js
- E:\DevEco Studio\tools\hvigor\hvigor\src\base\daemon\process\daemon-process-boot-script.js
[2026-06-22T23:31:06.516] [DEBUG] debug-file - Start initialize module-target build option map, moduleName=entry, buildMode=release
[2026-06-22T23:31:06.516] [DEBUG] debug-file - Target 'default' config initialized
[2026-06-22T23:31:06.517] [DEBUG] debug-file - Module 'entry' target 'default' build option initialized
[2026-06-22T23:31:06.517] [DEBUG] debug-file - End initialize module-target build option map, moduleName=entry
[2026-06-22T23:31:06.517] [DEBUG] debug-file - Start initialize module-target build option map, moduleName=entry, buildMode=debug
[2026-06-22T23:31:06.517] [DEBUG] debug-file - Target 'default' config initialized
[2026-06-22T23:31:06.517] [DEBUG] debug-file - Module 'entry' target 'default' build option initialized
[2026-06-22T23:31:06.517] [DEBUG] debug-file - End initialize module-target build option map, moduleName=entry
[2026-06-22T23:31:06.517] [DEBUG] debug-file - Start initialize module-target build option map, moduleName=entry, buildMode=debug
[2026-06-22T23:31:06.517] [DEBUG] debug-file - Target 'default' config initialized
[2026-06-22T23:31:06.517] [DEBUG] debug-file - Module 'entry' target 'default' build option initialized
[2026-06-22T23:31:06.517] [DEBUG] debug-file - End initialize module-target build option map, moduleName=entry
[2026-06-22T23:31:06.517] [DEBUG] debug-file - Obtain build option for module 'entry' target 'default'in this build.
[2026-06-22T23:31:06.518] [DEBUG] debug-file - Module entry task initialization takes 1 ms 
[2026-06-22T23:31:06.518] [DEBUG] debug-file - Hap plugin register hook start...
[2026-06-22T23:31:06.518] [DEBUG] debug-file - Hap plugin register hook end...
[2026-06-22T23:31:06.518] [DEBUG] debug-file - Plugin build process completed
[2026-06-22T23:31:06.518] [DEBUG] debug-file - hvigorfile, begin to bind custom plugins...
[2026-06-22T23:31:06.518] [DEBUG] debug-file - hvigorfile, no custom plugins were found in D:\audio-format-switch-master\audio-format-switch-master\entry\hvigorfile.ts
[2026-06-22T23:31:06.518] [DEBUG] debug-file - hvigorfile, resolve finished D:\audio-format-switch-master\audio-format-switch-master\entry\hvigorfile.ts
[2026-06-22T23:31:06.534] [DEBUG] debug-file - hvigorfile, resolve hvigorfile dependencies in 16 ms 
[2026-06-22T23:31:06.534] [DEBUG] debug-file - project has submodules:entry
[2026-06-22T23:31:06.535] [DEBUG] debug-file - start to load updatedOhPackageInfo to the disk
[2026-06-22T23:31:06.536] [DEBUG] debug-file - load to the disk finished
[2026-06-22T23:31:06.537] [DEBUG] debug-file - Start to initialize dependency information.
[2026-06-22T23:31:06.537] [DEBUG] debug-file - Module audio-format-switch-master Collected Dependency: 
[2026-06-22T23:31:06.537] [DEBUG] debug-file - Module audio-format-switch-master's total dependency: 0
[2026-06-22T23:31:06.538] [DEBUG] debug-file - Start to initialize dependency information.
[2026-06-22T23:31:06.539] [DEBUG] debug-file - Module entry Collected Dependency: 
[2026-06-22T23:31:06.539] [DEBUG] debug-file - Module entry's total dependency: 0
[2026-06-22T23:31:06.540] [DEBUG] debug-file - Configuration phase cost:55 ms 
[2026-06-22T23:31:06.540] [DEBUG] debug-file - Configuration task cost before running: 60 ms 
[2026-06-22T23:31:06.542] [DEBUG] debug-file - Executing task :entry:default@PreBuild
[2026-06-22T23:31:06.542] [DEBUG] debug-file - Task 'entry:default@PreBuild' cost while wrapping incremental declarations: 1 ms 
[2026-06-22T23:31:06.545] [DEBUG] debug-file - Incremental task entry:default@PreBuild pre-execution cost: 3 ms .
[2026-06-22T23:31:06.545] [DEBUG] debug-file - entry : default@PreBuild cost memory 0.28498077392578125
[2026-06-22T23:31:06.546] [INFO] debug-file - UP-TO-DATE :entry:default@PreBuild...  
[2026-06-22T23:31:06.546] [DEBUG] debug-file - Executing task :entry:default@CreateModuleInfo
[2026-06-22T23:31:06.546] [DEBUG] debug-file - Task 'entry:default@CreateModuleInfo' cost while wrapping incremental declarations: 1 ms 
[2026-06-22T23:31:06.546] [DEBUG] debug-file - entry : default@CreateModuleInfo cost memory 0.03972625732421875
[2026-06-22T23:31:06.546] [DEBUG] debug-file - runTaskFromQueue task cost before running: 66 ms 
[2026-06-22T23:31:06.547] [INFO] debug-file - Finished :entry:default@CreateModuleInfo... after 1 ms 
[2026-06-22T23:31:06.547] [DEBUG] debug-file - Executing task :entry:default@GenerateMetadata
[2026-06-22T23:31:06.547] [DEBUG] debug-file - Task 'entry:default@GenerateMetadata' cost while wrapping incremental declarations: 1 ms 
[2026-06-22T23:31:06.548] [DEBUG] debug-file - Incremental task entry:default@GenerateMetadata pre-execution cost: 1 ms .
[2026-06-22T23:31:06.548] [DEBUG] debug-file - entry : default@GenerateMetadata cost memory 0.0801849365234375
[2026-06-22T23:31:06.548] [INFO] debug-file - UP-TO-DATE :entry:default@GenerateMetadata...  
[2026-06-22T23:31:06.549] [DEBUG] debug-file - Executing task :entry:default@ConfigureCmake
[2026-06-22T23:31:06.549] [DEBUG] debug-file - entry : default@ConfigureCmake cost memory 0.0140533447265625
[2026-06-22T23:31:06.549] [DEBUG] debug-file - runTaskFromQueue task cost before running: 69 ms 
[2026-06-22T23:31:06.549] [INFO] debug-file - Finished :entry:default@ConfigureCmake... after 1 ms 
[2026-06-22T23:31:06.550] [DEBUG] debug-file - Executing task :entry:default@MergeProfile
[2026-06-22T23:31:06.550] [DEBUG] debug-file - Task 'entry:default@MergeProfile' cost while wrapping incremental declarations: 1 ms 
[2026-06-22T23:31:06.551] [DEBUG] debug-file - Incremental task entry:default@MergeProfile pre-execution cost: 1 ms .
[2026-06-22T23:31:06.551] [DEBUG] debug-file - entry : default@MergeProfile cost memory 0.11881256103515625
[2026-06-22T23:31:06.551] [INFO] debug-file - UP-TO-DATE :entry:default@MergeProfile...  
[2026-06-22T23:31:06.551] [DEBUG] debug-file - Executing task :entry:default@CreateBuildProfile
[2026-06-22T23:31:06.552] [DEBUG] debug-file - Task 'entry:default@CreateBuildProfile' cost while wrapping incremental declarations: 1 ms 
[2026-06-22T23:31:06.552] [DEBUG] debug-file - Incremental task entry:default@CreateBuildProfile pre-execution cost: 1 ms .
[2026-06-22T23:31:06.552] [DEBUG] debug-file - entry : default@CreateBuildProfile cost memory 0.09979248046875
[2026-06-22T23:31:06.552] [INFO] debug-file - UP-TO-DATE :entry:default@CreateBuildProfile...  
[2026-06-22T23:31:06.553] [DEBUG] debug-file - Executing task :entry:default@PreCheckSyscap
[2026-06-22T23:31:06.553] [DEBUG] debug-file - entry : default@PreCheckSyscap cost memory 0.01432037353515625
[2026-06-22T23:31:06.553] [DEBUG] debug-file - runTaskFromQueue task cost before running: 73 ms 
[2026-06-22T23:31:06.553] [INFO] debug-file - Finished :entry:default@PreCheckSyscap... after 1 ms 
[2026-06-22T23:31:06.554] [DEBUG] debug-file - Executing task :entry:default@GeneratePkgContextInfo
[2026-06-22T23:31:06.555] [DEBUG] debug-file - Task 'entry:default@GeneratePkgContextInfo' cost while wrapping incremental declarations: 1 ms 
[2026-06-22T23:31:06.556] [DEBUG] debug-file - Incremental task entry:default@GeneratePkgContextInfo pre-execution cost: 1 ms .
[2026-06-22T23:31:06.556] [DEBUG] debug-file - entry : default@GeneratePkgContextInfo cost memory 0.40476226806640625
[2026-06-22T23:31:06.556] [INFO] debug-file - UP-TO-DATE :entry:default@GeneratePkgContextInfo...  
[2026-06-22T23:31:06.556] [DEBUG] debug-file - Executing task :entry:default@GeneratePkgSdkInfo
[2026-06-22T23:31:06.557] [DEBUG] debug-file - Task 'entry:default@GeneratePkgSdkInfo' cost while wrapping incremental declarations: 1 ms 
[2026-06-22T23:31:06.557] [DEBUG] debug-file - entry : default@GeneratePkgSdkInfo cost memory 0.093017578125
[2026-06-22T23:31:06.557] [DEBUG] debug-file - runTaskFromQueue task cost before running: 77 ms 
[2026-06-22T23:31:06.557] [INFO] debug-file - Finished :entry:default@GeneratePkgSdkInfo... after 1 ms 
[2026-06-22T23:31:06.558] [DEBUG] debug-file - Executing task :entry:default@ProcessIntegratedHsp
[2026-06-22T23:31:06.558] [DEBUG] debug-file - entry:default@ProcessIntegratedHsp is not up-to-date, since the output file 'D:\audio-format-switch-master\audio-format-switch-master\build\cache\default\integrated_hsp\integratedHspCache.json' does not exist.
[2026-06-22T23:31:06.558] [DEBUG] debug-file - Incremental task entry:default@ProcessIntegratedHsp pre-execution cost: 1 ms .
[2026-06-22T23:31:06.558] [DEBUG] debug-file - entry : default@ProcessIntegratedHsp cost memory 0.0557403564453125
[2026-06-22T23:31:06.558] [DEBUG] debug-file - runTaskFromQueue task cost before running: 78 ms 
[2026-06-22T23:31:06.558] [INFO] debug-file - Finished :entry:default@ProcessIntegratedHsp... after 1 ms 
[2026-06-22T23:31:06.559] [DEBUG] debug-file - Executing task :entry:default@BuildNativeWithCmake
[2026-06-22T23:31:06.559] [DEBUG] debug-file - entry : default@BuildNativeWithCmake cost memory 0.0140533447265625
[2026-06-22T23:31:06.559] [DEBUG] debug-file - runTaskFromQueue task cost before running: 79 ms 
[2026-06-22T23:31:06.559] [INFO] debug-file - Finished :entry:default@BuildNativeWithCmake... after 1 ms 
[2026-06-22T23:31:06.559] [DEBUG] debug-file - Executing task :entry:default@MakePackInfo
[2026-06-22T23:31:06.561] [DEBUG] debug-file - Incremental task entry:default@MakePackInfo pre-execution cost: 1 ms .
[2026-06-22T23:31:06.561] [DEBUG] debug-file - entry : default@MakePackInfo cost memory 0.12270355224609375
[2026-06-22T23:31:06.561] [INFO] debug-file - UP-TO-DATE :entry:default@MakePackInfo...  
[2026-06-22T23:31:06.562] [DEBUG] debug-file - Executing task :entry:default@SyscapTransform
[2026-06-22T23:31:06.562] [DEBUG] debug-file - File: 'D:\audio-format-switch-master\audio-format-switch-master\entry\src\main\syscap.json' from 'sysCapJsonPath' is not exists, just ignore.
[2026-06-22T23:31:06.562] [DEBUG] debug-file - Task 'entry:default@SyscapTransform' cost while wrapping incremental declarations: 1 ms 
[2026-06-22T23:31:06.564] [DEBUG] debug-file - entry:default@SyscapTransform is not up-to-date, since the output file 'D:\audio-format-switch-master\audio-format-switch-master\entry\build\default\intermediates\syscap\default\rpcid.sc' does not exist.
[2026-06-22T23:31:06.564] [DEBUG] debug-file - Incremental task entry:default@SyscapTransform pre-execution cost: 2 ms .
[2026-06-22T23:31:06.564] [DEBUG] debug-file - entry : default@SyscapTransform cost memory -1.4352035522460938
[2026-06-22T23:31:06.564] [DEBUG] debug-file - runTaskFromQueue task cost before running: 83 ms 
[2026-06-22T23:31:06.564] [INFO] debug-file - Finished :entry:default@SyscapTransform... after 2 ms 
[2026-06-22T23:31:06.564] [DEBUG] debug-file - Executing task :entry:default@ProcessProfile
[2026-06-22T23:31:06.565] [DEBUG] debug-file - Task 'entry:default@ProcessProfile' cost while wrapping incremental declarations: 1 ms 
[2026-06-22T23:31:06.565] [DEBUG] debug-file - Incremental task entry:default@ProcessProfile pre-execution cost: 1 ms .
[2026-06-22T23:31:06.565] [DEBUG] debug-file - entry : default@ProcessProfile cost memory 0.1265411376953125
[2026-06-22T23:31:06.565] [INFO] debug-file - UP-TO-DATE :entry:default@ProcessProfile...  
[2026-06-22T23:31:06.566] [DEBUG] debug-file - Executing task :entry:default@ProcessRouterMap
[2026-06-22T23:31:06.567] [DEBUG] debug-file - Incremental task entry:default@ProcessRouterMap pre-execution cost: 1 ms .
[2026-06-22T23:31:06.567] [DEBUG] debug-file - entry : default@ProcessRouterMap cost memory 0.151275634765625
[2026-06-22T23:31:06.567] [INFO] debug-file - UP-TO-DATE :entry:default@ProcessRouterMap...  
[2026-06-22T23:31:06.568] [DEBUG] debug-file - Executing task :entry:default@ProcessShareConfig
[2026-06-22T23:31:06.569] [DEBUG] debug-file - Incremental task entry:default@ProcessShareConfig pre-execution cost: 1 ms .
[2026-06-22T23:31:06.569] [DEBUG] debug-file - entry : default@ProcessShareConfig cost memory 0.1286773681640625
[2026-06-22T23:31:06.569] [INFO] debug-file - UP-TO-DATE :entry:default@ProcessShareConfig...  
[2026-06-22T23:31:06.570] [DEBUG] debug-file - Executing task :entry:default@ProcessStartupConfig
[2026-06-22T23:31:06.570] [DEBUG] debug-file - Task 'entry:default@ProcessStartupConfig' cost while wrapping incremental declarations: 1 ms 
[2026-06-22T23:31:06.570] [DEBUG] debug-file - entry:default@ProcessStartupConfig is not up-to-date, since the output file 'D:\audio-format-switch-master\audio-format-switch-master\entry\build\default\intermediates\startup\default\startup_config.json' does not exist.
[2026-06-22T23:31:06.570] [DEBUG] debug-file - Incremental task entry:default@ProcessStartupConfig pre-execution cost: 1 ms .
[2026-06-22T23:31:06.571] [DEBUG] debug-file - entry : default@ProcessStartupConfig cost memory 0.12505340576171875
[2026-06-22T23:31:06.571] [DEBUG] debug-file - runTaskFromQueue task cost before running: 91 ms 
[2026-06-22T23:31:06.571] [INFO] debug-file - Finished :entry:default@ProcessStartupConfig... after 2 ms 
[2026-06-22T23:31:06.572] [DEBUG] debug-file - Executing task :entry:default@BuildNativeWithNinja
[2026-06-22T23:31:06.572] [DEBUG] debug-file - entry : default@BuildNativeWithNinja cost memory 0.020294189453125
[2026-06-22T23:31:06.572] [DEBUG] debug-file - runTaskFromQueue task cost before running: 92 ms 
[2026-06-22T23:31:06.572] [INFO] debug-file - Finished :entry:default@BuildNativeWithNinja... after 1 ms 
[2026-06-22T23:31:06.573] [DEBUG] debug-file - restool module names: entry; moduleName=entry, taskName=default@ProcessResource
[2026-06-22T23:31:06.573] [DEBUG] debug-file - Executing task :entry:default@ProcessResource
[2026-06-22T23:31:06.573] [DEBUG] debug-file - Task 'entry:default@ProcessResource' cost while wrapping incremental declarations: 1 ms 
[2026-06-22T23:31:06.574] [DEBUG] debug-file - Incremental task entry:default@ProcessResource pre-execution cost: 1 ms .
[2026-06-22T23:31:06.574] [DEBUG] debug-file - entry : default@ProcessResource cost memory 0.13527679443359375
[2026-06-22T23:31:06.575] [INFO] debug-file - UP-TO-DATE :entry:default@ProcessResource...  
[2026-06-22T23:31:06.576] [DEBUG] debug-file - Executing task :entry:default@GenerateLoaderJson
[2026-06-22T23:31:06.576] [DEBUG] debug-file - Task 'entry:default@GenerateLoaderJson' cost while wrapping incremental declarations: 1 ms 
[2026-06-22T23:31:06.580] [DEBUG] debug-file - Incremental task entry:default@GenerateLoaderJson pre-execution cost: 3 ms .
[2026-06-22T23:31:06.580] [DEBUG] debug-file - entry : default@GenerateLoaderJson cost memory -1.0991592407226562
[2026-06-22T23:31:06.582] [INFO] debug-file - UP-TO-DATE :entry:default@GenerateLoaderJson...  
[2026-06-22T23:31:06.582] [DEBUG] debug-file - Executing task :entry:default@ProcessLibs
[2026-06-22T23:31:06.583] [DEBUG] debug-file - Incremental task entry:default@ProcessLibs pre-execution cost: 1 ms .
[2026-06-22T23:31:06.583] [DEBUG] debug-file - entry : default@ProcessLibs cost memory 0.0956268310546875
[2026-06-22T23:31:06.584] [INFO] debug-file - UP-TO-DATE :entry:default@ProcessLibs...  
[2026-06-22T23:31:06.585] [DEBUG] debug-file - restool module names: entry; moduleName=entry, taskName=default@CompileResource
[2026-06-22T23:31:06.585] [DEBUG] debug-file - Executing task :entry:default@CompileResource
[2026-06-22T23:31:06.596] [DEBUG] debug-file - Incremental task entry:default@CompileResource pre-execution cost: 10 ms .
[2026-06-22T23:31:06.596] [DEBUG] debug-file - entry : default@CompileResource cost memory -0.8189773559570312
[2026-06-22T23:31:06.596] [INFO] debug-file - UP-TO-DATE :entry:default@CompileResource...  
[2026-06-22T23:31:06.597] [DEBUG] debug-file - Executing task :entry:default@DoNativeStrip
[2026-06-22T23:31:06.597] [DEBUG] debug-file - File: 'D:\audio-format-switch-master\audio-format-switch-master\entry\build\default\intermediates\binxo\default' from 'doBinxoNativeLibs' is not exists, just ignore.
[2026-06-22T23:31:06.597] [DEBUG] debug-file - Task 'entry:default@DoNativeStrip' cost while wrapping incremental declarations: 1 ms 
[2026-06-22T23:31:06.598] [DEBUG] debug-file - Incremental task entry:default@DoNativeStrip pre-execution cost: 1 ms .
[2026-06-22T23:31:06.598] [DEBUG] debug-file - entry : default@DoNativeStrip cost memory 0.09066009521484375
[2026-06-22T23:31:06.598] [INFO] debug-file - UP-TO-DATE :entry:default@DoNativeStrip...  
[2026-06-22T23:31:06.599] [DEBUG] debug-file - Executing task :entry:default@CompileArkTS
[2026-06-22T23:31:06.599] [DEBUG] debug-file - obfuscationOptions: undefined
[2026-06-22T23:31:06.599] [DEBUG] debug-file - Task 'entry:default@CompileArkTS' cost while wrapping incremental declarations: 1 ms 
[2026-06-22T23:31:06.605] [DEBUG] debug-file - build config:
[2026-06-22T23:31:06.605] [DEBUG] debug-file - {
  moduleType: 'entry',
  perf: 0,
  targetName: '.default',
  packageManagerType: 'ohpm',
  localPropertiesPath: 'D:\\audio-format-switch-master\\audio-format-switch-master\\local.properties',
  isPreview: false,
  isOhosTest: false,
  isLocalTest: false,
  buildMode: 'Debug',
  hotReloadBuild: undefined,
  watchMode: 'false',
  aceProfilePath: 'D:\\audio-format-switch-master\\audio-format-switch-master\\entry\\build\\default\\intermediates\\res\\default\\resources\\base\\profile',
  etsLoaderPath: 'E:\\DevEco Studio\\sdk\\default\\openharmony\\ets\\build-tools\\ets-loader',
  modulePath: 'D:\\audio-format-switch-master\\audio-format-switch-master\\entry',
  testFrameworkPar: {
    testMode: undefined,
    coveragePathFilter: undefined,
    coverageMode: undefined
  },
  needCoverageInsert: false,
  debugLine: false,
  projectTopDir: 'D:\\audio-format-switch-master\\audio-format-switch-master',
  compileSdkVersion: 23,
  compatibleSdkVersion: 20,
  originCompatibleSdkVersion: '6.0.0(20)',
  compatibleSdkVersionStage: undefined,
  bundleName: 'c***h',
  etsLoaderVersion: '6.1.0.105',
  etsLoaderReleaseType: 'Release',
  aotCompileMode: 'type',
  apPath: 'D:\\audio-format-switch-master\\audio-format-switch-master\\entry\\modules.ap',
  entryModuleName: 'entry',
  entryModuleVersion: '1.0.0',
  entryPackageName: 'entry',
  allModuleNameHash: 'be3e1490a19bd8d07662eb3de867532949623b451f558485d971c2f27ee92973',
  externalApiPaths: [ 'E:\\DevEco Studio\\sdk\\default\\hms\\ets' ],
  compilerTypes: [],
  isCrossplatform: false,
  hvigorPluginFile: undefined,
  compilePluginPath: undefined,
  buildGeneratedProfilePath: 'D:\\audio-format-switch-master\\audio-format-switch-master\\entry\\build\\default\\generated\\profile\\default',
  bundleType: 'app',
  arkTSVersion: undefined,
  apiVersion: 23,
  needCompleteSourcesMap: false,
  isFaMode: false,
  buildDir: 'D:\\audio-format-switch-master\\audio-format-switch-master\\entry\\build',
  deviceTypes: [ 'phone' ],
  pkgContextInfo: {
    entry: {
      packageName: 'entry',
      bundleName: '*****',
      moduleName: '',
      version: '',
      entryPath: 'src/main/',
      isSO: false,
      dependencyAlias: ''
    }
  },
  ohPackagePathMap: {},
  dependencyAliasMap: {},
  permission: { requestPermissions: undefined, definePermissions: undefined },
  useGetCurrentBundleName: false,
  projectArkOption: undefined,
  sourceMapDir: undefined,
  branchElimination: false,
  transformLib: undefined,
  tsImportSendable: false,
  resolveConflictMode: true,
  depName2RootPath: {},
  depName2DepInfo: {},
  depName2OhExports: {},
  rootPathSet: [ 'D:\\audio-format-switch-master\\audio-format-switch-master' ],
  useNativeResolver: true,
  shouldEmitJs: true,
  useTscResolve: false,
  singleFileEmit: false,
  userProjectConfig: {
    autoLazyImport: false,
    allowEmptyBundleName: false,
    reExportCheckMode: 'noCheck',
    executionMode: 'memory',
    usePathPlaceholder: false,
    writeRollupCache: true,
    isExpandImportEnabled: false,
    expandImportExclude: '',
    lazyImportExclude: '',
    lazyImportInclude: '',
    ignoreCrossplatformCheck: false,
    isHarDeduplicateEnabled: false,
    skipOhModulesLint: false,
    enableStrictCheckOHModule: false,
    disableSendableCheckRules: [],
    useDeclarationFileSignature: false,
    customizedOptions: undefined,
    integratedHsp: false,
    isPreloadSoEnabled: false
  },
  executionMode: 'memory',
  arkCompileCachePath: 'D:\\audio-format-switch-master\\audio-format-switch-master\\entry\\build\\default\\cache\\default\\default@CompileArkTS\\esmodule',
  autoLazyFilter: undefined,
  isHarDeduplicateEnabled: false,
  intermediateHarDuplicateDirPath: 'D:\\audio-format-switch-master\\audio-format-switch-master\\entry\\build\\default\\intermediates\\har_duplicate\\default',
  autoLazyImport: false,
  allowEmptyBundleName: false,
  reExportCheckMode: 'noCheck',
  usePathPlaceholder: false,
  writeRollupCache: true,
  isExpandImportEnabled: false,
  expandImportExclude: '',
  lazyImportExclude: '',
  lazyImportInclude: '',
  ignoreCrossplatformCheck: false,
  skipOhModulesLint: false,
  enableStrictCheckOHModule: false,
  disableSendableCheckRules: [],
  useDeclarationFileSignature: false,
  customizedOptions: undefined,
  integratedHsp: false,
  isPreloadSoEnabled: false,
  strictMode: {
    caseSensitiveCheck: true,
    useNormalizedOHMUrl: true,
    noExternalImportByPath: true
  },
  useNormalizedOHMUrl: true,
  caseSensitiveCheck: true,
  aceModuleJsonPath: 'D:\\audio-format-switch-master\\audio-format-switch-master\\entry\\build\\default\\intermediates\\res\\default\\ark_module.json',
  appResource: 'D:\\audio-format-switch-master\\audio-format-switch-master\\entry\\build\\default\\intermediates\\res\\default\\ResourceTable.txt',
  rawFileResource: 'D:\\audio-format-switch-master\\audio-format-switch-master\\entry\\build\\default\\intermediates\\res\\default\\resources\\rawfile',
  resourceTableHash: '6c01846ec43f83dda3236b826ce3ee4717843f851a24bccd7722c8787b896537',
  runtimeOS: 'HarmonyOS',
  sdkInfo: 'false:23:6.1.0.105:Release',
  aceModuleRoot: 'D:\\audio-format-switch-master\\audio-format-switch-master\\entry\\src\\main\\ets',
  compileMode: 'esmodule',
  aceSuperVisualPath: 'D:\\audio-format-switch-master\\audio-format-switch-master\\entry\\src\\main\\supervisual',
  aceBuildJson: 'D:\\audio-format-switch-master\\audio-format-switch-master\\entry\\build\\default\\intermediates\\loader\\default\\loader.json',
  cachePath: 'D:\\audio-format-switch-master\\audio-format-switch-master\\entry\\build\\default\\cache\\default\\default@CompileArkTS\\esmodule\\debug',
  aceModuleBuild: 'D:\\audio-format-switch-master\\audio-format-switch-master\\entry\\build\\default\\intermediates\\loader_out\\default\\ets',
  supportChunks: true,
  declaredFilesPath: undefined,
  shouldCollectDirectImportees: false,
  isByteCodeHarOptimize: false,
  expandImportPath: undefined,
  resourceTableTs: 'D:\\audio-format-switch-master\\audio-format-switch-master\\entry\\build\\default\\generated\\r\\default\\ResourceTable.ts',
  moduleMetaInfoFiles: [
    {
      filePath: 'D:\\audio-format-switch-master\\audio-format-switch-master\\entry\\build\\default\\generated\\r\\default\\ResourceTable.ts',
      ohmurl: '&entry/build/generated/r/ResourceTable&'
    }
  ],
  pkgNameToPkgBriefInfo: {
    entry: {
      pkgRoot: 'D:\\audio-format-switch-master\\audio-format-switch-master\\entry',
      originalSourceRoots: undefined,
      sourceRoots: [Array],
      pkgName: 'entry'
    }
  },
  projectModel: {
    'D:\\audio-format-switch-master\\audio-format-switch-master\\entry\\src\\main': {
      moduleName: 'entry',
      modulePkgPath: 'D:\\audio-format-switch-master\\audio-format-switch-master\\entry',
      belongProjectPath: 'D:\\audio-format-switch-master\\audio-format-switch-master'
    },
    'D:\\audio-format-switch-master\\audio-format-switch-master\\entry': {
      moduleName: 'entry',
      modulePkgPath: 'D:\\audio-format-switch-master\\audio-format-switch-master\\entry',
      belongProjectPath: 'D:\\audio-format-switch-master\\audio-format-switch-master'
    },
    'D:\\audio-format-switch-master\\audio-format-switch-master': {
      moduleName: 'audio-format-switch-master',
      modulePkgPath: 'D:\\audio-format-switch-master\\audio-format-switch-master',
      belongProjectPath: 'D:\\audio-format-switch-master\\audio-format-switch-master'
    }
  },
  pkgJsonFileHash: '3988b0835bccf210dee13376ccba6999fb1b98adb421db068b476e7002ad0e2d',
  allModulePaths: [
    'D:\\audio-format-switch-master\\audio-format-switch-master\\entry'
  ],
  routerMap: {},
  obfuscationOptions: undefined,
  byteCodeHarToDependencyKeys: undefined,
  compileBlockPkg: [],
  mockParams: {
    decorator: '@MockSetup',
    packageName: '@ohos/hamock',
    etsSourceRootPath: 'src/main/ets',
    mockConfigPath: undefined,
    mockConfigKey2ModuleInfo: {},
    source2ModuleIdMap: {}
  },
  copyCodeResourceEnable: false,
  copyCodeResourceExcludes: [],
  copyCodeResourceIncludes: undefined,
  uiTransformOptimization: false,
  sdkPath: 'E:/DevEco Studio/sdk',
  needPreloadSoFileSet: {},
  preloadSoFilePath: 'D:\\audio-format-switch-master\\audio-format-switch-master\\entry\\build\\default\\intermediates\\preload\\default\\preload.json',
  useSourceHash: false,
  localModuleParamMap: {},
  otherPaths: {
    'entry/*': [
      '..\\*',
      '..\\..\\..\\build\\default\\generated\\profile\\default\\*'
    ]
  },
  collectImportersConfig: undefined
}
[2026-06-22T23:31:06.605] [DEBUG] debug-file - Compile arkts with external api path: E:\DevEco Studio\sdk\default\hms\ets
[2026-06-22T23:31:06.605] [DEBUG] debug-file - default@CompileArkTS work[7] is submitted.
[2026-06-22T23:31:06.606] [DEBUG] debug-file - default@CompileArkTS work[7] is pushed to ready queue.
[2026-06-22T23:31:06.606] [DEBUG] debug-file - A work dispatched to worker[23] failed because unable to get work from ready queue.
[2026-06-22T23:31:06.606] [DEBUG] debug-file - A work dispatched to worker[22] failed because unable to get work from ready queue.
[2026-06-22T23:31:06.606] [DEBUG] debug-file - A work dispatched to worker[21] failed because unable to get work from ready queue.
[2026-06-22T23:31:06.606] [DEBUG] debug-file - A work dispatched to worker[20] failed because unable to get work from ready queue.
[2026-06-22T23:31:06.606] [DEBUG] debug-file - A work dispatched to worker[19] failed because unable to get work from ready queue.
[2026-06-22T23:31:06.606] [DEBUG] debug-file - A work dispatched to worker[18] failed because unable to get work from ready queue.
[2026-06-22T23:31:06.606] [DEBUG] debug-file - A work dispatched to worker[17] failed because unable to get work from ready queue.
[2026-06-22T23:31:06.606] [DEBUG] debug-file - A work dispatched to worker[16] failed because unable to get work from ready queue.
[2026-06-22T23:31:06.606] [DEBUG] debug-file - A work dispatched to worker[15] failed because unable to get work from ready queue.
[2026-06-22T23:31:06.606] [DEBUG] debug-file - A work dispatched to worker[14] failed because unable to get work from ready queue.
[2026-06-22T23:31:06.606] [DEBUG] debug-file - A work dispatched to worker[13] failed because unable to get work from ready queue.
[2026-06-22T23:31:06.606] [DEBUG] debug-file - A work dispatched to worker[12] failed because unable to get work from ready queue.
[2026-06-22T23:31:06.606] [DEBUG] debug-file - A work dispatched to worker[11] failed because unable to get work from ready queue.
[2026-06-22T23:31:06.606] [DEBUG] debug-file - A work dispatched to worker[10] failed because unable to get work from ready queue.
[2026-06-22T23:31:06.606] [DEBUG] debug-file - A work dispatched to worker[9] failed because unable to get work from ready queue.
[2026-06-22T23:31:06.606] [DEBUG] debug-file - A work dispatched to worker[8] failed because unable to get work from ready queue.
[2026-06-22T23:31:06.606] [DEBUG] debug-file - A work dispatched to worker[7] failed because unable to get work from ready queue.
[2026-06-22T23:31:06.606] [DEBUG] debug-file - A work dispatched to worker[6] failed because unable to get work from ready queue.
[2026-06-22T23:31:06.606] [DEBUG] debug-file - A work dispatched to worker[5] failed because unable to get work from ready queue.
[2026-06-22T23:31:06.606] [DEBUG] debug-file - default@CompileArkTS work[7] has been dispatched to worker[4].
[2026-06-22T23:31:06.606] [DEBUG] debug-file - default@CompileArkTS work[7] is dispatched.
[2026-06-22T23:31:06.606] [DEBUG] debug-file - entry : default@CompileArkTS cost memory 1.1171035766601562
[2026-06-22T23:31:06.607] [DEBUG] debug-file - Executing task :entry:default@BuildJS
[2026-06-22T23:31:06.607] [DEBUG] debug-file - Task 'entry:default@BuildJS' cost while wrapping incremental declarations: 1 ms 
[2026-06-22T23:31:06.608] [DEBUG] debug-file - entry : default@BuildJS cost memory 0.153656005859375
[2026-06-22T23:31:06.608] [DEBUG] debug-file - runTaskFromQueue task cost before running: 128 ms 
[2026-06-22T23:31:06.608] [INFO] debug-file - Finished :entry:default@BuildJS... after 2 ms 
[2026-06-22T23:31:06.610] [DEBUG] debug-file - Executing task :entry:default@CacheNativeLibs
[2026-06-22T23:31:06.610] [DEBUG] debug-file - File: 'D:\audio-format-switch-master\audio-format-switch-master\entry\build\default\intermediates\binxo\default' from 'cacheBinxoNativeLibs' is not exists, just ignore.
[2026-06-22T23:31:06.610] [DEBUG] debug-file - Task 'entry:default@CacheNativeLibs' cost while wrapping incremental declarations: 1 ms 
[2026-06-22T23:31:06.611] [DEBUG] debug-file - Incremental task entry:default@CacheNativeLibs pre-execution cost: 1 ms .
[2026-06-22T23:31:06.611] [DEBUG] debug-file - entry : default@CacheNativeLibs cost memory 0.115386962890625
[2026-06-22T23:31:06.611] [INFO] debug-file - UP-TO-DATE :entry:default@CacheNativeLibs...  
[2026-06-22T23:31:07.383] [DEBUG] debug-file - worker[4] has one work done.
[2026-06-22T23:31:07.383] [DEBUG] debug-file - Ark compile task finished.finished time is 1733410557626400
[2026-06-22T23:31:07.384] [DEBUG] debug-file - default@CompileArkTS work[7] done.
[2026-06-22T23:31:07.385] [INFO] debug-file - Finished :entry:default@CompileArkTS... after 784 ms 
[2026-06-22T23:31:07.385] [DEBUG] debug-file - Executing task :entry:default@GeneratePkgModuleJson
[2026-06-22T23:31:07.385] [DEBUG] debug-file - File: 'D:\audio-format-switch-master\audio-format-switch-master\entry\build\default\intermediates\preload\default\preload.json' from 'preloadSoJsonPath' is not exists, just ignore.
[2026-06-22T23:31:07.387] [DEBUG] debug-file - Error occurs while handling @Input 'shouldDeduplicateHar': The "data" argument must be of type string or an instance of Buffer, TypedArray, or DataView. Received undefined
[2026-06-22T23:31:07.387] [DEBUG] debug-file - Task 'entry:default@GeneratePkgModuleJson' cost while wrapping incremental declarations: 2 ms 
[2026-06-22T23:31:07.387] [DEBUG] debug-file - entry:default@GeneratePkgModuleJson is not up-to-date, since the input file 'D:\audio-format-switch-master\audio-format-switch-master\entry\build\default\intermediates\res\default\module.json' has been changed.
[2026-06-22T23:31:07.387] [DEBUG] debug-file - Incremental task entry:default@GeneratePkgModuleJson pre-execution cost: 1 ms .
[2026-06-22T23:31:07.388] [DEBUG] debug-file - entry : default@GeneratePkgModuleJson cost memory 0.18370819091796875
[2026-06-22T23:31:07.388] [DEBUG] debug-file - runTaskFromQueue task cost before running: 908 ms 
[2026-06-22T23:31:07.389] [INFO] debug-file - Finished :entry:default@GeneratePkgModuleJson... after 4 ms 
[2026-06-22T23:31:07.389] [DEBUG] debug-file - Executing task :entry:default@ProcessCompiledResources
[2026-06-22T23:31:07.389] [DEBUG] debug-file - File: 'D:\audio-format-switch-master\audio-format-switch-master\entry\build\default\intermediates\preload\default\preload.json' from 'preloadSoJsonPath' is not exists, just ignore.
[2026-06-22T23:31:07.389] [DEBUG] debug-file - Task 'entry:default@ProcessCompiledResources' cost while wrapping incremental declarations: 1 ms 
[2026-06-22T23:31:07.389] [DEBUG] debug-file - entry : default@ProcessCompiledResources cost memory 0.05706024169921875
[2026-06-22T23:31:07.389] [DEBUG] debug-file - runTaskFromQueue task cost before running: 909 ms 
[2026-06-22T23:31:07.389] [INFO] debug-file - Finished :entry:default@ProcessCompiledResources... after 1 ms 
[2026-06-22T23:31:07.390] [DEBUG] debug-file - Executing task :entry:default@PackageHap
[2026-06-22T23:31:07.392] [DEBUG] debug-file - entry:default@PackageHap is not up-to-date, since the input file 'D:\audio-format-switch-master\audio-format-switch-master\entry\build\default\intermediates\res\default\module.json' has been changed.
[2026-06-22T23:31:07.392] [DEBUG] debug-file - Incremental task entry:default@PackageHap pre-execution cost: 2 ms .
[2026-06-22T23:31:07.393] [DEBUG] debug-file - Use tool [E:\DevEco Studio\sdk\default\openharmony\toolchains\lib\app_packing_tool.jar]
 [
  'java',
  '-Dfile.encoding=GBK',
  '-jar',
  'E:\\DevEco Studio\\sdk\\default\\openharmony\\toolchains\\lib\\app_packing_tool.jar',
  '--mode',
  'hap',
  '--force',
  'true',
  '--lib-path',
  'D:\\audio-format-switch-master\\audio-format-switch-master\\entry\\build\\default\\intermediates\\stripped_native_libs\\default',
  '--json-path',
  'D:\\audio-format-switch-master\\audio-format-switch-master\\entry\\build\\default\\intermediates\\package\\default\\module.json',
  '--resources-path',
  'D:\\audio-format-switch-master\\audio-format-switch-master\\entry\\build\\default\\intermediates\\res\\default\\resources',
  '--index-path',
  'D:\\audio-format-switch-master\\audio-format-switch-master\\entry\\build\\default\\intermediates\\res\\default\\resources.index',
  '--pack-info-path',
  'D:\\audio-format-switch-master\\audio-format-switch-master\\entry\\build\\default\\outputs\\default\\pack.info',
  '--out-path',
  'D:\\audio-format-switch-master\\audio-format-switch-master\\entry\\build\\default\\outputs\\default\\entry-default-unsigned.hap',
  '--ets-path',
  'D:\\audio-format-switch-master\\audio-format-switch-master\\entry\\build\\default\\intermediates\\loader_out\\default\\ets',
  '--pkg-context-path',
  'D:\\audio-format-switch-master\\audio-format-switch-master\\entry\\build\\default\\intermediates\\loader\\default\\pkgContextInfo.json'
]
[2026-06-22T23:31:07.393] [DEBUG] debug-file - default@PackageHap work[8] is submitted.
[2026-06-22T23:31:07.393] [DEBUG] debug-file - default@PackageHap work[8] is pushed to ready queue.
[2026-06-22T23:31:07.393] [DEBUG] debug-file - A work dispatched to worker[23] failed because unable to get work from ready queue.
[2026-06-22T23:31:07.394] [DEBUG] debug-file - Create  resident worker with id: 22.
[2026-06-22T23:31:07.395] [DEBUG] debug-file - default@PackageHap work[8] has been dispatched to worker[22].
[2026-06-22T23:31:07.395] [DEBUG] debug-file - default@PackageHap work[8] is dispatched.
[2026-06-22T23:31:07.397] [DEBUG] debug-file - entry : default@PackageHap cost memory 0.6461715698242188
[2026-06-22T23:31:08.282] [DEBUG] debug-file - current process  memoryUsage: {
  rss: 466014208,
  heapTotal: 80773120,
  heapUsed: 49343352,
  external: 2341412,
  arrayBuffers: 99735
} os memoryUsage :13.529731750488281
[2026-06-22T23:31:08.854] [DEBUG] debug-file - worker[22] has one work done.
[2026-06-22T23:31:08.854] [DEBUG] debug-file - default@PackageHap work[8] done.
[2026-06-22T23:31:08.854] [DEBUG] debug-file - A work dispatched to worker[22] failed because unable to get work from ready queue.
[2026-06-22T23:31:08.855] [INFO] debug-file - Finished :entry:default@PackageHap... after 581 ms 
[2026-06-22T23:31:08.856] [DEBUG] debug-file - Executing task :entry:default@PackingCheck
[2026-06-22T23:31:08.859] [DEBUG] debug-file - entry : default@PackingCheck cost memory -1.209259033203125
[2026-06-22T23:31:08.859] [DEBUG] debug-file - runTaskFromQueue task cost before running: 2 s 379 ms 
[2026-06-22T23:31:08.859] [INFO] debug-file - Finished :entry:default@PackingCheck... after 4 ms 
[2026-06-22T23:31:08.860] [DEBUG] debug-file - Executing task :entry:default@SignHap
[2026-06-22T23:31:08.860] [WARN] debug-file - Will skip sign 'hos_hap'. No signingConfigs profile is configured in current project.
             If needed, configure the signingConfigs in D:\audio-format-switch-master\audio-format-switch-master\build-profile.json5.
[2026-06-22T23:31:08.861] [DEBUG] debug-file - entry:default@SignHap is not up-to-date, since the input file 'D:\audio-format-switch-master\audio-format-switch-master\entry\build\default\outputs\default\entry-default-unsigned.hap' has been changed.
[2026-06-22T23:31:08.861] [DEBUG] debug-file - Incremental task entry:default@SignHap pre-execution cost: 1 ms .
[2026-06-22T23:31:08.861] [DEBUG] debug-file - entry : default@SignHap cost memory 0.087310791015625
[2026-06-22T23:31:08.861] [DEBUG] debug-file - runTaskFromQueue task cost before running: 2 s 381 ms 
[2026-06-22T23:31:08.862] [INFO] debug-file - Finished :entry:default@SignHap... after 2 ms 
[2026-06-22T23:31:08.862] [DEBUG] debug-file - Executing task :entry:default@CollectDebugSymbol
[2026-06-22T23:31:08.863] [DEBUG] debug-file - entry : default@CollectDebugSymbol cost memory 0.0876617431640625
[2026-06-22T23:31:08.863] [DEBUG] debug-file - runTaskFromQueue task cost before running: 2 s 383 ms 
[2026-06-22T23:31:08.863] [INFO] debug-file - Finished :entry:default@CollectDebugSymbol... after 1 ms 
[2026-06-22T23:31:08.863] [DEBUG] debug-file - Executing task :entry:assembleHap
[2026-06-22T23:31:08.863] [DEBUG] debug-file - entry : assembleHap cost memory 0.012298583984375
[2026-06-22T23:31:08.863] [DEBUG] debug-file - runTaskFromQueue task cost before running: 2 s 383 ms 
[2026-06-22T23:31:08.863] [INFO] debug-file - Finished :entry:assembleHap... after 1 ms 
[2026-06-22T23:31:08.876] [INFO] debug-file - BUILD SUCCESSFUL in 2 s 395 ms 
[2026-06-22T23:31:08.876] [DEBUG] debug-file - There is no need to refresh cache, since the incremental task entry:default@PreBuild is up-to-date.
[2026-06-22T23:31:08.876] [DEBUG] debug-file - Update task entry:default@CreateModuleInfo output file:D:\audio-format-switch-master\audio-format-switch-master\entry\build\default\generated\profile\default\ModuleInfo.ts cache.
[2026-06-22T23:31:08.876] [DEBUG] debug-file - Incremental task entry:default@CreateModuleInfo post-execution cost:1 ms .
[2026-06-22T23:31:08.876] [DEBUG] debug-file - There is no need to refresh cache, since the incremental task entry:default@GenerateMetadata is up-to-date.
[2026-06-22T23:31:08.876] [DEBUG] debug-file - There is no need to refresh cache, since the incremental task entry:default@MergeProfile is up-to-date.
[2026-06-22T23:31:08.876] [DEBUG] debug-file - There is no need to refresh cache, since the incremental task entry:default@CreateBuildProfile is up-to-date.
[2026-06-22T23:31:08.876] [DEBUG] debug-file - There is no need to refresh cache, since the incremental task entry:default@GeneratePkgContextInfo is up-to-date.
[2026-06-22T23:31:08.876] [DEBUG] debug-file - Update task entry:default@GeneratePkgSdkInfo output file:D:\audio-format-switch-master\audio-format-switch-master\entry\build\default\intermediates\loader\default\pkgSdkInfo.json cache.
[2026-06-22T23:31:08.876] [DEBUG] debug-file - Incremental task entry:default@GeneratePkgSdkInfo post-execution cost:1 ms .
[2026-06-22T23:31:08.876] [DEBUG] debug-file - Update task entry:default@ProcessIntegratedHsp output file:D:\audio-format-switch-master\audio-format-switch-master\build\cache\default\integrated_hsp\integratedHspCache.json cache.
[2026-06-22T23:31:08.876] [DEBUG] debug-file - Incremental task entry:default@ProcessIntegratedHsp post-execution cost:1 ms .
[2026-06-22T23:31:08.876] [DEBUG] debug-file - There is no need to refresh cache, since the incremental task entry:default@MakePackInfo is up-to-date.
[2026-06-22T23:31:08.877] [DEBUG] debug-file - Update task entry:default@SyscapTransform input file:E:\DevEco Studio\sdk\default\openharmony\toolchains\syscap_tool.exe cache by regenerate.
[2026-06-22T23:31:08.877] [DEBUG] debug-file - Update task entry:default@SyscapTransform input file:E:\DevEco Studio\sdk\default\openharmony\ets\api\device-define cache by regenerate.
[2026-06-22T23:31:08.877] [DEBUG] debug-file - Update task entry:default@SyscapTransform output file:D:\audio-format-switch-master\audio-format-switch-master\entry\build\default\intermediates\syscap\default\rpcid.sc cache.
[2026-06-22T23:31:08.878] [DEBUG] debug-file - Incremental task entry:default@SyscapTransform post-execution cost:2 ms .
[2026-06-22T23:31:08.878] [DEBUG] debug-file - There is no need to refresh cache, since the incremental task entry:default@ProcessProfile is up-to-date.
[2026-06-22T23:31:08.878] [DEBUG] debug-file - There is no need to refresh cache, since the incremental task entry:default@ProcessRouterMap is up-to-date.
[2026-06-22T23:31:08.878] [DEBUG] debug-file - There is no need to refresh cache, since the incremental task entry:default@ProcessShareConfig is up-to-date.
[2026-06-22T23:31:08.878] [DEBUG] debug-file - Update task entry:default@ProcessStartupConfig input file:D:\audio-format-switch-master\audio-format-switch-master\entry\build\default\intermediates\loader\default\pkgContextInfo.json cache by regenerate.
[2026-06-22T23:31:08.878] [DEBUG] debug-file - Update task entry:default@ProcessStartupConfig output file:D:\audio-format-switch-master\audio-format-switch-master\entry\build\default\intermediates\startup\default\startup_config.json cache.
[2026-06-22T23:31:08.878] [DEBUG] debug-file - Incremental task entry:default@ProcessStartupConfig post-execution cost:1 ms .
[2026-06-22T23:31:08.878] [DEBUG] debug-file - There is no need to refresh cache, since the incremental task entry:default@ProcessResource is up-to-date.
[2026-06-22T23:31:08.878] [DEBUG] debug-file - There is no need to refresh cache, since the incremental task entry:default@GenerateLoaderJson is up-to-date.
[2026-06-22T23:31:08.878] [DEBUG] debug-file - There is no need to refresh cache, since the incremental task entry:default@ProcessLibs is up-to-date.
[2026-06-22T23:31:08.878] [DEBUG] debug-file - There is no need to refresh cache, since the incremental task entry:default@CompileResource is up-to-date.
[2026-06-22T23:31:08.878] [DEBUG] debug-file - There is no need to refresh cache, since the incremental task entry:default@DoNativeStrip is up-to-date.
[2026-06-22T23:31:08.879] [DEBUG] debug-file - Update task entry:default@CompileArkTS input file:D:\audio-format-switch-master\audio-format-switch-master\entry\build\default\intermediates\loader\default cache by regenerate.
[2026-06-22T23:31:08.879] [DEBUG] debug-file - Update task entry:default@CompileArkTS input file:D:\audio-format-switch-master\audio-format-switch-master\entry\build\default\intermediates\res\default\resources\rawfile cache by regenerate.
[2026-06-22T23:31:08.879] [DEBUG] debug-file - Update task entry:default@CompileArkTS input file:D:\audio-format-switch-master\audio-format-switch-master\entry\build\default\intermediates\res\default\ResourceTable.txt cache by regenerate.
[2026-06-22T23:31:08.880] [DEBUG] debug-file - Update task entry:default@CompileArkTS input file:D:\audio-format-switch-master\audio-format-switch-master\entry\build\default\intermediates\res\default\ark_module.json cache by regenerate.
[2026-06-22T23:31:08.880] [DEBUG] debug-file - Update task entry:default@CompileArkTS input file:D:\audio-format-switch-master\audio-format-switch-master\entry\build\default\intermediates\res\default\resources\base\profile cache by regenerate.
[2026-06-22T23:31:08.880] [DEBUG] debug-file - Update task entry:default@CompileArkTS input file:D:\audio-format-switch-master\audio-format-switch-master\entry\src\main\ets cache by regenerate.
[2026-06-22T23:31:08.882] [DEBUG] debug-file - Update task entry:default@CompileArkTS input file:D:\audio-format-switch-master\audio-format-switch-master\entry\build\default\intermediates\loader\default\pkgContextInfo.json cache by regenerate.
[2026-06-22T23:31:08.882] [DEBUG] debug-file - Update task entry:default@CompileArkTS input file:D:\audio-format-switch-master\audio-format-switch-master\entry\build\default\generated\profile\default\BuildProfile.ets cache by regenerate.
[2026-06-22T23:31:08.883] [DEBUG] debug-file - Update task entry:default@CompileArkTS output file:D:\audio-format-switch-master\audio-format-switch-master\entry\build\default\intermediates\loader_out\default\ets cache.
[2026-06-22T23:31:08.883] [DEBUG] debug-file - Incremental task entry:default@CompileArkTS post-execution cost:5 ms .
[2026-06-22T23:31:08.883] [DEBUG] debug-file - Update task entry:default@BuildJS input file:D:\audio-format-switch-master\audio-format-switch-master\entry\build\default\intermediates\loader\default cache by regenerate.
[2026-06-22T23:31:08.884] [DEBUG] debug-file - Update task entry:default@BuildJS input file:D:\audio-format-switch-master\audio-format-switch-master\entry\build\default\intermediates\res\default\resources\rawfile cache by regenerate.
[2026-06-22T23:31:08.884] [DEBUG] debug-file - Update task entry:default@BuildJS input file:D:\audio-format-switch-master\audio-format-switch-master\entry\build\default\intermediates\res\default\ResourceTable.txt cache by regenerate.
[2026-06-22T23:31:08.884] [DEBUG] debug-file - Update task entry:default@BuildJS input file:D:\audio-format-switch-master\audio-format-switch-master\entry\build\default\intermediates\res\default\ark_module.json cache by regenerate.
[2026-06-22T23:31:08.884] [DEBUG] debug-file - Update task entry:default@BuildJS input file:D:\audio-format-switch-master\audio-format-switch-master\entry\build\default\intermediates\res\default\resources\base\profile cache by regenerate.
[2026-06-22T23:31:08.884] [DEBUG] debug-file - Update task entry:default@BuildJS input file:D:\audio-format-switch-master\audio-format-switch-master\entry\build\default\intermediates\loader\default\pkgContextInfo.json cache by regenerate.
[2026-06-22T23:31:08.885] [DEBUG] debug-file - Update task entry:default@BuildJS output file:D:\audio-format-switch-master\audio-format-switch-master\entry\build\default\intermediates\loader_out\default\js cache.
[2026-06-22T23:31:08.885] [DEBUG] debug-file - Incremental task entry:default@BuildJS post-execution cost:2 ms .
[2026-06-22T23:31:08.885] [DEBUG] debug-file - There is no need to refresh cache, since the incremental task entry:default@CacheNativeLibs is up-to-date.
[2026-06-22T23:31:08.885] [DEBUG] debug-file - Update task entry:default@GeneratePkgModuleJson input file:D:\audio-format-switch-master\audio-format-switch-master\entry\build\default\intermediates\res\default\module.json cache from map.
[2026-06-22T23:31:08.885] [DEBUG] debug-file - Update task entry:default@GeneratePkgModuleJson output file:D:\audio-format-switch-master\audio-format-switch-master\entry\build\default\intermediates\package\default\module.json cache.
[2026-06-22T23:31:08.885] [DEBUG] debug-file - Incremental task entry:default@GeneratePkgModuleJson post-execution cost:1 ms .
[2026-06-22T23:31:08.885] [DEBUG] debug-file - Incremental task entry:default@ProcessCompiledResources post-execution cost:1 ms .
[2026-06-22T23:31:08.885] [DEBUG] debug-file - Update task entry:default@PackageHap input file:D:\audio-format-switch-master\audio-format-switch-master\entry\build\default\intermediates\stripped_native_libs\default cache by regenerate.
[2026-06-22T23:31:08.885] [DEBUG] debug-file - Update task entry:default@PackageHap input file:D:\audio-format-switch-master\audio-format-switch-master\entry\build\default\intermediates\res\default\module.json cache from map.
[2026-06-22T23:31:08.885] [DEBUG] debug-file - Update task entry:default@PackageHap input file:D:\audio-format-switch-master\audio-format-switch-master\entry\build\default\intermediates\res\default\resources cache by regenerate.
[2026-06-22T23:31:08.887] [DEBUG] debug-file - Update task entry:default@PackageHap input file:D:\audio-format-switch-master\audio-format-switch-master\entry\build\default\intermediates\res\default\resources.index cache by regenerate.
[2026-06-22T23:31:08.887] [DEBUG] debug-file - Update task entry:default@PackageHap input file:D:\audio-format-switch-master\audio-format-switch-master\entry\build\default\outputs\default\pack.info cache by regenerate.
[2026-06-22T23:31:08.887] [DEBUG] debug-file - Update task entry:default@PackageHap input file:D:\audio-format-switch-master\audio-format-switch-master\entry\build\default\intermediates\loader_out\default\ets cache by regenerate.
[2026-06-22T23:31:08.888] [DEBUG] debug-file - Update task entry:default@PackageHap input file:D:\audio-format-switch-master\audio-format-switch-master\entry\build\default\intermediates\loader\default\pkgContextInfo.json cache by regenerate.
[2026-06-22T23:31:08.888] [DEBUG] debug-file - Update task entry:default@PackageHap input file:D:\audio-format-switch-master\audio-format-switch-master\entry\build\default\intermediates\loader_out\default\ets\sourceMaps.map cache by regenerate.
[2026-06-22T23:31:08.888] [DEBUG] debug-file - Update task entry:default@PackageHap input file:D:\audio-format-switch-master\audio-format-switch-master\entry\build\default\generated\profile\default\BuildProfile.ets cache by regenerate.
[2026-06-22T23:31:08.888] [DEBUG] debug-file - Update task entry:default@PackageHap output file:D:\audio-format-switch-master\audio-format-switch-master\entry\build\default\outputs\default\entry-default-unsigned.hap cache.
[2026-06-22T23:31:08.888] [DEBUG] debug-file - Update task entry:default@PackageHap output file:D:\audio-format-switch-master\audio-format-switch-master\entry\build\default\intermediates\source_map\default\sourceMaps.map cache.
[2026-06-22T23:31:08.888] [DEBUG] debug-file - Update task entry:default@PackageHap output file:D:\audio-format-switch-master\audio-format-switch-master\entry\build\default\outputs\default\mapping\sourceMaps.map cache.
[2026-06-22T23:31:08.888] [DEBUG] debug-file - Incremental task entry:default@PackageHap post-execution cost:4 ms .
[2026-06-22T23:31:08.888] [DEBUG] debug-file - Update task entry:default@SignHap input file:D:\audio-format-switch-master\audio-format-switch-master\entry\build\default\outputs\default\entry-default-unsigned.hap cache from map.
[2026-06-22T23:31:08.888] [DEBUG] debug-file - Update task entry:default@SignHap output file:D:\audio-format-switch-master\audio-format-switch-master\entry\build\default\outputs\default\entry-default-signed.hap cache.
[2026-06-22T23:31:08.889] [DEBUG] debug-file - Incremental task entry:default@SignHap post-execution cost:1 ms .
[2026-06-22T23:31:08.889] [DEBUG] debug-file - Update task entry:default@CollectDebugSymbol input file:D:\audio-format-switch-master\audio-format-switch-master\entry\build\default\intermediates\loader_out\default\ets\sourceMaps.map cache by regenerate.
[2026-06-22T23:31:08.889] [DEBUG] debug-file - Update task entry:default@CollectDebugSymbol input file:D:\audio-format-switch-master\audio-format-switch-master\entry\build\default\intermediates\libs\default cache by regenerate.
[2026-06-22T23:31:08.889] [DEBUG] debug-file - Update task entry:default@CollectDebugSymbol output file:D:\audio-format-switch-master\audio-format-switch-master\entry\build\default\outputs\default\symbol cache.
[2026-06-22T23:31:08.889] [DEBUG] debug-file - Incremental task entry:default@CollectDebugSymbol post-execution cost:1 ms .
[2026-06-22T23:31:08.905] [DEBUG] debug-file - Cleanup worker 22.
[2026-06-22T23:31:08.905] [DEBUG] debug-file - Worker 22 has been cleaned up.
[2026-06-22T23:31:08.905] [DEBUG] debug-file - Current idle worker size: 1.
[2026-06-22T23:31:08.905] [DEBUG] debug-file - Current resident worker size: 2.
[2026-06-22T23:31:08.906] [DEBUG] debug-file - hvigor build process will be closed.
[2026-06-22T23:31:08.910] [DEBUG] debug-file - session manager: send message to worker process.
[2026-06-22T23:31:08.910] [DEBUG] debug-file - session manager: send message to worker process.
[2026-06-22T23:31:08.910] [DEBUG] debug-file - watch worker: worker id should be larger than 0. Nothing will be sent to any worker thread.
[2026-06-22T23:31:08.910] [DEBUG] debug-file - watch worker: worker id should be larger than 0. Nothing will be sent to any worker thread.
[2026-06-22T23:31:08.916] [DEBUG] debug-file - worker[22] exits with exit code 1.
[2026-06-28T23:07:18.425] [DEBUG] debug-file - env: nodejsVersion=v18.20.1
[2026-06-28T23:07:18.823] [DEBUG] debug-file - Hvigor init with startParameters:{
  hvigorfileTypeCheck: false,
  parallelExecution: true,
  incrementalExecution: true,
  printStackTrace: false,
  daemon: false,
  analyze: 0,
  logLevel: Level { level: 20000, levelStr: 'INFO', colour: 'green' },
  optimizationStrategy: 'memory',
  hotCompile: undefined,
  hotReloadBuild: undefined,
  customizedParam: undefined
}
[2026-06-28T23:07:20.576] [DEBUG] debug-file - hvigorfile, require result:  { default: { system: [Function: appTasks], plugins: [] } }
[2026-06-28T23:07:20.578] [DEBUG] debug-file - Starting plugin build process
[2026-06-28T23:07:20.727] [DEBUG] debug-file - App plugin register hook start...
[2026-06-28T23:07:20.728] [DEBUG] debug-file - Start initialize project's product build option map with build mode debug.
[2026-06-28T23:07:20.733] [DEBUG] debug-file - Obtain build option for product 'default'in this build.
[2026-06-28T23:07:20.742] [DEBUG] debug-file - Start recording SDK configuration permission data.
[2026-06-28T23:07:20.775] [DEBUG] debug-file - Project task initialization takes 5 ms 
[2026-06-28T23:07:20.782] [DEBUG] debug-file - failed to load cangjie to dynamically generate schemas: Error: Cannot find module '@ohos/cangjie-build-support/index'
Require stack:
- E:\DevEco Studio\tools\hvigor\hvigor-ohos-plugin\src\plugin\hooks\cangjie-register.js
- E:\DevEco Studio\tools\hvigor\hvigor-ohos-plugin\src\plugin\strategy\stage-init-strategy.js
- E:\DevEco Studio\tools\hvigor\hvigor-ohos-plugin\src\plugin\builder\abstract-plugin-builder.js
- E:\DevEco Studio\tools\hvigor\hvigor-ohos-plugin\src\plugin\builder\app-plugin-builder.js
- E:\DevEco Studio\tools\hvigor\hvigor-ohos-plugin\src\plugin\factory\plugin-factory.js
- E:\DevEco Studio\tools\hvigor\hvigor-ohos-plugin\index.js
- C:\Users\Solitary\Desktop\2\2\hvigorfile.ts
- E:\DevEco Studio\tools\hvigor\hvigor\src\base\internal\lifecycle\configuration.js
- E:\DevEco Studio\tools\hvigor\hvigor\src\base\boot\index.js
- E:\DevEco Studio\tools\hvigor\hvigor\src\cli\main\cli.js
- E:\DevEco Studio\tools\hvigor\hvigor\bin\hvigor.js
[2026-06-28T23:07:18.426] [DEBUG] debug-file - env: hvigor-config.json5 content = {
  modelVersion: '6.0.0',
  dependencies: {},
  execution: {},
  logging: {},
  debugging: {},
  nodeOptions: {}
}
[2026-06-28T23:07:20.798] [DEBUG] debug-file - Start initialize module-target build option map, moduleName=entry, buildMode=release
[2026-06-28T23:07:20.817] [DEBUG] debug-file - Start to initialize dependency information.
[2026-06-28T23:07:20.809] [DEBUG] debug-file - project has submodules:entry
[2026-06-28T23:07:20.810] [DEBUG] debug-file - start to load updatedOhPackageInfo to the disk
[2026-06-28T23:07:18.825] [DEBUG] debug-file - Cache service initialization finished in 3 ms 
[2026-06-28T23:07:20.859] [DEBUG] debug-file - Create  resident worker with id: 0.
[2026-06-28T23:07:20.577] [DEBUG] debug-file - hvigorfile, binding system plugins [Function: appTasks]
[2026-06-28T23:07:20.578] [DEBUG] debug-file - App plugin prepare start...
[2026-06-28T23:07:20.727] [DEBUG] debug-file - App plugin register hook end...
[2026-06-28T23:07:20.728] [DEBUG] debug-file - Picking option from product 'default' with build mode 'debug'.
[2026-06-28T23:07:20.735] [DEBUG] debug-file - No signingConfig found, initRemoteHspCache failed.
[2026-06-28T23:07:20.768] [DEBUG] debug-file - Sdk init in 33 ms 
[2026-06-28T23:07:20.775] [DEBUG] debug-file - hvigorfile, begin to bind custom plugins...
[2026-06-28T23:07:18.427] [DEBUG] debug-file - env: daemon=false
[2026-06-28T23:07:20.798] [DEBUG] debug-file - Target 'default' config initialized
[2026-06-28T23:07:20.819] [DEBUG] debug-file - Module entry Collected Dependency: 
[2026-06-28T23:07:20.812] [DEBUG] debug-file - load to the disk finished
[2026-06-28T23:07:18.827] [DEBUG] debug-file - hvigorfile, resolving C:\Users\Solitary\Desktop\2\2\hvigorfile.ts
[2026-06-28T23:07:20.861] [DEBUG] debug-file - Create  resident worker with id: 1.
[2026-06-28T23:07:20.578] [DEBUG] debug-file - App plugin prepare end...
[2026-06-28T23:07:20.727] [DEBUG] debug-file - Plugin build process completed
[2026-06-28T23:07:20.729] [DEBUG] debug-file - Product 'default' build option initialized
[2026-06-28T23:07:20.737] [DEBUG] debug-file - Local scan or download HarmonyOS sdk components toolchains,ets,js,native,previewer
[2026-06-28T23:07:20.775] [DEBUG] debug-file - hvigorfile, no custom plugins were found in C:\Users\Solitary\Desktop\2\2\hvigorfile.ts
[2026-06-28T23:07:18.427] [DEBUG] debug-file - no-daemon, use the parent process.execArgv --max-old-space-size=8192,--max-semi-space-size=16,--expose-gc
[2026-06-28T23:07:20.800] [DEBUG] debug-file - Module 'entry' target 'default' build option initialized
[2026-06-28T23:07:20.819] [DEBUG] debug-file - Module entry's total dependency: 0
[2026-06-28T23:07:20.863] [DEBUG] debug-file - Current worker pool is stopped or closed.
[2026-06-28T23:07:20.813] [DEBUG] debug-file - Start to initialize dependency information.
[2026-06-28T23:07:20.578] [DEBUG] debug-file - App plugin creating...
[2026-06-28T23:07:20.729] [DEBUG] debug-file - End initialize project's product build option map with build mode 'debug'.
[2026-06-28T23:07:20.739] [DEBUG] debug-file - Local scan or download hmscore sdk components toolchains,ets,native
[2026-06-28T23:07:20.775] [DEBUG] debug-file - hvigorfile, resolve finished C:\Users\Solitary\Desktop\2\2\hvigorfile.ts
[2026-06-28T23:07:20.800] [DEBUG] debug-file - End initialize module-target build option map, moduleName=entry
[2026-06-28T23:07:20.815] [DEBUG] debug-file - Module 2 Collected Dependency: 
[2026-06-28T23:07:20.823] [DEBUG] debug-file - Configuration phase cost:1 s 998 ms 
[2026-06-28T23:07:20.863] [DEBUG] debug-file - Clear worker 0.
[2026-06-28T23:07:20.775] [DEBUG] debug-file - hvigorfile, resolving C:\Users\Solitary\Desktop\2\2\entry\hvigorfile.ts
[2026-06-28T23:07:20.800] [DEBUG] debug-file - Start initialize module-target build option map, moduleName=entry, buildMode=debug
[2026-06-28T23:07:20.815] [DEBUG] debug-file - Module 2's total dependency: 0
[2026-06-28T23:07:20.825] [DEBUG] debug-file - Configuration task cost before running: 2 s 9 ms 
[2026-06-28T23:07:20.863] [DEBUG] debug-file - Worker 0 has been cleared.
[2026-06-28T23:07:20.780] [DEBUG] debug-file - hvigorfile, require result:  { default: { system: [Function: hapTasks], plugins: [] } }
[2026-06-28T23:07:20.800] [DEBUG] debug-file - Target 'default' config initialized
[2026-06-28T23:07:20.825] [DEBUG] debug-file - Executing task :entry:init
[2026-06-28T23:07:20.863] [DEBUG] debug-file - Current idle worker size: 1.
[2026-06-28T23:07:20.780] [DEBUG] debug-file - hvigorfile, binding system plugins [Function: hapTasks]
[2026-06-28T23:07:20.801] [DEBUG] debug-file - Module 'entry' target 'default' build option initialized
[2026-06-28T23:07:20.826] [DEBUG] debug-file - entry : init cost memory 0.0141448974609375
[2026-06-28T23:07:20.863] [DEBUG] debug-file - Current busy worker size: 0.
[2026-06-28T23:07:20.780] [DEBUG] debug-file - Starting plugin build process
[2026-06-28T23:07:20.801] [DEBUG] debug-file - End initialize module-target build option map, moduleName=entry
[2026-06-28T23:07:20.826] [DEBUG] debug-file - runTaskFromQueue task cost before running: 2 s 9 ms 
[2026-06-28T23:07:20.863] [DEBUG] debug-file - Clear worker 1.
[2026-06-28T23:07:20.780] [DEBUG] debug-file - Hap plugin creating...
[2026-06-28T23:07:20.801] [DEBUG] debug-file - Start initialize module-target build option map, moduleName=entry, buildMode=debug
[2026-06-28T23:07:20.827] [INFO] debug-file - Finished :entry:init... after 1 ms 
[2026-06-28T23:07:20.863] [DEBUG] debug-file - Worker 1 has been cleared.
[2026-06-28T23:07:20.801] [DEBUG] debug-file - Target 'default' config initialized
[2026-06-28T23:07:20.827] [DEBUG] debug-file - Executing task ::init
[2026-06-28T23:07:20.863] [DEBUG] debug-file - Current idle worker size: 0.
[2026-06-28T23:07:20.801] [DEBUG] debug-file - Module 'entry' target 'default' build option initialized
[2026-06-28T23:07:20.827] [DEBUG] debug-file - 2 : init cost memory 0.0117950439453125
[2026-06-28T23:07:20.863] [DEBUG] debug-file - Current busy worker size: 0.
[2026-06-28T23:07:20.801] [DEBUG] debug-file - End initialize module-target build option map, moduleName=entry
[2026-06-28T23:07:20.827] [DEBUG] debug-file - runTaskFromQueue task cost before running: 2 s 11 ms 
[2026-06-28T23:07:20.864] [DEBUG] debug-file - hvigor build process will be closed.
[2026-06-28T23:07:20.802] [DEBUG] debug-file - Obtain build option for module 'entry' target 'default'in this build.
[2026-06-28T23:07:20.827] [INFO] debug-file - Finished ::init... after 1 ms 
[2026-06-28T23:07:20.869] [DEBUG] debug-file - worker[0] exits with exit code 0.
[2026-06-28T23:07:20.807] [DEBUG] debug-file - Module entry task initialization takes 5 ms 
[2026-06-28T23:07:20.845] [DEBUG] debug-file - Obtain build option for module 'entry' target 'default'in this build.
[2026-06-28T23:07:20.869] [DEBUG] debug-file - worker[1] exits with exit code 0.
[2026-06-28T23:07:20.807] [DEBUG] debug-file - Hap plugin register hook start...
[2026-06-28T23:07:20.857] [DEBUG] debug-file - Since there is no instance or instance is terminated, create a new worker pool.
[2026-06-28T23:07:20.870] [DEBUG] debug-file - Current worker pool is terminated.
[2026-06-28T23:07:20.807] [DEBUG] debug-file - Hap plugin register hook end...
[2026-06-28T23:07:20.857] [DEBUG] debug-file - Worker pool is initialized with config:  {
  minPoolNum: 2,
  maxPoolNum: undefined,
  maxCoreSize: undefined,
  cacheCapacity: undefined,
  cacheTtl: undefined
}
[2026-06-28T23:07:20.807] [DEBUG] debug-file - Plugin build process completed
[2026-06-28T23:07:20.807] [DEBUG] debug-file - hvigorfile, begin to bind custom plugins...
[2026-06-28T23:07:20.807] [DEBUG] debug-file - hvigorfile, no custom plugins were found in C:\Users\Solitary\Desktop\2\2\entry\hvigorfile.ts
[2026-06-28T23:07:20.807] [DEBUG] debug-file - hvigorfile, resolve finished C:\Users\Solitary\Desktop\2\2\entry\hvigorfile.ts
[2026-06-28T23:07:26.554] [DEBUG] debug-file - env: nodejsVersion=v18.20.1
[2026-06-28T23:07:26.632] [DEBUG] debug-file - env: daemon=true
[2026-06-28T23:07:26.555] [DEBUG] debug-file - env: hvigor-config.json5 content = {
  modelVersion: '6.0.0',
  dependencies: {},
  execution: {},
  logging: {},
  debugging: {},
  nodeOptions: {}
}
[2026-06-28T23:07:27.554] [DEBUG] debug-file - hvigor java daemon: Starting java daemon. jvmXmxValue=512m, jarPath=E:\DevEco Studio\tools\hvigor\hvigor\lib\hvigor-java-daemon.jar
[2026-06-28T23:07:27.555] [DEBUG] debug-file - hvigor java daemon: Read cache file, 
    port=45050, pid=1444, sessionId exists=true
[2026-06-28T23:07:27.573] [DEBUG] debug-file - hvigor java daemon: tryConnect failed, Error: connect ECONNREFUSED 127.0.0.1:45050, will start new daemon
[2026-06-28T23:07:27.580] [DEBUG] debug-file - java daemon started at port 45050 pid 36124
[2026-06-28T23:07:27.607] [DEBUG] debug-file - session manager: set active socket. socketId=YWr9_X6c8ZHf1NHlAAAB
[2026-06-28T23:07:28.484] [DEBUG] debug-file - watch worker: worker id should be larger than 0. Nothing will be sent to any worker thread.
[2026-06-28T23:07:28.488] [DEBUG] debug-file - Since there is no instance or instance is terminated, create a new worker pool.
[2026-06-28T23:07:28.488] [DEBUG] debug-file - Worker pool is initialized with config:  {
  minPoolNum: 2,
  maxPoolNum: undefined,
  maxCoreSize: undefined,
  cacheCapacity: undefined,
  cacheTtl: undefined
}
[2026-06-28T23:07:28.489] [DEBUG] debug-file - Create  resident worker with id: 0.
[2026-06-28T23:07:28.491] [DEBUG] debug-file - Create  resident worker with id: 1.
[2026-06-28T23:07:28.493] [DEBUG] debug-file - Workers' log level updated to INFO
[2026-06-28T23:07:28.500] [DEBUG] debug-file - Hvigor init with startParameters:{
  hvigorfileTypeCheck: false,
  parallelExecution: true,
  incrementalExecution: true,
  printStackTrace: false,
  daemon: true,
  analyze: 0,
  logLevel: Level { level: 20000, levelStr: 'INFO', colour: 'green' },
  optimizationStrategy: 'memory',
  hotCompile: undefined,
  hotReloadBuild: undefined,
  customizedParam: undefined
}
[2026-06-28T23:07:28.504] [DEBUG] debug-file - Cache service initialization finished in 4 ms 
[2026-06-28T23:07:28.506] [DEBUG] debug-file - hvigorfile, resolving C:\Users\Solitary\Desktop\2\2\hvigorfile.ts
[2026-06-28T23:07:30.116] [DEBUG] debug-file - hvigorfile, require result:  { default: { plugins: [] } }
[2026-06-28T23:07:30.116] [DEBUG] debug-file - hvigorfile, binding system plugins null
[2026-06-28T23:07:30.116] [DEBUG] debug-file - Starting plugin build process
[2026-06-28T23:07:30.116] [DEBUG] debug-file - App plugin prepare start...
[2026-06-28T23:07:30.116] [DEBUG] debug-file - App plugin prepare end...
[2026-06-28T23:07:30.116] [DEBUG] debug-file - App plugin creating...
[2026-06-28T23:07:30.260] [DEBUG] debug-file - App plugin register hook start...
[2026-06-28T23:07:30.260] [DEBUG] debug-file - App plugin register hook end...
[2026-06-28T23:07:30.260] [DEBUG] debug-file - Plugin build process completed
[2026-06-28T23:07:30.261] [DEBUG] debug-file - Start initialize project's product build option map with build mode debug.
[2026-06-28T23:07:30.261] [DEBUG] debug-file - Picking option from product 'default' with build mode 'debug'.
[2026-06-28T23:07:30.262] [DEBUG] debug-file - Product 'default' build option initialized
[2026-06-28T23:07:30.262] [DEBUG] debug-file - End initialize project's product build option map with build mode 'debug'.
[2026-06-28T23:07:30.263] [DEBUG] debug-file - Obtain build option for product 'default'in this build.
[2026-06-28T23:07:30.264] [DEBUG] debug-file - No signingConfig found, initRemoteHspCache failed.
[2026-06-28T23:07:30.265] [DEBUG] debug-file - Local scan or download HarmonyOS sdk components toolchains,ets,js,native,previewer
[2026-06-28T23:07:30.267] [DEBUG] debug-file - Local scan or download hmscore sdk components toolchains,ets,native
[2026-06-28T23:07:30.268] [DEBUG] debug-file - Start recording SDK configuration permission data.
[2026-06-28T23:07:30.297] [DEBUG] debug-file - Sdk init in 33 ms 
[2026-06-28T23:07:30.302] [DEBUG] debug-file - Project task initialization takes 4 ms 
[2026-06-28T23:07:30.302] [DEBUG] debug-file - hvigorfile, begin to bind custom plugins...
[2026-06-28T23:07:30.302] [DEBUG] debug-file - hvigorfile, no custom plugins were found in C:\Users\Solitary\Desktop\2\2\hvigorfile.ts
[2026-06-28T23:07:30.302] [DEBUG] debug-file - hvigorfile, resolve finished C:\Users\Solitary\Desktop\2\2\hvigorfile.ts
[2026-06-28T23:07:30.302] [DEBUG] debug-file - hvigorfile, resolving C:\Users\Solitary\Desktop\2\2\entry\hvigorfile.ts
[2026-06-28T23:07:30.307] [DEBUG] debug-file - hvigorfile, require result:  { default: { plugins: [] } }
[2026-06-28T23:07:30.307] [DEBUG] debug-file - hvigorfile, binding system plugins null
[2026-06-28T23:07:30.307] [DEBUG] debug-file - Starting plugin build process
[2026-06-28T23:07:30.307] [DEBUG] debug-file - Hap plugin creating...
[2026-06-28T23:07:30.309] [DEBUG] debug-file - failed to load cangjie to dynamically generate schemas: Error: Cannot find module '@ohos/cangjie-build-support/index'
Require stack:
- E:\DevEco Studio\tools\hvigor\hvigor-ohos-plugin\src\plugin\hooks\cangjie-register.js
- E:\DevEco Studio\tools\hvigor\hvigor-ohos-plugin\src\plugin\strategy\stage-init-strategy.js
- E:\DevEco Studio\tools\hvigor\hvigor-ohos-plugin\src\plugin\builder\abstract-plugin-builder.js
- E:\DevEco Studio\tools\hvigor\hvigor-ohos-plugin\src\plugin\builder\app-plugin-builder.js
- E:\DevEco Studio\tools\hvigor\hvigor-ohos-plugin\src\plugin\factory\plugin-factory.js
- E:\DevEco Studio\tools\hvigor\hvigor-ohos-plugin\index.js
- C:\Users\Solitary\Desktop\2\2\hvigorfile.ts
- E:\DevEco Studio\tools\hvigor\hvigor\src\base\internal\lifecycle\configuration.js
- E:\DevEco Studio\tools\hvigor\hvigor\src\base\boot\index.js
- E:\DevEco Studio\tools\hvigor\hvigor\src\base\daemon\cluster\worker-process-lifecycle.js
- E:\DevEco Studio\tools\hvigor\hvigor\src\base\daemon\process\daemon-process-boot-script.js
[2026-06-28T23:07:30.321] [DEBUG] debug-file - Start initialize module-target build option map, moduleName=entry, buildMode=release
[2026-06-28T23:07:30.321] [DEBUG] debug-file - Target 'default' config initialized
[2026-06-28T23:07:30.322] [DEBUG] debug-file - Module 'entry' target 'default' build option initialized
[2026-06-28T23:07:30.322] [DEBUG] debug-file - End initialize module-target build option map, moduleName=entry
[2026-06-28T23:07:30.322] [DEBUG] debug-file - Start initialize module-target build option map, moduleName=entry, buildMode=debug
[2026-06-28T23:07:30.322] [DEBUG] debug-file - Target 'default' config initialized
[2026-06-28T23:07:30.323] [DEBUG] debug-file - Module 'entry' target 'default' build option initialized
[2026-06-28T23:07:30.323] [DEBUG] debug-file - End initialize module-target build option map, moduleName=entry
[2026-06-28T23:07:30.323] [DEBUG] debug-file - Start initialize module-target build option map, moduleName=entry, buildMode=debug
[2026-06-28T23:07:30.323] [DEBUG] debug-file - Target 'default' config initialized
[2026-06-28T23:07:30.323] [DEBUG] debug-file - Module 'entry' target 'default' build option initialized
[2026-06-28T23:07:30.323] [DEBUG] debug-file - End initialize module-target build option map, moduleName=entry
[2026-06-28T23:07:30.323] [DEBUG] debug-file - Obtain build option for module 'entry' target 'default'in this build.
[2026-06-28T23:07:30.327] [DEBUG] debug-file - Module entry task initialization takes 4 ms 
[2026-06-28T23:07:30.327] [DEBUG] debug-file - Hap plugin register hook start...
[2026-06-28T23:07:30.327] [DEBUG] debug-file - Hap plugin register hook end...
[2026-06-28T23:07:30.327] [DEBUG] debug-file - Plugin build process completed
[2026-06-28T23:07:30.328] [DEBUG] debug-file - hvigorfile, begin to bind custom plugins...
[2026-06-28T23:07:30.328] [DEBUG] debug-file - hvigorfile, no custom plugins were found in C:\Users\Solitary\Desktop\2\2\entry\hvigorfile.ts
[2026-06-28T23:07:30.328] [DEBUG] debug-file - hvigorfile, resolve finished C:\Users\Solitary\Desktop\2\2\entry\hvigorfile.ts
[2026-06-28T23:07:30.341] [DEBUG] debug-file - hvigorfile, resolve hvigorfile dependencies in 14 ms 
[2026-06-28T23:07:30.342] [DEBUG] debug-file - project has submodules:entry
[2026-06-28T23:07:30.343] [DEBUG] debug-file - start to load updatedOhPackageInfo to the disk
[2026-06-28T23:07:30.345] [DEBUG] debug-file - load to the disk finished
[2026-06-28T23:07:30.345] [DEBUG] debug-file - Start to initialize dependency information.
[2026-06-28T23:07:30.347] [DEBUG] debug-file - Module 2 Collected Dependency: 
[2026-06-28T23:07:30.349] [DEBUG] debug-file - Module 2's total dependency: 0
[2026-06-28T23:07:30.350] [DEBUG] debug-file - Start to initialize dependency information.
[2026-06-28T23:07:30.352] [DEBUG] debug-file - Module entry Collected Dependency: 
[2026-06-28T23:07:30.352] [DEBUG] debug-file - Module entry's total dependency: 0
[2026-06-28T23:07:30.354] [DEBUG] debug-file - Configuration phase cost:1 s 850 ms 
[2026-06-28T23:07:30.355] [DEBUG] debug-file - Configuration task cost before running: 1 s 862 ms 
[2026-06-28T23:07:30.359] [DEBUG] debug-file - Executing task :entry:default@PreBuild
[2026-06-28T23:07:30.360] [DEBUG] debug-file - Task 'entry:default@PreBuild' cost while wrapping incremental declarations: 1 ms 
[2026-06-28T23:07:30.459] [DEBUG] debug-file - current product is not Atomic service.
[2026-06-28T23:07:30.460] [DEBUG] debug-file - Use tool [win32: JAVA_HOME, CLASSPATH]
 [ { JAVA_HOME: 'E:\\DevEco Studio\\jbr' }, { CLASSPATH: undefined } ]
[2026-06-28T23:07:30.460] [DEBUG] debug-file - Use tool [win32: NODE_HOME]
 [ { NODE_HOME: 'E:\\DevEco Studio\\tools\\node' } ]
[2026-06-28T23:07:30.461] [DEBUG] debug-file - entry : default@PreBuild cost memory 9.325386047363281
[2026-06-28T23:07:30.461] [DEBUG] debug-file - runTaskFromQueue task cost before running: 1 s 968 ms 
[2026-06-28T23:07:30.462] [INFO] debug-file - Finished :entry:default@PreBuild... after 102 ms 
[2026-06-28T23:07:30.463] [DEBUG] debug-file - Executing task :entry:default@CreateModuleInfo
[2026-06-28T23:07:30.463] [DEBUG] debug-file - Task 'entry:default@CreateModuleInfo' cost while wrapping incremental declarations: 1 ms 
[2026-06-28T23:07:30.463] [DEBUG] debug-file - entry : default@CreateModuleInfo cost memory 0.0426788330078125
[2026-06-28T23:07:30.464] [DEBUG] debug-file - runTaskFromQueue task cost before running: 1 s 970 ms 
[2026-06-28T23:07:30.464] [INFO] debug-file - Finished :entry:default@CreateModuleInfo... after 1 ms 
[2026-06-28T23:07:30.464] [DEBUG] debug-file - Executing task :entry:default@GenerateMetadata
[2026-06-28T23:07:30.465] [DEBUG] debug-file - Task 'entry:default@GenerateMetadata' cost while wrapping incremental declarations: 1 ms 
[2026-06-28T23:07:30.466] [DEBUG] debug-file - entry : default@GenerateMetadata cost memory 0.0616607666015625
[2026-06-28T23:07:30.466] [DEBUG] debug-file - runTaskFromQueue task cost before running: 1 s 973 ms 
[2026-06-28T23:07:30.466] [INFO] debug-file - Finished :entry:default@GenerateMetadata... after 2 ms 
[2026-06-28T23:07:30.467] [DEBUG] debug-file - Executing task :entry:default@ConfigureCmake
[2026-06-28T23:07:30.467] [DEBUG] debug-file - entry : default@ConfigureCmake cost memory 0.0144805908203125
[2026-06-28T23:07:30.467] [DEBUG] debug-file - runTaskFromQueue task cost before running: 1 s 974 ms 
[2026-06-28T23:07:30.467] [INFO] debug-file - Finished :entry:default@ConfigureCmake... after 1 ms 
[2026-06-28T23:07:30.468] [DEBUG] debug-file - Executing task :entry:default@MergeProfile
[2026-06-28T23:07:30.468] [DEBUG] debug-file - Task 'entry:default@MergeProfile' cost while wrapping incremental declarations: 1 ms 
[2026-06-28T23:07:30.468] [DEBUG] debug-file - Change app api release type with 'Release'
[2026-06-28T23:07:30.469] [DEBUG] debug-file - Change app compile API version with '6.1.0.105'
[2026-06-28T23:07:30.469] [DEBUG] debug-file - Change app target API version with '60000020'
[2026-06-28T23:07:30.469] [DEBUG] debug-file - Change app minimum API version with '60000020'
[2026-06-28T23:07:30.469] [DEBUG] debug-file - Use cli appEnvironment
[2026-06-28T23:07:30.471] [DEBUG] debug-file - entry : default@MergeProfile cost memory 0.3291473388671875
[2026-06-28T23:07:30.471] [DEBUG] debug-file - runTaskFromQueue task cost before running: 1 s 978 ms 
[2026-06-28T23:07:30.472] [INFO] debug-file - Finished :entry:default@MergeProfile... after 4 ms 
[2026-06-28T23:07:30.472] [DEBUG] debug-file - Executing task :entry:default@CreateBuildProfile
[2026-06-28T23:07:30.473] [DEBUG] debug-file - Task 'entry:default@CreateBuildProfile' cost while wrapping incremental declarations: 1 ms 
[2026-06-28T23:07:30.474] [DEBUG] debug-file - entry : default@CreateBuildProfile cost memory 0.30541229248046875
[2026-06-28T23:07:30.474] [DEBUG] debug-file - runTaskFromQueue task cost before running: 1 s 981 ms 
[2026-06-28T23:07:30.474] [INFO] debug-file - Finished :entry:default@CreateBuildProfile... after 2 ms 
[2026-06-28T23:07:30.474] [DEBUG] debug-file - Executing task :entry:default@PreCheckSyscap
[2026-06-28T23:07:30.475] [DEBUG] debug-file - entry : default@PreCheckSyscap cost memory 0.01471710205078125
[2026-06-28T23:07:30.475] [DEBUG] debug-file - runTaskFromQueue task cost before running: 1 s 982 ms 
[2026-06-28T23:07:30.475] [INFO] debug-file - Finished :entry:default@PreCheckSyscap... after 1 ms 
[2026-06-28T23:07:30.476] [DEBUG] debug-file - Executing task :entry:default@GeneratePkgContextInfo
[2026-06-28T23:07:30.480] [DEBUG] debug-file - Task 'entry:default@GeneratePkgContextInfo' cost while wrapping incremental declarations: 1 ms 
[2026-06-28T23:07:30.481] [DEBUG] debug-file - entry : default@GeneratePkgContextInfo cost memory 0.34815216064453125
[2026-06-28T23:07:30.482] [DEBUG] debug-file - runTaskFromQueue task cost before running: 1 s 989 ms 
[2026-06-28T23:07:30.482] [INFO] debug-file - Finished :entry:default@GeneratePkgContextInfo... after 7 ms 
[2026-06-28T23:07:30.482] [DEBUG] debug-file - Executing task :entry:default@GeneratePkgSdkInfo
[2026-06-28T23:07:30.483] [DEBUG] debug-file - Task 'entry:default@GeneratePkgSdkInfo' cost while wrapping incremental declarations: 1 ms 
[2026-06-28T23:07:30.484] [DEBUG] debug-file - entry : default@GeneratePkgSdkInfo cost memory 0.1168975830078125
[2026-06-28T23:07:30.484] [DEBUG] debug-file - runTaskFromQueue task cost before running: 1 s 991 ms 
[2026-06-28T23:07:30.484] [INFO] debug-file - Finished :entry:default@GeneratePkgSdkInfo... after 2 ms 
[2026-06-28T23:07:30.487] [DEBUG] debug-file - Executing task :entry:default@ProcessIntegratedHsp
[2026-06-28T23:07:30.487] [DEBUG] debug-file - entry : default@ProcessIntegratedHsp cost memory 0.030364990234375
[2026-06-28T23:07:30.487] [DEBUG] debug-file - runTaskFromQueue task cost before running: 1 s 994 ms 
[2026-06-28T23:07:30.487] [INFO] debug-file - Finished :entry:default@ProcessIntegratedHsp... after 1 ms 
[2026-06-28T23:07:30.488] [DEBUG] debug-file - Executing task :entry:default@BuildNativeWithCmake
[2026-06-28T23:07:30.488] [DEBUG] debug-file - entry : default@BuildNativeWithCmake cost memory 0.0151214599609375
[2026-06-28T23:07:30.488] [DEBUG] debug-file - runTaskFromQueue task cost before running: 1 s 995 ms 
[2026-06-28T23:07:30.488] [INFO] debug-file - Finished :entry:default@BuildNativeWithCmake... after 1 ms 
[2026-06-28T23:07:30.489] [DEBUG] debug-file - Executing task :entry:default@MakePackInfo
[2026-06-28T23:07:30.493] [DEBUG] debug-file - Module Pack Info:  {
  summary: {
    app: { bundleName: 'c***h', bundleType: 'app', version: [Object] },
    modules: [ [Object] ]
  },
  packages: [
    {
      deviceType: [Array],
      moduleType: 'entry',
      deliveryWithInstall: true,
      name: 'entry-default'
    }
  ]
}
[2026-06-28T23:07:30.495] [DEBUG] debug-file - entry : default@MakePackInfo cost memory 0.11602783203125
[2026-06-28T23:07:30.495] [DEBUG] debug-file - runTaskFromQueue task cost before running: 2 s 2 ms 
[2026-06-28T23:07:30.496] [INFO] debug-file - Finished :entry:default@MakePackInfo... after 6 ms 
[2026-06-28T23:07:30.497] [DEBUG] debug-file - Executing task :entry:default@SyscapTransform
[2026-06-28T23:07:30.497] [DEBUG] debug-file - File: 'C:\Users\Solitary\Desktop\2\2\entry\src\main\syscap.json' from 'sysCapJsonPath' is not exists, just ignore.
[2026-06-28T23:07:30.498] [DEBUG] debug-file - Task 'entry:default@SyscapTransform' cost while wrapping incremental declarations: 1 ms 
[2026-06-28T23:07:30.499] [DEBUG] debug-file - entry : default@SyscapTransform cost memory 0.0548248291015625
[2026-06-28T23:07:30.499] [DEBUG] debug-file - runTaskFromQueue task cost before running: 2 s 6 ms 
[2026-06-28T23:07:30.499] [INFO] debug-file - Finished :entry:default@SyscapTransform... after 2 ms 
[2026-06-28T23:07:30.500] [DEBUG] debug-file - Executing task :entry:default@ProcessProfile
[2026-06-28T23:07:30.501] [DEBUG] debug-file - Task 'entry:default@ProcessProfile' cost while wrapping incremental declarations: 1 ms 
[2026-06-28T23:07:30.502] [DEBUG] debug-file - [
  'E:\\DevEco Studio\\tools\\node\\node.exe',
  'E:\\DevEco Studio\\sdk\\default\\openharmony\\ets\\build-tools\\ets-loader\\bin\\ark\\ts2abc.js',
  '--target-api-version',
  '20'
]
[2026-06-28T23:07:30.579] [DEBUG] debug-file - 13.0.1.0
[2026-06-28T23:07:30.580] [DEBUG] debug-file - No need to add fake ui ability because of not in preview process.
[2026-06-28T23:07:30.580] [DEBUG] debug-file - entry : default@ProcessProfile cost memory 2.0156173706054688
[2026-06-28T23:07:30.580] [DEBUG] debug-file - runTaskFromQueue task cost before running: 2 s 87 ms 
[2026-06-28T23:07:30.581] [INFO] debug-file - Finished :entry:default@ProcessProfile... after 81 ms 
[2026-06-28T23:07:30.582] [DEBUG] debug-file - Executing task :entry:default@ProcessRouterMap
[2026-06-28T23:07:30.584] [DEBUG] debug-file - entry : default@ProcessRouterMap cost memory 0.085174560546875
[2026-06-28T23:07:30.584] [DEBUG] debug-file - runTaskFromQueue task cost before running: 2 s 91 ms 
[2026-06-28T23:07:30.584] [INFO] debug-file - Finished :entry:default@ProcessRouterMap... after 3 ms 
[2026-06-28T23:07:30.585] [DEBUG] debug-file - Executing task :entry:default@ProcessShareConfig
[2026-06-28T23:07:30.586] [DEBUG] debug-file - entry : default@ProcessShareConfig cost memory 0.07271575927734375
[2026-06-28T23:07:30.586] [DEBUG] debug-file - runTaskFromQueue task cost before running: 2 s 93 ms 
[2026-06-28T23:07:30.586] [INFO] debug-file - Finished :entry:default@ProcessShareConfig... after 2 ms 
[2026-06-28T23:07:30.587] [DEBUG] debug-file - Executing task :entry:default@ProcessStartupConfig
[2026-06-28T23:07:30.587] [DEBUG] debug-file - Task 'entry:default@ProcessStartupConfig' cost while wrapping incremental declarations: 1 ms 
[2026-06-28T23:07:30.588] [DEBUG] debug-file - entry : default@ProcessStartupConfig cost memory 0.088958740234375
[2026-06-28T23:07:30.588] [DEBUG] debug-file - runTaskFromQueue task cost before running: 2 s 95 ms 
[2026-06-28T23:07:30.589] [INFO] debug-file - Finished :entry:default@ProcessStartupConfig... after 2 ms 
[2026-06-28T23:07:30.589] [DEBUG] debug-file - Executing task :entry:default@BuildNativeWithNinja
[2026-06-28T23:07:30.590] [DEBUG] debug-file - entry : default@BuildNativeWithNinja cost memory 0.0220184326171875
[2026-06-28T23:07:30.590] [DEBUG] debug-file - runTaskFromQueue task cost before running: 2 s 97 ms 
[2026-06-28T23:07:30.590] [INFO] debug-file - Finished :entry:default@BuildNativeWithNinja... after 1 ms 
[2026-06-28T23:07:30.591] [DEBUG] debug-file - restool module names: entry; moduleName=entry, taskName=default@ProcessResource
[2026-06-28T23:07:30.592] [DEBUG] debug-file - Executing task :entry:default@ProcessResource
[2026-06-28T23:07:30.592] [DEBUG] debug-file - Task 'entry:default@ProcessResource' cost while wrapping incremental declarations: 1 ms 
[2026-06-28T23:07:30.595] [DEBUG] debug-file - entry : default@ProcessResource cost memory 0.13970184326171875
[2026-06-28T23:07:30.595] [DEBUG] debug-file - runTaskFromQueue task cost before running: 2 s 102 ms 
[2026-06-28T23:07:30.596] [INFO] debug-file - Finished :entry:default@ProcessResource... after 4 ms 
[2026-06-28T23:07:30.598] [DEBUG] debug-file - Executing task :entry:default@GenerateLoaderJson
[2026-06-28T23:07:30.599] [DEBUG] debug-file - Task 'entry:default@GenerateLoaderJson' cost while wrapping incremental declarations: 1 ms 
[2026-06-28T23:07:30.605] [DEBUG] debug-file - entry : default@GenerateLoaderJson cost memory 0.5537490844726562
[2026-06-28T23:07:30.605] [DEBUG] debug-file - runTaskFromQueue task cost before running: 2 s 112 ms 
[2026-06-28T23:07:30.607] [INFO] debug-file - Finished :entry:default@GenerateLoaderJson... after 8 ms 
[2026-06-28T23:07:30.608] [DEBUG] debug-file - Executing task :entry:default@ProcessLibs
[2026-06-28T23:07:30.611] [DEBUG] debug-file - Worker dispatch failed, running processLibs on main thread.
[2026-06-28T23:07:30.613] [DEBUG] debug-file - entry : default@ProcessLibs cost memory 0.525726318359375
[2026-06-28T23:07:30.613] [DEBUG] debug-file - runTaskFromQueue task cost before running: 2 s 120 ms 
[2026-06-28T23:07:30.613] [INFO] debug-file - Finished :entry:default@ProcessLibs... after 5 ms 
[2026-06-28T23:07:30.614] [DEBUG] debug-file - restool module names: entry; moduleName=entry, taskName=default@CompileResource
[2026-06-28T23:07:30.614] [DEBUG] debug-file - Executing task :entry:default@CompileResource
[2026-06-28T23:07:30.619] [DEBUG] debug-file - Use tool [E:\DevEco Studio\sdk\default\openharmony\toolchains\restool.exe]
 [
  'E:\\DevEco Studio\\sdk\\default\\openharmony\\toolchains\\restool.exe',
  '-l',
  'C:\\Users\\Solitary\\Desktop\\2\\2\\entry\\build\\default\\intermediates\\res\\default\\resConfig.json'
]
[2026-06-28T23:07:30.620] [DEBUG] debug-file - current process  memoryUsage: {
  rss: 264269824,
  heapTotal: 164904960,
  heapUsed: 140649520,
  external: 3089936,
  arrayBuffers: 193317
} os memoryUsage :13.755695343017578
[2026-06-28T23:07:30.680] [DEBUG] debug-file - Info: Pack: normal pack mode

[2026-06-28T23:07:30.737] [DEBUG] debug-file - Info: hardware concurrency count is : 24
Info: thread count is : 24

[2026-06-28T23:07:30.737] [DEBUG] debug-file - Info: thread pool is started

[2026-06-28T23:07:30.738] [DEBUG] debug-file - Info: GenericCompiler::CompileFiles

[2026-06-28T23:07:30.748] [DEBUG] debug-file - Info: GenericCompiler::CompileFiles
Warning: 'C:\Users\Solitary\Desktop\2\2\entry\src\main\resources\base\media\background.png' is defined repeatedly.

[2026-06-28T23:07:30.749] [DEBUG] debug-file - Warning: 'C:\Users\Solitary\Desktop\2\2\entry\src\main\resources\base\media\layered_image.json' is defined repeatedly.
Warning: 'C:\Users\Solitary\Desktop\2\2\entry\src\main\resources\base\media\foreground.png' is defined repeatedly.

[2026-06-28T23:07:30.768] [DEBUG] debug-file - Info: GenericCompiler::CompileFiles

[2026-06-28T23:07:30.776] [DEBUG] debug-file - 06-28 23:07:30.776 20340 21292 E C01400/ImageTranscoderUtils: DecodeToRGBA IN
06-28 23:07:30.776 20340 21292 E C01400/ImageTranscoderUtils: ImageFilter IN C:\Users\Solitary\Desktop\2\2\AppScope\resources\base\media\background.png

[2026-06-28T23:07:30.810] [DEBUG] debug-file - 06-28 23:07:30.811 20340 21292 E C01400/ImageTranscoderUtils: DecodeToRGBA IN
06-28 23:07:30.811 20340 21292 E C01400/ImageTranscoderUtils: ImageFilter IN C:\Users\Solitary\Desktop\2\2\AppScope\resources\base\media\foreground.png

[2026-06-28T23:07:30.837] [DEBUG] debug-file - Info: can't scale media json file.

[2026-06-28T23:07:30.837] [DEBUG] debug-file - Warning: The width or height of the png file referenced by the icon exceeds the limit (41 pixels)
at C:\Users\Solitary\Desktop\2\2\AppScope\resources\base\media\background.png

[2026-06-28T23:07:30.837] [DEBUG] debug-file - Warning: The width or height of the png file referenced by the icon exceeds the limit (41 pixels)
at C:\Users\Solitary\Desktop\2\2\AppScope\resources\base\media\foreground.png
Warning: C:\Users\Solitary\Desktop\2\2\AppScope\resources\base\media\layered_image.json is not png format

[2026-06-28T23:07:30.838] [DEBUG] debug-file - Info: restool resources compile success.

[2026-06-28T23:07:30.839] [DEBUG] debug-file - Info: thread pool is stopped

[2026-06-28T23:07:30.905] [DEBUG] debug-file - entry : default@CompileResource cost memory 0.8361434936523438
[2026-06-28T23:07:30.905] [DEBUG] debug-file - runTaskFromQueue task cost before running: 2 s 412 ms 
[2026-06-28T23:07:30.906] [INFO] debug-file - Finished :entry:default@CompileResource... after 291 ms 
[2026-06-28T23:07:30.907] [DEBUG] debug-file - Executing task :entry:default@DoNativeStrip
[2026-06-28T23:07:30.907] [DEBUG] debug-file - File: 'C:\Users\Solitary\Desktop\2\2\entry\build\default\intermediates\binxo\default' from 'doBinxoNativeLibs' is not exists, just ignore.
[2026-06-28T23:07:30.907] [DEBUG] debug-file - Task 'entry:default@DoNativeStrip' cost while wrapping incremental declarations: 1 ms 
[2026-06-28T23:07:30.908] [DEBUG] debug-file - entry : default@DoNativeStrip cost memory 0.07546234130859375
[2026-06-28T23:07:30.908] [DEBUG] debug-file - runTaskFromQueue task cost before running: 2 s 415 ms 
[2026-06-28T23:07:30.909] [INFO] debug-file - Finished :entry:default@DoNativeStrip... after 2 ms 
[2026-06-28T23:07:30.909] [DEBUG] debug-file - Executing task :entry:default@CompileArkTS
[2026-06-28T23:07:30.910] [DEBUG] debug-file - obfuscationOptions: undefined
[2026-06-28T23:07:30.910] [DEBUG] debug-file - Task 'entry:default@CompileArkTS' cost while wrapping incremental declarations: 1 ms 
[2026-06-28T23:07:30.920] [DEBUG] debug-file - build config:
[2026-06-28T23:07:30.920] [DEBUG] debug-file - {
  moduleType: 'entry',
  perf: 0,
  targetName: '.default',
  packageManagerType: 'ohpm',
  localPropertiesPath: 'C:\\Users\\Solitary\\Desktop\\2\\2\\local.properties',
  isPreview: false,
  isOhosTest: false,
  isLocalTest: false,
  buildMode: 'Debug',
  hotReloadBuild: undefined,
  watchMode: 'false',
  aceProfilePath: 'C:\\Users\\Solitary\\Desktop\\2\\2\\entry\\build\\default\\intermediates\\res\\default\\resources\\base\\profile',
  etsLoaderPath: 'E:\\DevEco Studio\\sdk\\default\\openharmony\\ets\\build-tools\\ets-loader',
  modulePath: 'C:\\Users\\Solitary\\Desktop\\2\\2\\entry',
  testFrameworkPar: {
    testMode: undefined,
    coveragePathFilter: undefined,
    coverageMode: undefined
  },
  needCoverageInsert: false,
  debugLine: false,
  projectTopDir: 'C:\\Users\\Solitary\\Desktop\\2\\2',
  compileSdkVersion: 23,
  compatibleSdkVersion: 20,
  originCompatibleSdkVersion: '6.0.0(20)',
  compatibleSdkVersionStage: undefined,
  bundleName: 'c***h',
  etsLoaderVersion: '6.1.0.105',
  etsLoaderReleaseType: 'Release',
  aotCompileMode: 'type',
  apPath: 'C:\\Users\\Solitary\\Desktop\\2\\2\\entry\\modules.ap',
  entryModuleName: 'entry',
  entryModuleVersion: '1.0.0',
  entryPackageName: 'entry',
  allModuleNameHash: 'ad2063741cce2d9f2862b07152b06528d175e9e658ade8f2daa416834c9c089a',
  externalApiPaths: [ 'E:\\DevEco Studio\\sdk\\default\\hms\\ets' ],
  compilerTypes: [],
  isCrossplatform: false,
  hvigorPluginFile: undefined,
  compilePluginPath: undefined,
  buildGeneratedProfilePath: 'C:\\Users\\Solitary\\Desktop\\2\\2\\entry\\build\\default\\generated\\profile\\default',
  bundleType: 'app',
  arkTSVersion: undefined,
  apiVersion: 23,
  needCompleteSourcesMap: false,
  isFaMode: false,
  buildDir: 'C:\\Users\\Solitary\\Desktop\\2\\2\\entry\\build',
  deviceTypes: [ 'phone' ],
  pkgContextInfo: {
    entry: {
      packageName: 'entry',
      bundleName: '*****',
      moduleName: '',
      version: '',
      entryPath: 'src/main/',
      isSO: false,
      dependencyAlias: ''
    }
  },
  ohPackagePathMap: {},
  dependencyAliasMap: {},
  permission: { requestPermissions: undefined, definePermissions: undefined },
  useGetCurrentBundleName: false,
  projectArkOption: undefined,
  sourceMapDir: undefined,
  branchElimination: false,
  transformLib: undefined,
  tsImportSendable: false,
  resolveConflictMode: true,
  depName2RootPath: {},
  depName2DepInfo: {},
  depName2OhExports: {},
  rootPathSet: [ 'C:\\Users\\Solitary\\Desktop\\2\\2' ],
  useNativeResolver: true,
  shouldEmitJs: true,
  useTscResolve: false,
  singleFileEmit: false,
  userProjectConfig: {
    autoLazyImport: false,
    allowEmptyBundleName: false,
    reExportCheckMode: 'noCheck',
    executionMode: 'memory',
    usePathPlaceholder: false,
    writeRollupCache: true,
    isExpandImportEnabled: false,
    expandImportExclude: '',
    lazyImportExclude: '',
    lazyImportInclude: '',
    ignoreCrossplatformCheck: false,
    isHarDeduplicateEnabled: false,
    skipOhModulesLint: false,
    enableStrictCheckOHModule: false,
    disableSendableCheckRules: [],
    useDeclarationFileSignature: false,
    customizedOptions: undefined,
    integratedHsp: false,
    isPreloadSoEnabled: false
  },
  executionMode: 'memory',
  arkCompileCachePath: 'C:\\Users\\Solitary\\Desktop\\2\\2\\entry\\build\\default\\cache\\default\\default@CompileArkTS\\esmodule',
  autoLazyFilter: undefined,
  isHarDeduplicateEnabled: false,
  intermediateHarDuplicateDirPath: 'C:\\Users\\Solitary\\Desktop\\2\\2\\entry\\build\\default\\intermediates\\har_duplicate\\default',
  autoLazyImport: false,
  allowEmptyBundleName: false,
  reExportCheckMode: 'noCheck',
  usePathPlaceholder: false,
  writeRollupCache: true,
  isExpandImportEnabled: false,
  expandImportExclude: '',
  lazyImportExclude: '',
  lazyImportInclude: '',
  ignoreCrossplatformCheck: false,
  skipOhModulesLint: false,
  enableStrictCheckOHModule: false,
  disableSendableCheckRules: [],
  useDeclarationFileSignature: false,
  customizedOptions: undefined,
  integratedHsp: false,
  isPreloadSoEnabled: false,
  strictMode: {
    caseSensitiveCheck: true,
    useNormalizedOHMUrl: true,
    noExternalImportByPath: true
  },
  useNormalizedOHMUrl: true,
  caseSensitiveCheck: true,
  aceModuleJsonPath: 'C:\\Users\\Solitary\\Desktop\\2\\2\\entry\\build\\default\\intermediates\\res\\default\\ark_module.json',
  appResource: 'C:\\Users\\Solitary\\Desktop\\2\\2\\entry\\build\\default\\intermediates\\res\\default\\ResourceTable.txt',
  rawFileResource: 'C:\\Users\\Solitary\\Desktop\\2\\2\\entry\\build\\default\\intermediates\\res\\default\\resources\\rawfile',
  resourceTableHash: '6c01846ec43f83dda3236b826ce3ee4717843f851a24bccd7722c8787b896537',
  runtimeOS: 'HarmonyOS',
  sdkInfo: 'false:23:6.1.0.105:Release',
  aceModuleRoot: 'C:\\Users\\Solitary\\Desktop\\2\\2\\entry\\src\\main\\ets',
  compileMode: 'esmodule',
  aceSuperVisualPath: 'C:\\Users\\Solitary\\Desktop\\2\\2\\entry\\src\\main\\supervisual',
  aceBuildJson: 'C:\\Users\\Solitary\\Desktop\\2\\2\\entry\\build\\default\\intermediates\\loader\\default\\loader.json',
  cachePath: 'C:\\Users\\Solitary\\Desktop\\2\\2\\entry\\build\\default\\cache\\default\\default@CompileArkTS\\esmodule\\debug',
  aceModuleBuild: 'C:\\Users\\Solitary\\Desktop\\2\\2\\entry\\build\\default\\intermediates\\loader_out\\default\\ets',
  supportChunks: true,
  declaredFilesPath: undefined,
  shouldCollectDirectImportees: false,
  isByteCodeHarOptimize: false,
  expandImportPath: undefined,
  resourceTableTs: 'C:\\Users\\Solitary\\Desktop\\2\\2\\entry\\build\\default\\generated\\r\\default\\ResourceTable.ts',
  moduleMetaInfoFiles: [
    {
      filePath: 'C:\\Users\\Solitary\\Desktop\\2\\2\\entry\\build\\default\\generated\\r\\default\\ResourceTable.ts',
      ohmurl: '&entry/build/generated/r/ResourceTable&'
    }
  ],
  pkgNameToPkgBriefInfo: {
    entry: {
      pkgRoot: 'C:\\Users\\Solitary\\Desktop\\2\\2\\entry',
      originalSourceRoots: undefined,
      sourceRoots: [Array],
      pkgName: 'entry'
    }
  },
  projectModel: {
    'C:\\Users\\Solitary\\Desktop\\2\\2\\entry\\src\\main': {
      moduleName: 'entry',
      modulePkgPath: 'C:\\Users\\Solitary\\Desktop\\2\\2\\entry',
      belongProjectPath: 'C:\\Users\\Solitary\\Desktop\\2\\2'
    },
    'C:\\Users\\Solitary\\Desktop\\2\\2\\entry': {
      moduleName: 'entry',
      modulePkgPath: 'C:\\Users\\Solitary\\Desktop\\2\\2\\entry',
      belongProjectPath: 'C:\\Users\\Solitary\\Desktop\\2\\2'
    },
    'C:\\Users\\Solitary\\Desktop\\2\\2': {
      moduleName: '2',
      modulePkgPath: 'C:\\Users\\Solitary\\Desktop\\2\\2',
      belongProjectPath: 'C:\\Users\\Solitary\\Desktop\\2\\2'
    }
  },
  pkgJsonFileHash: '3988b0835bccf210dee13376ccba6999fb1b98adb421db068b476e7002ad0e2d',
  allModulePaths: [ 'C:\\Users\\Solitary\\Desktop\\2\\2\\entry' ],
  routerMap: {},
  obfuscationOptions: undefined,
  byteCodeHarToDependencyKeys: undefined,
  compileBlockPkg: [],
  mockParams: {
    decorator: '@MockSetup',
    packageName: '@ohos/hamock',
    etsSourceRootPath: 'src/main/ets',
    mockConfigPath: undefined,
    mockConfigKey2ModuleInfo: {},
    source2ModuleIdMap: {}
  },
  copyCodeResourceEnable: false,
  copyCodeResourceExcludes: [],
  copyCodeResourceIncludes: undefined,
  uiTransformOptimization: false,
  sdkPath: 'E:/DevEco Studio/sdk',
  needPreloadSoFileSet: {},
  preloadSoFilePath: 'C:\\Users\\Solitary\\Desktop\\2\\2\\entry\\build\\default\\intermediates\\preload\\default\\preload.json',
  useSourceHash: false,
  localModuleParamMap: {},
  otherPaths: {
    'entry/*': [
      '..\\*',
      '..\\..\\..\\build\\default\\generated\\profile\\default\\*'
    ]
  },
  collectImportersConfig: undefined
}
[2026-06-28T23:07:30.921] [DEBUG] debug-file - Compile arkts with external api path: E:\DevEco Studio\sdk\default\hms\ets
[2026-06-28T23:07:30.922] [DEBUG] debug-file - default@CompileArkTS work[0] is submitted.
[2026-06-28T23:07:30.922] [DEBUG] debug-file - default@CompileArkTS work[0] is pushed to ready queue.
[2026-06-28T23:07:30.923] [DEBUG] debug-file - A work dispatched to worker[23] failed because unable to get work from ready queue.
[2026-06-28T23:07:30.923] [DEBUG] debug-file - A work dispatched to worker[22] failed because unable to get work from ready queue.
[2026-06-28T23:07:30.923] [DEBUG] debug-file - A work dispatched to worker[21] failed because unable to get work from ready queue.
[2026-06-28T23:07:30.923] [DEBUG] debug-file - A work dispatched to worker[20] failed because unable to get work from ready queue.
[2026-06-28T23:07:30.923] [DEBUG] debug-file - A work dispatched to worker[19] failed because unable to get work from ready queue.
[2026-06-28T23:07:30.923] [DEBUG] debug-file - A work dispatched to worker[18] failed because unable to get work from ready queue.
[2026-06-28T23:07:30.923] [DEBUG] debug-file - A work dispatched to worker[17] failed because unable to get work from ready queue.
[2026-06-28T23:07:30.923] [DEBUG] debug-file - A work dispatched to worker[16] failed because unable to get work from ready queue.
[2026-06-28T23:07:30.923] [DEBUG] debug-file - A work dispatched to worker[15] failed because unable to get work from ready queue.
[2026-06-28T23:07:30.923] [DEBUG] debug-file - A work dispatched to worker[14] failed because unable to get work from ready queue.
[2026-06-28T23:07:30.923] [DEBUG] debug-file - A work dispatched to worker[13] failed because unable to get work from ready queue.
[2026-06-28T23:07:30.923] [DEBUG] debug-file - A work dispatched to worker[12] failed because unable to get work from ready queue.
[2026-06-28T23:07:30.923] [DEBUG] debug-file - A work dispatched to worker[11] failed because unable to get work from ready queue.
[2026-06-28T23:07:30.923] [DEBUG] debug-file - A work dispatched to worker[10] failed because unable to get work from ready queue.
[2026-06-28T23:07:30.923] [DEBUG] debug-file - A work dispatched to worker[9] failed because unable to get work from ready queue.
[2026-06-28T23:07:30.923] [DEBUG] debug-file - A work dispatched to worker[8] failed because unable to get work from ready queue.
[2026-06-28T23:07:30.923] [DEBUG] debug-file - A work dispatched to worker[7] failed because unable to get work from ready queue.
[2026-06-28T23:07:30.923] [DEBUG] debug-file - A work dispatched to worker[6] failed because unable to get work from ready queue.
[2026-06-28T23:07:30.923] [DEBUG] debug-file - A work dispatched to worker[5] failed because unable to get work from ready queue.
[2026-06-28T23:07:30.924] [DEBUG] debug-file - Create  resident worker with id: 4.
[2026-06-28T23:07:30.925] [DEBUG] debug-file - default@CompileArkTS work[0] has been dispatched to worker[4].
[2026-06-28T23:07:30.925] [DEBUG] debug-file - default@CompileArkTS work[0] is dispatched.
[2026-06-28T23:07:30.925] [DEBUG] debug-file - entry : default@CompileArkTS cost memory 2.2646102905273438
[2026-06-28T23:07:30.926] [DEBUG] debug-file - Executing task :entry:default@BuildJS
[2026-06-28T23:07:30.926] [DEBUG] debug-file - Task 'entry:default@BuildJS' cost while wrapping incremental declarations: 1 ms 
[2026-06-28T23:07:30.928] [DEBUG] debug-file - entry : default@BuildJS cost memory 0.163787841796875
[2026-06-28T23:07:30.928] [DEBUG] debug-file - runTaskFromQueue task cost before running: 2 s 435 ms 
[2026-06-28T23:07:30.928] [INFO] debug-file - Finished :entry:default@BuildJS... after 2 ms 
[2026-06-28T23:07:30.928] [DEBUG] debug-file - Executing task :entry:default@CacheNativeLibs
[2026-06-28T23:07:30.929] [DEBUG] debug-file - File: 'C:\Users\Solitary\Desktop\2\2\entry\build\default\intermediates\binxo\default' from 'cacheBinxoNativeLibs' is not exists, just ignore.
[2026-06-28T23:07:30.929] [DEBUG] debug-file - Task 'entry:default@CacheNativeLibs' cost while wrapping incremental declarations: 1 ms 
[2026-06-28T23:07:30.929] [DEBUG] debug-file - default@CacheNativeLibs work[1] is submitted.
[2026-06-28T23:07:30.929] [DEBUG] debug-file - default@CacheNativeLibs work[1] is pushed to ready queue.
[2026-06-28T23:07:30.929] [DEBUG] debug-file - A work dispatched to worker[23] failed because unable to get work from ready queue.
[2026-06-28T23:07:30.929] [DEBUG] debug-file - Create  resident worker with id: 22.
[2026-06-28T23:07:30.930] [DEBUG] debug-file - default@CacheNativeLibs work[1] has been dispatched to worker[22].
[2026-06-28T23:07:30.930] [DEBUG] debug-file - default@CacheNativeLibs work[1] is dispatched.
[2026-06-28T23:07:30.930] [DEBUG] debug-file - entry : default@CacheNativeLibs cost memory 0.160858154296875
[2026-06-28T23:07:31.892] [DEBUG] debug-file - worker[22] has one work done.
[2026-06-28T23:07:31.893] [DEBUG] debug-file - default@CacheNativeLibs work[1] done.
[2026-06-28T23:07:31.893] [DEBUG] debug-file - A work dispatched to worker[22] failed because unable to get work from ready queue.
[2026-06-28T23:07:31.893] [INFO] debug-file - Finished :entry:default@CacheNativeLibs... after 7 ms 
[2026-06-28T23:07:38.756] [DEBUG] debug-file - worker[4] has one work done.
[2026-06-28T23:07:38.756] [DEBUG] debug-file - Ark compile task finished.finished time is 2250420443940500
[2026-06-28T23:07:38.757] [DEBUG] debug-file - default@CompileArkTS work[0] done.
[2026-06-28T23:07:38.758] [DEBUG] debug-file - A work dispatched to worker[4] failed because unable to get work from ready queue.
[2026-06-28T23:07:38.759] [INFO] debug-file - Finished :entry:default@CompileArkTS... after 5 s 728 ms 
[2026-06-28T23:07:38.760] [DEBUG] debug-file - Executing task :entry:default@GeneratePkgModuleJson
[2026-06-28T23:07:38.761] [DEBUG] debug-file - File: 'C:\Users\Solitary\Desktop\2\2\entry\build\default\intermediates\preload\default\preload.json' from 'preloadSoJsonPath' is not exists, just ignore.
[2026-06-28T23:07:38.761] [DEBUG] debug-file - Error occurs while handling @Input 'shouldDeduplicateHar': The "data" argument must be of type string or an instance of Buffer, TypedArray, or DataView. Received undefined
[2026-06-28T23:07:38.761] [DEBUG] debug-file - Task 'entry:default@GeneratePkgModuleJson' cost while wrapping incremental declarations: 2 ms 
[2026-06-28T23:07:38.763] [DEBUG] debug-file - entry : default@GeneratePkgModuleJson cost memory 0.16648101806640625
[2026-06-28T23:07:38.764] [DEBUG] debug-file - runTaskFromQueue task cost before running: 10 s 271 ms 
[2026-06-28T23:07:38.764] [INFO] debug-file - Finished :entry:default@GeneratePkgModuleJson... after 4 ms 
[2026-06-28T23:07:38.765] [DEBUG] debug-file - Executing task :entry:default@ProcessCompiledResources
[2026-06-28T23:07:38.765] [DEBUG] debug-file - File: 'C:\Users\Solitary\Desktop\2\2\entry\build\default\intermediates\preload\default\preload.json' from 'preloadSoJsonPath' is not exists, just ignore.
[2026-06-28T23:07:38.765] [DEBUG] debug-file - Task 'entry:default@ProcessCompiledResources' cost while wrapping incremental declarations: 1 ms 
[2026-06-28T23:07:38.766] [DEBUG] debug-file - entry : default@ProcessCompiledResources cost memory 0.05925750732421875
[2026-06-28T23:07:38.766] [DEBUG] debug-file - runTaskFromQueue task cost before running: 10 s 273 ms 
[2026-06-28T23:07:38.766] [INFO] debug-file - Finished :entry:default@ProcessCompiledResources... after 1 ms 
[2026-06-28T23:07:38.768] [DEBUG] debug-file - Executing task :entry:default@PackageHap
[2026-06-28T23:07:38.773] [DEBUG] debug-file - Use tool [E:\DevEco Studio\sdk\default\openharmony\toolchains\lib\app_packing_tool.jar]
 [
  'java',
  '-Dfile.encoding=GBK',
  '-jar',
  'E:\\DevEco Studio\\sdk\\default\\openharmony\\toolchains\\lib\\app_packing_tool.jar',
  '--mode',
  'hap',
  '--force',
  'true',
  '--lib-path',
  'C:\\Users\\Solitary\\Desktop\\2\\2\\entry\\build\\default\\intermediates\\stripped_native_libs\\default',
  '--json-path',
  'C:\\Users\\Solitary\\Desktop\\2\\2\\entry\\build\\default\\intermediates\\package\\default\\module.json',
  '--resources-path',
  'C:\\Users\\Solitary\\Desktop\\2\\2\\entry\\build\\default\\intermediates\\res\\default\\resources',
  '--index-path',
  'C:\\Users\\Solitary\\Desktop\\2\\2\\entry\\build\\default\\intermediates\\res\\default\\resources.index',
  '--pack-info-path',
  'C:\\Users\\Solitary\\Desktop\\2\\2\\entry\\build\\default\\outputs\\default\\pack.info',
  '--out-path',
  'C:\\Users\\Solitary\\Desktop\\2\\2\\entry\\build\\default\\outputs\\default\\entry-default-unsigned.hap',
  '--ets-path',
  'C:\\Users\\Solitary\\Desktop\\2\\2\\entry\\build\\default\\intermediates\\loader_out\\default\\ets',
  '--pkg-context-path',
  'C:\\Users\\Solitary\\Desktop\\2\\2\\entry\\build\\default\\intermediates\\loader\\default\\pkgContextInfo.json'
]
[2026-06-28T23:07:38.774] [DEBUG] debug-file - default@PackageHap work[2] is submitted.
[2026-06-28T23:07:38.774] [DEBUG] debug-file - default@PackageHap work[2] is pushed to ready queue.
[2026-06-28T23:07:38.774] [DEBUG] debug-file - A work dispatched to worker[23] failed because unable to get work from ready queue.
[2026-06-28T23:07:38.775] [DEBUG] debug-file - default@PackageHap work[2] has been dispatched to worker[22].
[2026-06-28T23:07:38.775] [DEBUG] debug-file - default@PackageHap work[2] is dispatched.
[2026-06-28T23:07:38.779] [DEBUG] debug-file - entry : default@PackageHap cost memory 0.36489105224609375
[2026-06-28T23:07:38.952] [DEBUG] debug-file - current process  memoryUsage: {
  rss: 691376128,
  heapTotal: 81035264,
  heapUsed: 52035168,
  external: 2365988,
  arrayBuffers: 124311
} os memoryUsage :14.076541900634766
[2026-06-28T23:07:39.600] [DEBUG] debug-file - worker[22] has one work done.
[2026-06-28T23:07:39.600] [DEBUG] debug-file - default@PackageHap work[2] done.
[2026-06-28T23:07:39.601] [DEBUG] debug-file - A work dispatched to worker[22] failed because unable to get work from ready queue.
[2026-06-28T23:07:39.602] [INFO] debug-file - Finished :entry:default@PackageHap... after 663 ms 
[2026-06-28T23:07:39.603] [DEBUG] debug-file - Executing task :entry:default@PackingCheck
[2026-06-28T23:07:39.609] [DEBUG] debug-file - entry : default@PackingCheck cost memory 0.42479705810546875
[2026-06-28T23:07:39.609] [DEBUG] debug-file - runTaskFromQueue task cost before running: 11 s 116 ms 
[2026-06-28T23:07:39.609] [INFO] debug-file - Finished :entry:default@PackingCheck... after 7 ms 
[2026-06-28T23:07:39.611] [DEBUG] debug-file - Executing task :entry:default@SignHap
[2026-06-28T23:07:39.611] [WARN] debug-file - Will skip sign 'hos_hap'. No signingConfigs profile is configured in current project.
             If needed, configure the signingConfigs in C:\Users\Solitary\Desktop\2\2\build-profile.json5.
[2026-06-28T23:07:39.612] [DEBUG] debug-file - entry : default@SignHap cost memory 0.0556793212890625
[2026-06-28T23:07:39.612] [DEBUG] debug-file - runTaskFromQueue task cost before running: 11 s 119 ms 
[2026-06-28T23:07:39.612] [INFO] debug-file - Finished :entry:default@SignHap... after 2 ms 
[2026-06-28T23:07:39.614] [DEBUG] debug-file - Executing task :entry:default@CollectDebugSymbol
[2026-06-28T23:07:39.615] [DEBUG] debug-file - entry : default@CollectDebugSymbol cost memory 0.09383392333984375
[2026-06-28T23:07:39.615] [DEBUG] debug-file - runTaskFromQueue task cost before running: 11 s 122 ms 
[2026-06-28T23:07:39.615] [INFO] debug-file - Finished :entry:default@CollectDebugSymbol... after 2 ms 
[2026-06-28T23:07:39.616] [DEBUG] debug-file - Executing task :entry:assembleHap
[2026-06-28T23:07:39.616] [DEBUG] debug-file - entry : assembleHap cost memory 0.0128326416015625
[2026-06-28T23:07:39.616] [DEBUG] debug-file - runTaskFromQueue task cost before running: 11 s 123 ms 
[2026-06-28T23:07:39.616] [INFO] debug-file - Finished :entry:assembleHap... after 1 ms 
[2026-06-28T23:07:39.634] [INFO] debug-file - BUILD SUCCESSFUL in 11 s 140 ms 
[2026-06-28T23:07:39.635] [DEBUG] debug-file - Update task entry:default@PreBuild input file:C:\Users\Solitary\Desktop\2\2\AppScope\app.json5 cache by regenerate.
[2026-06-28T23:07:39.636] [DEBUG] debug-file - Update task entry:default@PreBuild input file:C:\Users\Solitary\Desktop\2\2\entry\src\main\module.json5 cache by regenerate.
[2026-06-28T23:07:39.636] [DEBUG] debug-file - Update task entry:default@PreBuild input file:C:\Users\Solitary\Desktop\2\2\build-profile.json5 cache by regenerate.
[2026-06-28T23:07:39.636] [DEBUG] debug-file - Update task entry:default@PreBuild input file:C:\Users\Solitary\Desktop\2\2\entry\build-profile.json5 cache by regenerate.
[2026-06-28T23:07:39.636] [DEBUG] debug-file - Update task entry:default@PreBuild input file:C:\Users\Solitary\Desktop\2\2\entry\src\main\resources\base\profile\main_pages.json cache by regenerate.
[2026-06-28T23:07:39.636] [DEBUG] debug-file - Update task entry:default@PreBuild input file:C:\Users\Solitary\Desktop\2\2\hvigor\hvigor-config.json5 cache by regenerate.
[2026-06-28T23:07:39.636] [DEBUG] debug-file - Update task entry:default@PreBuild input file:C:\Users\Solitary\Desktop\2\2\entry\oh-package.json5 cache by regenerate.
[2026-06-28T23:07:39.636] [DEBUG] debug-file - Update task entry:default@PreBuild input file:C:\Users\Solitary\Desktop\2\2\oh-package.json5 cache by regenerate.
[2026-06-28T23:07:39.637] [DEBUG] debug-file - Incremental task entry:default@PreBuild post-execution cost:3 ms .
[2026-06-28T23:07:39.637] [DEBUG] debug-file - Update task entry:default@CreateModuleInfo output file:C:\Users\Solitary\Desktop\2\2\entry\build\default\generated\profile\default\ModuleInfo.ts cache.
[2026-06-28T23:07:39.637] [DEBUG] debug-file - Incremental task entry:default@CreateModuleInfo post-execution cost:1 ms .
[2026-06-28T23:07:39.637] [DEBUG] debug-file - Update task entry:default@GenerateMetadata input file:C:\Users\Solitary\Desktop\2\2\entry\src\main\module.json5 cache by regenerate.
[2026-06-28T23:07:39.638] [DEBUG] debug-file - Update task entry:default@GenerateMetadata output file:C:\Users\Solitary\Desktop\2\2\entry\build\default\intermediates\hap_metadata\default\output_metadata.json cache.
[2026-06-28T23:07:39.638] [DEBUG] debug-file - Incremental task entry:default@GenerateMetadata post-execution cost:1 ms .
[2026-06-28T23:07:39.638] [DEBUG] debug-file - Update task entry:default@MergeProfile input file:C:\Users\Solitary\Desktop\2\2\AppScope\app.json5 cache by regenerate.
[2026-06-28T23:07:39.638] [DEBUG] debug-file - Update task entry:default@MergeProfile input file:C:\Users\Solitary\Desktop\2\2\build-profile.json5 cache by regenerate.
[2026-06-28T23:07:39.639] [DEBUG] debug-file - Update task entry:default@MergeProfile input file:C:\Users\Solitary\Desktop\2\2\entry\src\main\module.json5 cache by regenerate.
[2026-06-28T23:07:39.639] [DEBUG] debug-file - Update task entry:default@MergeProfile output file:C:\Users\Solitary\Desktop\2\2\entry\build\default\intermediates\merge_profile\default\module.json cache.
[2026-06-28T23:07:39.639] [DEBUG] debug-file - Incremental task entry:default@MergeProfile post-execution cost:1 ms .
[2026-06-28T23:07:39.639] [DEBUG] debug-file - Update task entry:default@CreateBuildProfile input file:C:\Users\Solitary\Desktop\2\2\AppScope\app.json5 cache by regenerate.
[2026-06-28T23:07:39.639] [DEBUG] debug-file - Update task entry:default@CreateBuildProfile input file:C:\Users\Solitary\Desktop\2\2\build-profile.json5 cache by regenerate.
[2026-06-28T23:07:39.639] [DEBUG] debug-file - Update task entry:default@CreateBuildProfile output file:C:\Users\Solitary\Desktop\2\2\entry\build\default\generated\profile\default\BuildProfile.ets cache.
[2026-06-28T23:07:39.640] [DEBUG] debug-file - Incremental task entry:default@CreateBuildProfile post-execution cost:1 ms .
[2026-06-28T23:07:39.640] [DEBUG] debug-file - Update task entry:default@GeneratePkgContextInfo output file:C:\Users\Solitary\Desktop\2\2\entry\build\default\intermediates\loader\default\pkgContextInfo.json cache.
[2026-06-28T23:07:39.640] [DEBUG] debug-file - Incremental task entry:default@GeneratePkgContextInfo post-execution cost:1 ms .
[2026-06-28T23:07:39.640] [DEBUG] debug-file - Update task entry:default@GeneratePkgSdkInfo output file:C:\Users\Solitary\Desktop\2\2\entry\build\default\intermediates\loader\default\pkgSdkInfo.json cache.
[2026-06-28T23:07:39.640] [DEBUG] debug-file - Incremental task entry:default@GeneratePkgSdkInfo post-execution cost:1 ms .
[2026-06-28T23:07:39.640] [DEBUG] debug-file - Update task entry:default@ProcessIntegratedHsp output file:C:\Users\Solitary\Desktop\2\2\build\cache\default\integrated_hsp\integratedHspCache.json cache.
[2026-06-28T23:07:39.640] [DEBUG] debug-file - Incremental task entry:default@ProcessIntegratedHsp post-execution cost:1 ms .
[2026-06-28T23:07:39.641] [DEBUG] debug-file - Update task entry:default@MakePackInfo input file:C:\Users\Solitary\Desktop\2\2\AppScope\app.json5 cache by regenerate.
[2026-06-28T23:07:39.641] [DEBUG] debug-file - Update task entry:default@MakePackInfo input file:C:\Users\Solitary\Desktop\2\2\entry\src\main\module.json5 cache by regenerate.
[2026-06-28T23:07:39.641] [DEBUG] debug-file - Update task entry:default@MakePackInfo input file:C:\Users\Solitary\Desktop\2\2\build-profile.json5 cache by regenerate.
[2026-06-28T23:07:39.642] [DEBUG] debug-file - Update task entry:default@MakePackInfo input file:C:\Users\Solitary\Desktop\2\2\entry\src\main\resources\base\profile\backup_config.json cache by regenerate.
[2026-06-28T23:07:39.642] [DEBUG] debug-file - Update task entry:default@MakePackInfo output file:C:\Users\Solitary\Desktop\2\2\entry\build\default\outputs\default\pack.info cache.
[2026-06-28T23:07:39.642] [DEBUG] debug-file - Incremental task entry:default@MakePackInfo post-execution cost:2 ms .
[2026-06-28T23:07:39.642] [DEBUG] debug-file - Update task entry:default@SyscapTransform input file:E:\DevEco Studio\sdk\default\openharmony\toolchains\syscap_tool.exe cache by regenerate.
[2026-06-28T23:07:39.642] [DEBUG] debug-file - Update task entry:default@SyscapTransform input file:E:\DevEco Studio\sdk\default\openharmony\ets\api\device-define cache by regenerate.
[2026-06-28T23:07:39.644] [DEBUG] debug-file - Update task entry:default@SyscapTransform output file:C:\Users\Solitary\Desktop\2\2\entry\build\default\intermediates\syscap\default\rpcid.sc cache.
[2026-06-28T23:07:39.645] [DEBUG] debug-file - Incremental task entry:default@SyscapTransform post-execution cost:3 ms .
[2026-06-28T23:07:39.645] [DEBUG] debug-file - Update task entry:default@ProcessProfile input file:C:\Users\Solitary\Desktop\2\2\entry\build\default\intermediates\merge_profile\default\module.json cache by regenerate.
[2026-06-28T23:07:39.645] [DEBUG] debug-file - Update task entry:default@ProcessProfile output file:C:\Users\Solitary\Desktop\2\2\entry\build\default\intermediates\process_profile\default\module.json cache.
[2026-06-28T23:07:39.646] [DEBUG] debug-file - Incremental task entry:default@ProcessProfile post-execution cost:2 ms .
[2026-06-28T23:07:39.647] [DEBUG] debug-file - Update task entry:default@ProcessRouterMap input file:C:\Users\Solitary\Desktop\2\2\entry\oh-package.json5 cache by regenerate.
[2026-06-28T23:07:39.647] [DEBUG] debug-file - Update task entry:default@ProcessRouterMap input file:C:\Users\Solitary\Desktop\2\2\oh-package.json5 cache by regenerate.
[2026-06-28T23:07:39.648] [DEBUG] debug-file - Update task entry:default@ProcessRouterMap input file:C:\Users\Solitary\Desktop\2\2\entry\src\main\module.json5 cache by regenerate.
[2026-06-28T23:07:39.648] [DEBUG] debug-file - Update task entry:default@ProcessRouterMap input file:C:\Users\Solitary\Desktop\2\2\entry\build\default\intermediates\loader\default\pkgContextInfo.json cache by regenerate.
[2026-06-28T23:07:39.648] [DEBUG] debug-file - Update task entry:default@ProcessRouterMap output file:C:\Users\Solitary\Desktop\2\2\entry\build\default\intermediates\router_map\default\temp-router-map.json cache.
[2026-06-28T23:07:39.648] [DEBUG] debug-file - Update task entry:default@ProcessRouterMap output file:C:\Users\Solitary\Desktop\2\2\entry\build\default\intermediates\router_map\default\loader-router-map.json cache.
[2026-06-28T23:07:39.649] [DEBUG] debug-file - Incremental task entry:default@ProcessRouterMap post-execution cost:3 ms .
[2026-06-28T23:07:39.649] [DEBUG] debug-file - Update task entry:default@ProcessShareConfig input file:C:\Users\Solitary\Desktop\2\2\entry\oh-package.json5 cache by regenerate.
[2026-06-28T23:07:39.649] [DEBUG] debug-file - Update task entry:default@ProcessShareConfig input file:C:\Users\Solitary\Desktop\2\2\oh-package.json5 cache by regenerate.
[2026-06-28T23:07:39.649] [DEBUG] debug-file - Update task entry:default@ProcessShareConfig input file:C:\Users\Solitary\Desktop\2\2\entry\src\main\module.json5 cache by regenerate.
[2026-06-28T23:07:39.649] [DEBUG] debug-file - Update task entry:default@ProcessShareConfig input file:C:\Users\Solitary\Desktop\2\2\entry\build\default\intermediates\loader\default\pkgContextInfo.json cache by regenerate.
[2026-06-28T23:07:39.649] [DEBUG] debug-file - Update task entry:default@ProcessShareConfig output file:C:\Users\Solitary\Desktop\2\2\entry\build\default\intermediates\share_config\default\temp-share-config.json cache.
[2026-06-28T23:07:39.649] [DEBUG] debug-file - Incremental task entry:default@ProcessShareConfig post-execution cost:1 ms .
[2026-06-28T23:07:39.650] [DEBUG] debug-file - Update task entry:default@ProcessStartupConfig input file:C:\Users\Solitary\Desktop\2\2\entry\build\default\intermediates\loader\default\pkgContextInfo.json cache by regenerate.
[2026-06-28T23:07:39.650] [DEBUG] debug-file - Update task entry:default@ProcessStartupConfig output file:C:\Users\Solitary\Desktop\2\2\entry\build\default\intermediates\startup\default\startup_config.json cache.
[2026-06-28T23:07:39.650] [DEBUG] debug-file - Incremental task entry:default@ProcessStartupConfig post-execution cost:1 ms .
[2026-06-28T23:07:39.650] [DEBUG] debug-file - Update task entry:default@ProcessResource output file:C:\Users\Solitary\Desktop\2\2\entry\build\default\intermediates\res\default\resConfig.json cache.
[2026-06-28T23:07:39.650] [DEBUG] debug-file - Update task entry:default@ProcessResource output file:C:\Users\Solitary\Desktop\2\2\entry\build\default\intermediates\res\default\opt-compression.json cache.
[2026-06-28T23:07:39.650] [DEBUG] debug-file - Incremental task entry:default@ProcessResource post-execution cost:1 ms .
[2026-06-28T23:07:39.651] [DEBUG] debug-file - Update task entry:default@GenerateLoaderJson input file:C:\Users\Solitary\Desktop\2\2\entry\build\default\intermediates\loader\default\pkgContextInfo.json cache by regenerate.
[2026-06-28T23:07:39.651] [DEBUG] debug-file - Update task entry:default@GenerateLoaderJson input file:C:\Users\Solitary\Desktop\2\2\entry\build\default\intermediates\router_map\default\temp-router-map.json cache by regenerate.
[2026-06-28T23:07:39.651] [DEBUG] debug-file - Update task entry:default@GenerateLoaderJson output file:C:\Users\Solitary\Desktop\2\2\entry\build\default\intermediates\loader\default\loader.json cache.
[2026-06-28T23:07:39.651] [DEBUG] debug-file - Incremental task entry:default@GenerateLoaderJson post-execution cost:1 ms .
[2026-06-28T23:07:39.652] [DEBUG] debug-file - Update task entry:default@ProcessLibs input file:C:\Users\Solitary\Desktop\2\2\build-profile.json5 cache by regenerate.
[2026-06-28T23:07:39.652] [DEBUG] debug-file - Update task entry:default@ProcessLibs input file:C:\Users\Solitary\Desktop\2\2\entry\build-profile.json5 cache by regenerate.
[2026-06-28T23:07:39.652] [DEBUG] debug-file - Update task entry:default@ProcessLibs output file:C:\Users\Solitary\Desktop\2\2\entry\build\default\intermediates\libs\default cache.
[2026-06-28T23:07:39.652] [DEBUG] debug-file - Incremental task entry:default@ProcessLibs post-execution cost:2 ms .
[2026-06-28T23:07:39.653] [DEBUG] debug-file - Update task entry:default@CompileResource input file:C:\Users\Solitary\Desktop\2\2\entry\src\main\resources cache by regenerate.
[2026-06-28T23:07:39.656] [DEBUG] debug-file - Update task entry:default@CompileResource input file:C:\Users\Solitary\Desktop\2\2\AppScope\resources cache by regenerate.
[2026-06-28T23:07:39.657] [DEBUG] debug-file - Update task entry:default@CompileResource input file:C:\Users\Solitary\Desktop\2\2\entry\build\default\intermediates\process_profile\default\module.json cache by regenerate.
[2026-06-28T23:07:39.657] [DEBUG] debug-file - Update task entry:default@CompileResource input file:C:\Users\Solitary\Desktop\2\2\entry\build\default\intermediates\res\default\resConfig.json cache by regenerate.
[2026-06-28T23:07:39.657] [DEBUG] debug-file - Update task entry:default@CompileResource output file:C:\Users\Solitary\Desktop\2\2\entry\build\default\intermediates\res\default cache.
[2026-06-28T23:07:39.660] [DEBUG] debug-file - Update task entry:default@CompileResource output file:C:\Users\Solitary\Desktop\2\2\entry\build\default\generated\r\default\ResourceTable.h cache.
[2026-06-28T23:07:39.660] [DEBUG] debug-file - Update task entry:default@CompileResource output file:C:\Users\Solitary\Desktop\2\2\entry\build\default\generated\r\default\ResourceTable.ts cache.
[2026-06-28T23:07:39.661] [DEBUG] debug-file - Update task entry:default@CompileResource output file:C:\Users\Solitary\Desktop\2\2\entry\build\default\generated\r\default cache.
[2026-06-28T23:07:39.661] [DEBUG] debug-file - Incremental task entry:default@CompileResource post-execution cost:9 ms .
[2026-06-28T23:07:39.661] [DEBUG] debug-file - Update task entry:default@DoNativeStrip input file:C:\Users\Solitary\Desktop\2\2\entry\build\default\intermediates\libs\default cache by regenerate.
[2026-06-28T23:07:39.661] [DEBUG] debug-file - Update task entry:default@DoNativeStrip output file:C:\Users\Solitary\Desktop\2\2\entry\build\default\intermediates\stripped_native_libs\default cache.
[2026-06-28T23:07:39.662] [DEBUG] debug-file - Incremental task entry:default@DoNativeStrip post-execution cost:1 ms .
[2026-06-28T23:07:39.663] [DEBUG] debug-file - Update task entry:default@CompileArkTS input file:C:\Users\Solitary\Desktop\2\2\entry\build\default\intermediates\loader\default cache by regenerate.
[2026-06-28T23:07:39.663] [DEBUG] debug-file - Update task entry:default@CompileArkTS input file:C:\Users\Solitary\Desktop\2\2\entry\build\default\intermediates\res\default\resources\rawfile cache by regenerate.
[2026-06-28T23:07:39.664] [DEBUG] debug-file - Update task entry:default@CompileArkTS input file:C:\Users\Solitary\Desktop\2\2\entry\build\default\intermediates\res\default\ResourceTable.txt cache by regenerate.
[2026-06-28T23:07:39.664] [DEBUG] debug-file - Update task entry:default@CompileArkTS input file:C:\Users\Solitary\Desktop\2\2\entry\build\default\intermediates\res\default\ark_module.json cache by regenerate.
[2026-06-28T23:07:39.664] [DEBUG] debug-file - Update task entry:default@CompileArkTS input file:C:\Users\Solitary\Desktop\2\2\entry\build\default\intermediates\res\default\resources\base\profile cache by regenerate.
[2026-06-28T23:07:39.664] [DEBUG] debug-file - Update task entry:default@CompileArkTS input file:C:\Users\Solitary\Desktop\2\2\entry\src\main\ets cache by regenerate.
[2026-06-28T23:07:39.666] [DEBUG] debug-file - Update task entry:default@CompileArkTS input file:C:\Users\Solitary\Desktop\2\2\entry\build\default\intermediates\loader\default\pkgContextInfo.json cache by regenerate.
[2026-06-28T23:07:39.666] [DEBUG] debug-file - Update task entry:default@CompileArkTS input file:C:\Users\Solitary\Desktop\2\2\entry\build\default\generated\profile\default\BuildProfile.ets cache by regenerate.
[2026-06-28T23:07:39.666] [DEBUG] debug-file - Update task entry:default@CompileArkTS output file:C:\Users\Solitary\Desktop\2\2\entry\build\default\intermediates\loader_out\default\ets cache.
[2026-06-28T23:07:39.667] [DEBUG] debug-file - Incremental task entry:default@CompileArkTS post-execution cost:5 ms .
[2026-06-28T23:07:39.668] [DEBUG] debug-file - Update task entry:default@BuildJS input file:C:\Users\Solitary\Desktop\2\2\entry\build\default\intermediates\loader\default cache by regenerate.
[2026-06-28T23:07:39.668] [DEBUG] debug-file - Update task entry:default@BuildJS input file:C:\Users\Solitary\Desktop\2\2\entry\build\default\intermediates\res\default\resources\rawfile cache by regenerate.
[2026-06-28T23:07:39.668] [DEBUG] debug-file - Update task entry:default@BuildJS input file:C:\Users\Solitary\Desktop\2\2\entry\build\default\intermediates\res\default\ResourceTable.txt cache by regenerate.
[2026-06-28T23:07:39.668] [DEBUG] debug-file - Update task entry:default@BuildJS input file:C:\Users\Solitary\Desktop\2\2\entry\build\default\intermediates\res\default\ark_module.json cache by regenerate.
[2026-06-28T23:07:39.669] [DEBUG] debug-file - Update task entry:default@BuildJS input file:C:\Users\Solitary\Desktop\2\2\entry\build\default\intermediates\res\default\resources\base\profile cache by regenerate.
[2026-06-28T23:07:39.669] [DEBUG] debug-file - Update task entry:default@BuildJS input file:C:\Users\Solitary\Desktop\2\2\entry\build\default\intermediates\loader\default\pkgContextInfo.json cache by regenerate.
[2026-06-28T23:07:39.669] [DEBUG] debug-file - Update task entry:default@BuildJS output file:C:\Users\Solitary\Desktop\2\2\entry\build\default\intermediates\loader_out\default\js cache.
[2026-06-28T23:07:39.669] [DEBUG] debug-file - Incremental task entry:default@BuildJS post-execution cost:3 ms .
[2026-06-28T23:07:39.669] [DEBUG] debug-file - Update task entry:default@CacheNativeLibs input file:C:\Users\Solitary\Desktop\2\2\entry\build\default\intermediates\stripped_native_libs\default cache by regenerate.
[2026-06-28T23:07:39.670] [DEBUG] debug-file - Update task entry:default@CacheNativeLibs input file:C:\Users\Solitary\Desktop\2\2\entry\build\default\intermediates\libs\default cache by regenerate.
[2026-06-28T23:07:39.670] [DEBUG] debug-file - Update task entry:default@CacheNativeLibs output file:C:\Users\Solitary\Desktop\2\2\entry\build\default\intermediates\patch\default\base_native_libs.json cache.
[2026-06-28T23:07:39.671] [DEBUG] debug-file - Update task entry:default@CacheNativeLibs output file:C:\Users\Solitary\Desktop\2\2\entry\build\default\intermediates\patch\default\binxo_native_libs.json cache.
[2026-06-28T23:07:39.671] [DEBUG] debug-file - Incremental task entry:default@CacheNativeLibs post-execution cost:2 ms .
[2026-06-28T23:07:39.671] [DEBUG] debug-file - Update task entry:default@GeneratePkgModuleJson input file:C:\Users\Solitary\Desktop\2\2\entry\build\default\intermediates\res\default\module.json cache by regenerate.
[2026-06-28T23:07:39.672] [DEBUG] debug-file - Update task entry:default@GeneratePkgModuleJson output file:C:\Users\Solitary\Desktop\2\2\entry\build\default\intermediates\package\default\module.json cache.
[2026-06-28T23:07:39.672] [DEBUG] debug-file - Incremental task entry:default@GeneratePkgModuleJson post-execution cost:1 ms .
[2026-06-28T23:07:39.672] [DEBUG] debug-file - Incremental task entry:default@ProcessCompiledResources post-execution cost:1 ms .
[2026-06-28T23:07:39.673] [DEBUG] debug-file - Update task entry:default@PackageHap input file:C:\Users\Solitary\Desktop\2\2\entry\build\default\intermediates\stripped_native_libs\default cache by regenerate.
[2026-06-28T23:07:39.673] [DEBUG] debug-file - Update task entry:default@PackageHap input file:C:\Users\Solitary\Desktop\2\2\entry\build\default\intermediates\res\default\module.json cache by regenerate.
[2026-06-28T23:07:39.673] [DEBUG] debug-file - Update task entry:default@PackageHap input file:C:\Users\Solitary\Desktop\2\2\entry\build\default\intermediates\res\default\resources cache by regenerate.
[2026-06-28T23:07:39.675] [DEBUG] debug-file - Update task entry:default@PackageHap input file:C:\Users\Solitary\Desktop\2\2\entry\build\default\intermediates\res\default\resources.index cache by regenerate.
[2026-06-28T23:07:39.676] [DEBUG] debug-file - Update task entry:default@PackageHap input file:C:\Users\Solitary\Desktop\2\2\entry\build\default\outputs\default\pack.info cache by regenerate.
[2026-06-28T23:07:39.676] [DEBUG] debug-file - Update task entry:default@PackageHap input file:C:\Users\Solitary\Desktop\2\2\entry\build\default\intermediates\loader_out\default\ets cache by regenerate.
[2026-06-28T23:07:39.676] [DEBUG] debug-file - Update task entry:default@PackageHap input file:C:\Users\Solitary\Desktop\2\2\entry\build\default\intermediates\loader\default\pkgContextInfo.json cache by regenerate.
[2026-06-28T23:07:39.676] [DEBUG] debug-file - Update task entry:default@PackageHap input file:C:\Users\Solitary\Desktop\2\2\entry\build\default\intermediates\loader_out\default\ets\sourceMaps.map cache by regenerate.
[2026-06-28T23:07:39.676] [DEBUG] debug-file - Update task entry:default@PackageHap input file:C:\Users\Solitary\Desktop\2\2\entry\build\default\generated\profile\default\BuildProfile.ets cache by regenerate.
[2026-06-28T23:07:39.677] [DEBUG] debug-file - Update task entry:default@PackageHap output file:C:\Users\Solitary\Desktop\2\2\entry\build\default\outputs\default\entry-default-unsigned.hap cache.
[2026-06-28T23:07:39.677] [DEBUG] debug-file - Update task entry:default@PackageHap output file:C:\Users\Solitary\Desktop\2\2\entry\build\default\intermediates\source_map\default\sourceMaps.map cache.
[2026-06-28T23:07:39.677] [DEBUG] debug-file - Update task entry:default@PackageHap output file:C:\Users\Solitary\Desktop\2\2\entry\build\default\outputs\default\mapping\sourceMaps.map cache.
[2026-06-28T23:07:39.677] [DEBUG] debug-file - Incremental task entry:default@PackageHap post-execution cost:6 ms .
[2026-06-28T23:07:39.678] [DEBUG] debug-file - Update task entry:default@SignHap input file:C:\Users\Solitary\Desktop\2\2\entry\build\default\outputs\default\entry-default-unsigned.hap cache by regenerate.
[2026-06-28T23:07:39.678] [DEBUG] debug-file - Update task entry:default@SignHap output file:C:\Users\Solitary\Desktop\2\2\entry\build\default\outputs\default\entry-default-signed.hap cache.
[2026-06-28T23:07:39.678] [DEBUG] debug-file - Incremental task entry:default@SignHap post-execution cost:1 ms .
[2026-06-28T23:07:39.679] [DEBUG] debug-file - Update task entry:default@CollectDebugSymbol input file:C:\Users\Solitary\Desktop\2\2\entry\build\default\intermediates\loader_out\default\ets\sourceMaps.map cache by regenerate.
[2026-06-28T23:07:39.679] [DEBUG] debug-file - Update task entry:default@CollectDebugSymbol input file:C:\Users\Solitary\Desktop\2\2\entry\build\default\intermediates\libs\default cache by regenerate.
[2026-06-28T23:07:39.679] [DEBUG] debug-file - Update task entry:default@CollectDebugSymbol output file:C:\Users\Solitary\Desktop\2\2\entry\build\default\outputs\default\symbol cache.
[2026-06-28T23:07:39.679] [DEBUG] debug-file - Incremental task entry:default@CollectDebugSymbol post-execution cost:1 ms .
[2026-06-28T23:07:39.722] [DEBUG] debug-file - Cleanup worker 0.
[2026-06-28T23:07:39.722] [DEBUG] debug-file - Worker 0 has been cleaned up.
[2026-06-28T23:07:39.722] [DEBUG] debug-file - Current idle worker size: 3.
[2026-06-28T23:07:39.722] [DEBUG] debug-file - Current resident worker size: 4.
[2026-06-28T23:07:39.722] [DEBUG] debug-file - Cleanup worker 1.
[2026-06-28T23:07:39.723] [DEBUG] debug-file - Worker 1 has been cleaned up.
[2026-06-28T23:07:39.723] [DEBUG] debug-file - Current idle worker size: 2.
[2026-06-28T23:07:39.723] [DEBUG] debug-file - Current resident worker size: 4.
[2026-06-28T23:07:39.723] [DEBUG] debug-file - Cleanup worker 22.
[2026-06-28T23:07:39.723] [DEBUG] debug-file - Worker 22 has been cleaned up.
[2026-06-28T23:07:39.723] [DEBUG] debug-file - Current idle worker size: 1.
[2026-06-28T23:07:39.723] [DEBUG] debug-file - Current resident worker size: 4.
[2026-06-28T23:07:39.723] [DEBUG] debug-file - hvigor build process will be closed.
[2026-06-28T23:07:39.730] [DEBUG] debug-file - session manager: send message to worker process.
[2026-06-28T23:07:39.730] [DEBUG] debug-file - session manager: send message to worker process.
[2026-06-28T23:07:39.730] [DEBUG] debug-file - watch worker: worker id should be larger than 0. Nothing will be sent to any worker thread.
[2026-06-28T23:07:39.730] [DEBUG] debug-file - watch worker: worker id should be larger than 0. Nothing will be sent to any worker thread.
[2026-06-28T23:07:39.733] [DEBUG] debug-file - worker[0] exits with exit code 1.
[2026-06-28T23:07:39.733] [DEBUG] debug-file - worker[1] exits with exit code 1.
[2026-06-28T23:07:39.743] [DEBUG] debug-file - worker[22] exits with exit code 1.
[2026-06-28T23:44:34.380] [DEBUG] debug-file - env: nodejsVersion=v18.20.1
[2026-06-28T23:44:34.443] [DEBUG] debug-file - env: daemon=true
[2026-06-28T23:44:34.383] [DEBUG] debug-file - env: hvigor-config.json5 content = {
  modelVersion: '6.0.0',
  dependencies: {},
  execution: {},
  logging: {},
  debugging: {},
  nodeOptions: {}
}
[2026-06-28T23:44:35.096] [DEBUG] debug-file - hvigor java daemon: Starting java daemon. jvmXmxValue=512m, jarPath=E:\DevEco Studio\tools\hvigor\hvigor\lib\hvigor-java-daemon.jar
[2026-06-28T23:44:35.096] [DEBUG] debug-file - hvigor java daemon: Read cache file, 
    port=45050, pid=18880, sessionId exists=true
[2026-06-28T23:44:35.108] [DEBUG] debug-file - hvigor java daemon: tryConnect failed, Error: connect ECONNREFUSED 127.0.0.1:45050, will start new daemon
[2026-06-28T23:44:35.112] [DEBUG] debug-file - java daemon started at port 45050 pid 40236
[2026-06-28T23:44:35.137] [DEBUG] debug-file - session manager: set active socket. socketId=FYy-kW3mrYAcbrQTAAAB
[2026-06-28T23:44:35.764] [DEBUG] debug-file - watch worker: worker id should be larger than 0. Nothing will be sent to any worker thread.
[2026-06-28T23:44:35.767] [DEBUG] debug-file - Since there is no instance or instance is terminated, create a new worker pool.
[2026-06-28T23:44:35.767] [DEBUG] debug-file - Worker pool is initialized with config:  {
  minPoolNum: 2,
  maxPoolNum: undefined,
  maxCoreSize: undefined,
  cacheCapacity: undefined,
  cacheTtl: undefined
}
[2026-06-28T23:44:35.768] [DEBUG] debug-file - Create  resident worker with id: 0.
[2026-06-28T23:44:35.769] [DEBUG] debug-file - Create  resident worker with id: 1.
[2026-06-28T23:44:35.771] [DEBUG] debug-file - Workers' log level updated to INFO
[2026-06-28T23:44:35.775] [DEBUG] debug-file - Hvigor init with startParameters:{
  hvigorfileTypeCheck: false,
  parallelExecution: true,
  incrementalExecution: true,
  printStackTrace: false,
  daemon: true,
  analyze: 0,
  logLevel: Level { level: 20000, levelStr: 'INFO', colour: 'green' },
  optimizationStrategy: 'memory',
  hotCompile: undefined,
  hotReloadBuild: undefined,
  customizedParam: undefined
}
[2026-06-28T23:44:35.781] [DEBUG] debug-file - Cache service initialization finished in 6 ms 
[2026-06-28T23:44:35.782] [DEBUG] debug-file - hvigorfile, resolving C:\Users\Solitary\Desktop\2\2\hvigorfile.ts
[2026-06-28T23:44:37.382] [DEBUG] debug-file - hvigorfile, require result:  { default: { plugins: [] } }
[2026-06-28T23:44:37.382] [DEBUG] debug-file - hvigorfile, binding system plugins null
[2026-06-28T23:44:37.382] [DEBUG] debug-file - Starting plugin build process
[2026-06-28T23:44:37.383] [DEBUG] debug-file - App plugin prepare start...
[2026-06-28T23:44:37.383] [DEBUG] debug-file - App plugin prepare end...
[2026-06-28T23:44:37.383] [DEBUG] debug-file - App plugin creating...
[2026-06-28T23:44:37.503] [DEBUG] debug-file - App plugin register hook start...
[2026-06-28T23:44:37.503] [DEBUG] debug-file - App plugin register hook end...
[2026-06-28T23:44:37.503] [DEBUG] debug-file - Plugin build process completed
[2026-06-28T23:44:37.504] [DEBUG] debug-file - Start initialize project's product build option map with build mode debug.
[2026-06-28T23:44:37.504] [DEBUG] debug-file - Picking option from product 'default' with build mode 'debug'.
[2026-06-28T23:44:37.504] [DEBUG] debug-file - Product 'default' build option initialized
[2026-06-28T23:44:37.504] [DEBUG] debug-file - End initialize project's product build option map with build mode 'debug'.
[2026-06-28T23:44:37.505] [DEBUG] debug-file - Obtain build option for product 'default'in this build.
[2026-06-28T23:44:37.507] [DEBUG] debug-file - No signingConfig found, initRemoteHspCache failed.
[2026-06-28T23:44:37.508] [DEBUG] debug-file - Local scan or download HarmonyOS sdk components toolchains,ets,js,native,previewer
[2026-06-28T23:44:37.510] [DEBUG] debug-file - Local scan or download hmscore sdk components toolchains,ets,native
[2026-06-28T23:44:37.511] [DEBUG] debug-file - Start recording SDK configuration permission data.
[2026-06-28T23:44:37.532] [DEBUG] debug-file - Sdk init in 25 ms 
[2026-06-28T23:44:37.535] [DEBUG] debug-file - Project task initialization takes 3 ms 
[2026-06-28T23:44:37.535] [DEBUG] debug-file - hvigorfile, begin to bind custom plugins...
[2026-06-28T23:44:37.535] [DEBUG] debug-file - hvigorfile, no custom plugins were found in C:\Users\Solitary\Desktop\2\2\hvigorfile.ts
[2026-06-28T23:44:37.535] [DEBUG] debug-file - hvigorfile, resolve finished C:\Users\Solitary\Desktop\2\2\hvigorfile.ts
[2026-06-28T23:44:37.536] [DEBUG] debug-file - hvigorfile, resolving C:\Users\Solitary\Desktop\2\2\entry\hvigorfile.ts
[2026-06-28T23:44:37.540] [DEBUG] debug-file - hvigorfile, require result:  { default: { plugins: [] } }
[2026-06-28T23:44:37.540] [DEBUG] debug-file - hvigorfile, binding system plugins null
[2026-06-28T23:44:37.540] [DEBUG] debug-file - Starting plugin build process
[2026-06-28T23:44:37.540] [DEBUG] debug-file - Hap plugin creating...
[2026-06-28T23:44:37.541] [DEBUG] debug-file - failed to load cangjie to dynamically generate schemas: Error: Cannot find module '@ohos/cangjie-build-support/index'
Require stack:
- E:\DevEco Studio\tools\hvigor\hvigor-ohos-plugin\src\plugin\hooks\cangjie-register.js
- E:\DevEco Studio\tools\hvigor\hvigor-ohos-plugin\src\plugin\strategy\stage-init-strategy.js
- E:\DevEco Studio\tools\hvigor\hvigor-ohos-plugin\src\plugin\builder\abstract-plugin-builder.js
- E:\DevEco Studio\tools\hvigor\hvigor-ohos-plugin\src\plugin\builder\app-plugin-builder.js
- E:\DevEco Studio\tools\hvigor\hvigor-ohos-plugin\src\plugin\factory\plugin-factory.js
- E:\DevEco Studio\tools\hvigor\hvigor-ohos-plugin\index.js
- C:\Users\Solitary\Desktop\2\2\hvigorfile.ts
- E:\DevEco Studio\tools\hvigor\hvigor\src\base\internal\lifecycle\configuration.js
- E:\DevEco Studio\tools\hvigor\hvigor\src\base\boot\index.js
- E:\DevEco Studio\tools\hvigor\hvigor\src\base\daemon\cluster\worker-process-lifecycle.js
- E:\DevEco Studio\tools\hvigor\hvigor\src\base\daemon\process\daemon-process-boot-script.js
[2026-06-28T23:44:37.552] [DEBUG] debug-file - Start initialize module-target build option map, moduleName=entry, buildMode=release
[2026-06-28T23:44:37.552] [DEBUG] debug-file - Target 'default' config initialized
[2026-06-28T23:44:37.552] [DEBUG] debug-file - Module 'entry' target 'default' build option initialized
[2026-06-28T23:44:37.553] [DEBUG] debug-file - End initialize module-target build option map, moduleName=entry
[2026-06-28T23:44:37.553] [DEBUG] debug-file - Start initialize module-target build option map, moduleName=entry, buildMode=debug
[2026-06-28T23:44:37.553] [DEBUG] debug-file - Target 'default' config initialized
[2026-06-28T23:44:37.553] [DEBUG] debug-file - Module 'entry' target 'default' build option initialized
[2026-06-28T23:44:37.553] [DEBUG] debug-file - End initialize module-target build option map, moduleName=entry
[2026-06-28T23:44:37.553] [DEBUG] debug-file - Start initialize module-target build option map, moduleName=entry, buildMode=debug
[2026-06-28T23:44:37.553] [DEBUG] debug-file - Target 'default' config initialized
[2026-06-28T23:44:37.553] [DEBUG] debug-file - Module 'entry' target 'default' build option initialized
[2026-06-28T23:44:37.553] [DEBUG] debug-file - End initialize module-target build option map, moduleName=entry
[2026-06-28T23:44:37.553] [DEBUG] debug-file - Obtain build option for module 'entry' target 'default'in this build.
[2026-06-28T23:44:37.556] [DEBUG] debug-file - Module entry task initialization takes 3 ms 
[2026-06-28T23:44:37.556] [DEBUG] debug-file - Hap plugin register hook start...
[2026-06-28T23:44:37.556] [DEBUG] debug-file - Hap plugin register hook end...
[2026-06-28T23:44:37.556] [DEBUG] debug-file - Plugin build process completed
[2026-06-28T23:44:37.556] [DEBUG] debug-file - hvigorfile, begin to bind custom plugins...
[2026-06-28T23:44:37.556] [DEBUG] debug-file - hvigorfile, no custom plugins were found in C:\Users\Solitary\Desktop\2\2\entry\hvigorfile.ts
[2026-06-28T23:44:37.556] [DEBUG] debug-file - hvigorfile, resolve finished C:\Users\Solitary\Desktop\2\2\entry\hvigorfile.ts
[2026-06-28T23:44:37.568] [DEBUG] debug-file - hvigorfile, resolve hvigorfile dependencies in 12 ms 
[2026-06-28T23:44:37.568] [DEBUG] debug-file - project has submodules:entry
[2026-06-28T23:44:37.569] [DEBUG] debug-file - start to load updatedOhPackageInfo to the disk
[2026-06-28T23:44:37.571] [DEBUG] debug-file - load to the disk finished
[2026-06-28T23:44:37.571] [DEBUG] debug-file - Start to initialize dependency information.
[2026-06-28T23:44:37.572] [DEBUG] debug-file - Module 2 Collected Dependency: 
[2026-06-28T23:44:37.572] [DEBUG] debug-file - Module 2's total dependency: 0
[2026-06-28T23:44:37.573] [DEBUG] debug-file - Start to initialize dependency information.
[2026-06-28T23:44:37.576] [DEBUG] debug-file - Module entry Collected Dependency: 
[2026-06-28T23:44:37.576] [DEBUG] debug-file - Module entry's total dependency: 0
[2026-06-28T23:44:37.582] [DEBUG] debug-file - Configuration phase cost:1 s 802 ms 
[2026-06-28T23:44:37.584] [DEBUG] debug-file - Configuration task cost before running: 1 s 813 ms 
[2026-06-28T23:44:37.584] [DEBUG] debug-file - Executing task :entry:init
[2026-06-28T23:44:37.584] [DEBUG] debug-file - entry : init cost memory 0.0164642333984375
[2026-06-28T23:44:37.584] [DEBUG] debug-file - runTaskFromQueue task cost before running: 1 s 813 ms 
[2026-06-28T23:44:37.584] [INFO] debug-file - Finished :entry:init... after 1 ms 
[2026-06-28T23:44:37.585] [DEBUG] debug-file - Executing task ::init
[2026-06-28T23:44:37.585] [DEBUG] debug-file - 2 : init cost memory 0.014190673828125
[2026-06-28T23:44:37.585] [DEBUG] debug-file - runTaskFromQueue task cost before running: 1 s 814 ms 
[2026-06-28T23:44:37.585] [INFO] debug-file - Finished ::init... after 1 ms 
[2026-06-28T23:44:37.596] [DEBUG] debug-file - Obtain build option for module 'entry' target 'default'in this build.
[2026-06-28T23:44:37.600] [DEBUG] debug-file - Cleanup worker 0.
[2026-06-28T23:44:37.600] [DEBUG] debug-file - Worker 0 has been cleaned up.
[2026-06-28T23:44:37.600] [DEBUG] debug-file - Current idle worker size: 1.
[2026-06-28T23:44:37.600] [DEBUG] debug-file - Current resident worker size: 2.
[2026-06-28T23:44:37.600] [DEBUG] debug-file - Cleanup worker 1.
[2026-06-28T23:44:37.601] [DEBUG] debug-file - Worker 1 has been cleaned up.
[2026-06-28T23:44:37.601] [DEBUG] debug-file - Current idle worker size: 0.
[2026-06-28T23:44:37.601] [DEBUG] debug-file - Current resident worker size: 2.
[2026-06-28T23:44:37.601] [DEBUG] debug-file - hvigor build process will be closed.
[2026-06-28T23:44:37.602] [DEBUG] debug-file - session manager: send message to worker process.
[2026-06-28T23:44:37.602] [DEBUG] debug-file - session manager: send message to worker process.
[2026-06-28T23:44:37.603] [DEBUG] debug-file - watch worker: worker id should be larger than 0. Nothing will be sent to any worker thread.
[2026-06-28T23:44:37.603] [DEBUG] debug-file - watch worker: worker id should be larger than 0. Nothing will be sent to any worker thread.
[2026-06-28T23:44:37.608] [DEBUG] debug-file - worker[0] exits with exit code 1.
[2026-06-28T23:44:37.608] [DEBUG] debug-file - worker[1] exits with exit code 1.
[2026-06-28T23:44:47.452] [DEBUG] debug-file - session manager: set active socket. socketId=E0Wes6fczcurZZyxAAAD
[2026-06-28T23:44:47.465] [DEBUG] debug-file - watch worker: worker id should be larger than 0. Nothing will be sent to any worker thread.
[2026-06-28T23:44:47.468] [DEBUG] debug-file - Workers' log level updated to INFO
[2026-06-28T23:44:47.472] [DEBUG] debug-file - Hvigor init with startParameters:{
  hvigorfileTypeCheck: false,
  parallelExecution: true,
  incrementalExecution: true,
  printStackTrace: false,
  daemon: true,
  analyze: 0,
  logLevel: Level { level: 20000, levelStr: 'INFO', colour: 'green' },
  optimizationStrategy: 'memory',
  hotCompile: undefined,
  hotReloadBuild: undefined,
  customizedParam: undefined
}
[2026-06-28T23:44:47.478] [DEBUG] debug-file - Cache service initialization finished in 6 ms 
[2026-06-28T23:44:47.478] [DEBUG] debug-file - hvigorfile, resolving C:\Users\Solitary\Desktop\2\2\hvigorfile.ts
[2026-06-28T23:44:47.484] [DEBUG] debug-file - hvigorfile, require result:  { default: { plugins: [] } }
[2026-06-28T23:44:47.485] [DEBUG] debug-file - hvigorfile, binding system plugins null
[2026-06-28T23:44:47.485] [DEBUG] debug-file - Starting plugin build process
[2026-06-28T23:44:47.485] [DEBUG] debug-file - App plugin prepare start...
[2026-06-28T23:44:47.485] [DEBUG] debug-file - App plugin prepare end...
[2026-06-28T23:44:47.485] [DEBUG] debug-file - App plugin creating...
[2026-06-28T23:44:47.491] [DEBUG] debug-file - App plugin register hook start...
[2026-06-28T23:44:47.491] [DEBUG] debug-file - App plugin register hook end...
[2026-06-28T23:44:47.491] [DEBUG] debug-file - Plugin build process completed
[2026-06-28T23:44:47.492] [DEBUG] debug-file - Start initialize project's product build option map with build mode debug.
[2026-06-28T23:44:47.492] [DEBUG] debug-file - Picking option from product 'default' with build mode 'debug'.
[2026-06-28T23:44:47.492] [DEBUG] debug-file - Product 'default' build option initialized
[2026-06-28T23:44:47.492] [DEBUG] debug-file - End initialize project's product build option map with build mode 'debug'.
[2026-06-28T23:44:47.493] [DEBUG] debug-file - Obtain build option for product 'default'in this build.
[2026-06-28T23:44:47.494] [DEBUG] debug-file - No signingConfig found, initRemoteHspCache failed.
[2026-06-28T23:44:47.498] [DEBUG] debug-file - Start recording SDK configuration permission data.
[2026-06-28T23:44:47.514] [DEBUG] debug-file - Sdk init in 20 ms 
[2026-06-28T23:44:47.517] [DEBUG] debug-file - Project task initialization takes 3 ms 
[2026-06-28T23:44:47.517] [DEBUG] debug-file - hvigorfile, begin to bind custom plugins...
[2026-06-28T23:44:47.517] [DEBUG] debug-file - hvigorfile, no custom plugins were found in C:\Users\Solitary\Desktop\2\2\hvigorfile.ts
[2026-06-28T23:44:47.517] [DEBUG] debug-file - hvigorfile, resolve finished C:\Users\Solitary\Desktop\2\2\hvigorfile.ts
[2026-06-28T23:44:47.518] [DEBUG] debug-file - hvigorfile, resolving C:\Users\Solitary\Desktop\2\2\entry\hvigorfile.ts
[2026-06-28T23:44:47.521] [DEBUG] debug-file - hvigorfile, require result:  { default: { plugins: [] } }
[2026-06-28T23:44:47.521] [DEBUG] debug-file - hvigorfile, binding system plugins null
[2026-06-28T23:44:47.521] [DEBUG] debug-file - Starting plugin build process
[2026-06-28T23:44:47.521] [DEBUG] debug-file - Hap plugin creating...
[2026-06-28T23:44:47.522] [DEBUG] debug-file - failed to load cangjie to dynamically generate schemas: Error: Cannot find module '@ohos/cangjie-build-support/index'
Require stack:
- E:\DevEco Studio\tools\hvigor\hvigor-ohos-plugin\src\plugin\hooks\cangjie-register.js
- E:\DevEco Studio\tools\hvigor\hvigor-ohos-plugin\src\plugin\strategy\stage-init-strategy.js
- E:\DevEco Studio\tools\hvigor\hvigor-ohos-plugin\src\plugin\builder\abstract-plugin-builder.js
- E:\DevEco Studio\tools\hvigor\hvigor-ohos-plugin\src\plugin\builder\app-plugin-builder.js
- E:\DevEco Studio\tools\hvigor\hvigor-ohos-plugin\src\plugin\factory\plugin-factory.js
- E:\DevEco Studio\tools\hvigor\hvigor-ohos-plugin\index.js
- C:\Users\Solitary\Desktop\2\2\hvigorfile.ts
- E:\DevEco Studio\tools\hvigor\hvigor\src\base\internal\lifecycle\configuration.js
- E:\DevEco Studio\tools\hvigor\hvigor\src\base\boot\index.js
- E:\DevEco Studio\tools\hvigor\hvigor\src\base\daemon\cluster\worker-process-lifecycle.js
- E:\DevEco Studio\tools\hvigor\hvigor\src\base\daemon\process\daemon-process-boot-script.js
[2026-06-28T23:44:47.524] [DEBUG] debug-file - Start initialize module-target build option map, moduleName=entry, buildMode=release
[2026-06-28T23:44:47.524] [DEBUG] debug-file - Target 'default' config initialized
[2026-06-28T23:44:47.524] [DEBUG] debug-file - Module 'entry' target 'default' build option initialized
[2026-06-28T23:44:47.525] [DEBUG] debug-file - End initialize module-target build option map, moduleName=entry
[2026-06-28T23:44:47.525] [DEBUG] debug-file - Start initialize module-target build option map, moduleName=entry, buildMode=debug
[2026-06-28T23:44:47.525] [DEBUG] debug-file - Target 'default' config initialized
[2026-06-28T23:44:47.525] [DEBUG] debug-file - Module 'entry' target 'default' build option initialized
[2026-06-28T23:44:47.525] [DEBUG] debug-file - End initialize module-target build option map, moduleName=entry
[2026-06-28T23:44:47.525] [DEBUG] debug-file - Start initialize module-target build option map, moduleName=entry, buildMode=debug
[2026-06-28T23:44:47.525] [DEBUG] debug-file - Target 'default' config initialized
[2026-06-28T23:44:47.525] [DEBUG] debug-file - Module 'entry' target 'default' build option initialized
[2026-06-28T23:44:47.526] [DEBUG] debug-file - End initialize module-target build option map, moduleName=entry
[2026-06-28T23:44:47.526] [DEBUG] debug-file - Obtain build option for module 'entry' target 'default'in this build.
[2026-06-28T23:44:47.527] [DEBUG] debug-file - Module entry task initialization takes 1 ms 
[2026-06-28T23:44:47.527] [DEBUG] debug-file - Hap plugin register hook start...
[2026-06-28T23:44:47.527] [DEBUG] debug-file - Hap plugin register hook end...
[2026-06-28T23:44:47.527] [DEBUG] debug-file - Plugin build process completed
[2026-06-28T23:44:47.527] [DEBUG] debug-file - hvigorfile, begin to bind custom plugins...
[2026-06-28T23:44:47.527] [DEBUG] debug-file - hvigorfile, no custom plugins were found in C:\Users\Solitary\Desktop\2\2\entry\hvigorfile.ts
[2026-06-28T23:44:47.527] [DEBUG] debug-file - hvigorfile, resolve finished C:\Users\Solitary\Desktop\2\2\entry\hvigorfile.ts
[2026-06-28T23:44:47.541] [DEBUG] debug-file - hvigorfile, resolve hvigorfile dependencies in 14 ms 
[2026-06-28T23:44:47.541] [DEBUG] debug-file - project has submodules:entry
[2026-06-28T23:44:47.543] [DEBUG] debug-file - start to load updatedOhPackageInfo to the disk
[2026-06-28T23:44:47.544] [DEBUG] debug-file - load to the disk finished
[2026-06-28T23:44:47.544] [DEBUG] debug-file - Start to initialize dependency information.
[2026-06-28T23:44:47.545] [DEBUG] debug-file - Module 2 Collected Dependency: 
[2026-06-28T23:44:47.545] [DEBUG] debug-file - Module 2's total dependency: 0
[2026-06-28T23:44:47.545] [DEBUG] debug-file - Start to initialize dependency information.
[2026-06-28T23:44:47.546] [DEBUG] debug-file - Module entry Collected Dependency: 
[2026-06-28T23:44:47.546] [DEBUG] debug-file - Module entry's total dependency: 0
[2026-06-28T23:44:47.548] [DEBUG] debug-file - Configuration phase cost:70 ms 
[2026-06-28T23:44:47.549] [DEBUG] debug-file - Configuration task cost before running: 80 ms 
[2026-06-28T23:44:47.553] [DEBUG] debug-file - Executing task :entry:default@PreBuild
[2026-06-28T23:44:47.555] [DEBUG] debug-file - Task 'entry:default@PreBuild' cost while wrapping incremental declarations: 1 ms 
[2026-06-28T23:44:47.561] [DEBUG] debug-file - Incremental task entry:default@PreBuild pre-execution cost: 5 ms .
[2026-06-28T23:44:47.561] [DEBUG] debug-file - entry : default@PreBuild cost memory 0.8364486694335938
[2026-06-28T23:44:47.563] [INFO] debug-file - UP-TO-DATE :entry:default@PreBuild...  
[2026-06-28T23:44:47.564] [DEBUG] debug-file - Executing task :entry:default@CreateModuleInfo
[2026-06-28T23:44:47.564] [DEBUG] debug-file - Task 'entry:default@CreateModuleInfo' cost while wrapping incremental declarations: 1 ms 
[2026-06-28T23:44:47.564] [DEBUG] debug-file - entry : default@CreateModuleInfo cost memory 0.04204559326171875
[2026-06-28T23:44:47.564] [DEBUG] debug-file - runTaskFromQueue task cost before running: 96 ms 
[2026-06-28T23:44:47.565] [INFO] debug-file - Finished :entry:default@CreateModuleInfo... after 1 ms 
[2026-06-28T23:44:47.565] [DEBUG] debug-file - Executing task :entry:default@GenerateMetadata
[2026-06-28T23:44:47.566] [DEBUG] debug-file - Task 'entry:default@GenerateMetadata' cost while wrapping incremental declarations: 1 ms 
[2026-06-28T23:44:47.567] [DEBUG] debug-file - Incremental task entry:default@GenerateMetadata pre-execution cost: 1 ms .
[2026-06-28T23:44:47.567] [DEBUG] debug-file - entry : default@GenerateMetadata cost memory 0.08797454833984375
[2026-06-28T23:44:47.567] [INFO] debug-file - UP-TO-DATE :entry:default@GenerateMetadata...  
[2026-06-28T23:44:47.567] [DEBUG] debug-file - Executing task :entry:default@ConfigureCmake
[2026-06-28T23:44:47.568] [DEBUG] debug-file - entry : default@ConfigureCmake cost memory 0.0146636962890625
[2026-06-28T23:44:47.568] [DEBUG] debug-file - runTaskFromQueue task cost before running: 99 ms 
[2026-06-28T23:44:47.568] [INFO] debug-file - Finished :entry:default@ConfigureCmake... after 1 ms 
[2026-06-28T23:44:47.568] [DEBUG] debug-file - Executing task :entry:default@MergeProfile
[2026-06-28T23:44:47.569] [DEBUG] debug-file - Task 'entry:default@MergeProfile' cost while wrapping incremental declarations: 1 ms 
[2026-06-28T23:44:47.570] [DEBUG] debug-file - Incremental task entry:default@MergeProfile pre-execution cost: 1 ms .
[2026-06-28T23:44:47.570] [DEBUG] debug-file - entry : default@MergeProfile cost memory 0.12953948974609375
[2026-06-28T23:44:47.570] [INFO] debug-file - UP-TO-DATE :entry:default@MergeProfile...  
[2026-06-28T23:44:47.571] [DEBUG] debug-file - Executing task :entry:default@CreateBuildProfile
[2026-06-28T23:44:47.571] [DEBUG] debug-file - Task 'entry:default@CreateBuildProfile' cost while wrapping incremental declarations: 1 ms 
[2026-06-28T23:44:47.572] [DEBUG] debug-file - Incremental task entry:default@CreateBuildProfile pre-execution cost: 1 ms .
[2026-06-28T23:44:47.572] [DEBUG] debug-file - entry : default@CreateBuildProfile cost memory 0.10869598388671875
[2026-06-28T23:44:47.572] [INFO] debug-file - UP-TO-DATE :entry:default@CreateBuildProfile...  
[2026-06-28T23:44:47.572] [DEBUG] debug-file - Executing task :entry:default@PreCheckSyscap
[2026-06-28T23:44:47.572] [DEBUG] debug-file - entry : default@PreCheckSyscap cost memory 0.01471710205078125
[2026-06-28T23:44:47.572] [DEBUG] debug-file - runTaskFromQueue task cost before running: 104 ms 
[2026-06-28T23:44:47.573] [INFO] debug-file - Finished :entry:default@PreCheckSyscap... after 1 ms 
[2026-06-28T23:44:47.573] [DEBUG] debug-file - Executing task :entry:default@GeneratePkgContextInfo
[2026-06-28T23:44:47.579] [DEBUG] debug-file - Task 'entry:default@GeneratePkgContextInfo' cost while wrapping incremental declarations: 1 ms 
[2026-06-28T23:44:47.580] [DEBUG] debug-file - Incremental task entry:default@GeneratePkgContextInfo pre-execution cost: 1 ms .
[2026-06-28T23:44:47.580] [DEBUG] debug-file - entry : default@GeneratePkgContextInfo cost memory 0.26772308349609375
[2026-06-28T23:44:47.580] [INFO] debug-file - UP-TO-DATE :entry:default@GeneratePkgContextInfo...  
[2026-06-28T23:44:47.581] [DEBUG] debug-file - Executing task :entry:default@GeneratePkgSdkInfo
[2026-06-28T23:44:47.582] [DEBUG] debug-file - Task 'entry:default@GeneratePkgSdkInfo' cost while wrapping incremental declarations: 1 ms 
[2026-06-28T23:44:47.582] [DEBUG] debug-file - entry : default@GeneratePkgSdkInfo cost memory 0.10750579833984375
[2026-06-28T23:44:47.582] [DEBUG] debug-file - runTaskFromQueue task cost before running: 114 ms 
[2026-06-28T23:44:47.582] [INFO] debug-file - Finished :entry:default@GeneratePkgSdkInfo... after 2 ms 
[2026-06-28T23:44:47.584] [DEBUG] debug-file - Executing task :entry:default@ProcessIntegratedHsp
[2026-06-28T23:44:47.585] [DEBUG] debug-file - entry:default@ProcessIntegratedHsp is not up-to-date, since the output file 'C:\Users\Solitary\Desktop\2\2\build\cache\default\integrated_hsp\integratedHspCache.json' does not exist.
[2026-06-28T23:44:47.585] [DEBUG] debug-file - Incremental task entry:default@ProcessIntegratedHsp pre-execution cost: 1 ms .
[2026-06-28T23:44:47.585] [DEBUG] debug-file - entry : default@ProcessIntegratedHsp cost memory 0.0583648681640625
[2026-06-28T23:44:47.585] [DEBUG] debug-file - runTaskFromQueue task cost before running: 117 ms 
[2026-06-28T23:44:47.585] [INFO] debug-file - Finished :entry:default@ProcessIntegratedHsp... after 1 ms 
[2026-06-28T23:44:47.586] [DEBUG] debug-file - Executing task :entry:default@BuildNativeWithCmake
[2026-06-28T23:44:47.586] [DEBUG] debug-file - entry : default@BuildNativeWithCmake cost memory 0.26050567626953125
[2026-06-28T23:44:47.586] [DEBUG] debug-file - runTaskFromQueue task cost before running: 118 ms 
[2026-06-28T23:44:47.586] [INFO] debug-file - Finished :entry:default@BuildNativeWithCmake... after 1 ms 
[2026-06-28T23:44:47.586] [DEBUG] debug-file - Executing task :entry:default@MakePackInfo
[2026-06-28T23:44:47.588] [DEBUG] debug-file - Incremental task entry:default@MakePackInfo pre-execution cost: 1 ms .
[2026-06-28T23:44:47.588] [DEBUG] debug-file - entry : default@MakePackInfo cost memory 0.1366424560546875
[2026-06-28T23:44:47.588] [INFO] debug-file - UP-TO-DATE :entry:default@MakePackInfo...  
[2026-06-28T23:44:47.589] [DEBUG] debug-file - Executing task :entry:default@SyscapTransform
[2026-06-28T23:44:47.589] [DEBUG] debug-file - File: 'C:\Users\Solitary\Desktop\2\2\entry\src\main\syscap.json' from 'sysCapJsonPath' is not exists, just ignore.
[2026-06-28T23:44:47.590] [DEBUG] debug-file - Task 'entry:default@SyscapTransform' cost while wrapping incremental declarations: 1 ms 
[2026-06-28T23:44:47.597] [DEBUG] debug-file - entry:default@SyscapTransform is not up-to-date, since the output file 'C:\Users\Solitary\Desktop\2\2\entry\build\default\intermediates\syscap\default\rpcid.sc' does not exist.
[2026-06-28T23:44:47.597] [DEBUG] debug-file - Incremental task entry:default@SyscapTransform pre-execution cost: 8 ms .
[2026-06-28T23:44:47.597] [DEBUG] debug-file - entry : default@SyscapTransform cost memory 0.17063140869140625
[2026-06-28T23:44:47.597] [DEBUG] debug-file - runTaskFromQueue task cost before running: 129 ms 
[2026-06-28T23:44:47.598] [INFO] debug-file - Finished :entry:default@SyscapTransform... after 9 ms 
[2026-06-28T23:44:47.599] [DEBUG] debug-file - Executing task :entry:default@ProcessProfile
[2026-06-28T23:44:47.601] [DEBUG] debug-file - Task 'entry:default@ProcessProfile' cost while wrapping incremental declarations: 1 ms 
[2026-06-28T23:44:47.602] [DEBUG] debug-file - Incremental task entry:default@ProcessProfile pre-execution cost: 1 ms .
[2026-06-28T23:44:47.602] [DEBUG] debug-file - entry : default@ProcessProfile cost memory 0.136322021484375
[2026-06-28T23:44:47.602] [INFO] debug-file - UP-TO-DATE :entry:default@ProcessProfile...  
[2026-06-28T23:44:47.603] [DEBUG] debug-file - Executing task :entry:default@ProcessRouterMap
[2026-06-28T23:44:47.605] [DEBUG] debug-file - Incremental task entry:default@ProcessRouterMap pre-execution cost: 2 ms .
[2026-06-28T23:44:47.605] [DEBUG] debug-file - entry : default@ProcessRouterMap cost memory 0.1737823486328125
[2026-06-28T23:44:47.606] [INFO] debug-file - UP-TO-DATE :entry:default@ProcessRouterMap...  
[2026-06-28T23:44:47.606] [DEBUG] debug-file - Executing task :entry:default@ProcessShareConfig
[2026-06-28T23:44:47.608] [DEBUG] debug-file - Incremental task entry:default@ProcessShareConfig pre-execution cost: 1 ms .
[2026-06-28T23:44:47.608] [DEBUG] debug-file - entry : default@ProcessShareConfig cost memory 0.14530181884765625
[2026-06-28T23:44:47.608] [INFO] debug-file - UP-TO-DATE :entry:default@ProcessShareConfig...  
[2026-06-28T23:44:47.608] [DEBUG] debug-file - Executing task :entry:default@ProcessStartupConfig
[2026-06-28T23:44:47.609] [DEBUG] debug-file - Task 'entry:default@ProcessStartupConfig' cost while wrapping incremental declarations: 1 ms 
[2026-06-28T23:44:47.609] [DEBUG] debug-file - entry:default@ProcessStartupConfig is not up-to-date, since the output file 'C:\Users\Solitary\Desktop\2\2\entry\build\default\intermediates\startup\default\startup_config.json' does not exist.
[2026-06-28T23:44:47.609] [DEBUG] debug-file - Incremental task entry:default@ProcessStartupConfig pre-execution cost: 1 ms .
[2026-06-28T23:44:47.610] [DEBUG] debug-file - entry : default@ProcessStartupConfig cost memory 0.13335418701171875
[2026-06-28T23:44:47.610] [DEBUG] debug-file - runTaskFromQueue task cost before running: 142 ms 
[2026-06-28T23:44:47.610] [INFO] debug-file - Finished :entry:default@ProcessStartupConfig... after 2 ms 
[2026-06-28T23:44:47.611] [DEBUG] debug-file - Executing task :entry:default@BuildNativeWithNinja
[2026-06-28T23:44:47.611] [DEBUG] debug-file - entry : default@BuildNativeWithNinja cost memory 0.02132415771484375
[2026-06-28T23:44:47.611] [DEBUG] debug-file - runTaskFromQueue task cost before running: 143 ms 
[2026-06-28T23:44:47.611] [INFO] debug-file - Finished :entry:default@BuildNativeWithNinja... after 1 ms 
[2026-06-28T23:44:47.612] [DEBUG] debug-file - restool module names: entry; moduleName=entry, taskName=default@ProcessResource
[2026-06-28T23:44:47.613] [DEBUG] debug-file - Executing task :entry:default@ProcessResource
[2026-06-28T23:44:47.613] [DEBUG] debug-file - Task 'entry:default@ProcessResource' cost while wrapping incremental declarations: 1 ms 
[2026-06-28T23:44:47.614] [DEBUG] debug-file - Incremental task entry:default@ProcessResource pre-execution cost: 1 ms .
[2026-06-28T23:44:47.615] [DEBUG] debug-file - entry : default@ProcessResource cost memory 0.14394378662109375
[2026-06-28T23:44:47.616] [INFO] debug-file - UP-TO-DATE :entry:default@ProcessResource...  
[2026-06-28T23:44:47.617] [DEBUG] debug-file - Executing task :entry:default@GenerateLoaderJson
[2026-06-28T23:44:47.618] [DEBUG] debug-file - Task 'entry:default@GenerateLoaderJson' cost while wrapping incremental declarations: 1 ms 
[2026-06-28T23:44:47.624] [DEBUG] debug-file - Incremental task entry:default@GenerateLoaderJson pre-execution cost: 4 ms .
[2026-06-28T23:44:47.624] [DEBUG] debug-file - entry : default@GenerateLoaderJson cost memory 0.5081710815429688
[2026-06-28T23:44:47.626] [INFO] debug-file - UP-TO-DATE :entry:default@GenerateLoaderJson...  
[2026-06-28T23:44:47.627] [DEBUG] debug-file - Executing task :entry:default@ProcessLibs
[2026-06-28T23:44:47.630] [DEBUG] debug-file - Incremental task entry:default@ProcessLibs pre-execution cost: 1 ms .
[2026-06-28T23:44:47.630] [DEBUG] debug-file - entry : default@ProcessLibs cost memory -2.8728103637695312
[2026-06-28T23:44:47.630] [INFO] debug-file - UP-TO-DATE :entry:default@ProcessLibs...  
[2026-06-28T23:44:47.631] [DEBUG] debug-file - restool module names: entry; moduleName=entry, taskName=default@CompileResource
[2026-06-28T23:44:47.631] [DEBUG] debug-file - Executing task :entry:default@CompileResource
[2026-06-28T23:44:47.642] [DEBUG] debug-file - Incremental task entry:default@CompileResource pre-execution cost: 10 ms .
[2026-06-28T23:44:47.642] [DEBUG] debug-file - entry : default@CompileResource cost memory 1.1084213256835938
[2026-06-28T23:44:47.643] [INFO] debug-file - UP-TO-DATE :entry:default@CompileResource...  
[2026-06-28T23:44:47.644] [DEBUG] debug-file - Executing task :entry:default@DoNativeStrip
[2026-06-28T23:44:47.644] [DEBUG] debug-file - File: 'C:\Users\Solitary\Desktop\2\2\entry\build\default\intermediates\binxo\default' from 'doBinxoNativeLibs' is not exists, just ignore.
[2026-06-28T23:44:47.644] [DEBUG] debug-file - Task 'entry:default@DoNativeStrip' cost while wrapping incremental declarations: 1 ms 
[2026-06-28T23:44:47.646] [DEBUG] debug-file - Incremental task entry:default@DoNativeStrip pre-execution cost: 2 ms .
[2026-06-28T23:44:47.646] [DEBUG] debug-file - entry : default@DoNativeStrip cost memory 0.10048675537109375
[2026-06-28T23:44:47.646] [INFO] debug-file - UP-TO-DATE :entry:default@DoNativeStrip...  
[2026-06-28T23:44:47.649] [DEBUG] debug-file - Executing task :entry:default@CompileArkTS
[2026-06-28T23:44:47.650] [DEBUG] debug-file - obfuscationOptions: undefined
[2026-06-28T23:44:47.651] [DEBUG] debug-file - Task 'entry:default@CompileArkTS' cost while wrapping incremental declarations: 1 ms 
[2026-06-28T23:44:47.659] [DEBUG] debug-file - Incremental task entry:default@CompileArkTS pre-execution cost: 7 ms .
[2026-06-28T23:44:47.659] [DEBUG] debug-file - entry : default@CompileArkTS cost memory 0.788787841796875
[2026-06-28T23:44:47.660] [INFO] debug-file - UP-TO-DATE :entry:default@CompileArkTS...  
[2026-06-28T23:44:47.661] [DEBUG] debug-file - Executing task :entry:default@BuildJS
[2026-06-28T23:44:47.661] [DEBUG] debug-file - Task 'entry:default@BuildJS' cost while wrapping incremental declarations: 1 ms 
[2026-06-28T23:44:47.663] [DEBUG] debug-file - entry : default@BuildJS cost memory 0.16399383544921875
[2026-06-28T23:44:47.663] [DEBUG] debug-file - runTaskFromQueue task cost before running: 194 ms 
[2026-06-28T23:44:47.663] [INFO] debug-file - Finished :entry:default@BuildJS... after 2 ms 
[2026-06-28T23:44:47.663] [DEBUG] debug-file - Executing task :entry:default@CacheNativeLibs
[2026-06-28T23:44:47.664] [DEBUG] debug-file - File: 'C:\Users\Solitary\Desktop\2\2\entry\build\default\intermediates\binxo\default' from 'cacheBinxoNativeLibs' is not exists, just ignore.
[2026-06-28T23:44:47.664] [DEBUG] debug-file - Task 'entry:default@CacheNativeLibs' cost while wrapping incremental declarations: 1 ms 
[2026-06-28T23:44:47.665] [DEBUG] debug-file - Incremental task entry:default@CacheNativeLibs pre-execution cost: 1 ms .
[2026-06-28T23:44:47.665] [DEBUG] debug-file - entry : default@CacheNativeLibs cost memory 0.12744140625
[2026-06-28T23:44:47.665] [INFO] debug-file - UP-TO-DATE :entry:default@CacheNativeLibs...  
[2026-06-28T23:44:47.665] [DEBUG] debug-file - Executing task :entry:default@GeneratePkgModuleJson
[2026-06-28T23:44:47.665] [DEBUG] debug-file - File: 'C:\Users\Solitary\Desktop\2\2\entry\build\default\intermediates\preload\default\preload.json' from 'preloadSoJsonPath' is not exists, just ignore.
[2026-06-28T23:44:47.666] [DEBUG] debug-file - Error occurs while handling @Input 'shouldDeduplicateHar': The "data" argument must be of type string or an instance of Buffer, TypedArray, or DataView. Received undefined
[2026-06-28T23:44:47.666] [DEBUG] debug-file - Task 'entry:default@GeneratePkgModuleJson' cost while wrapping incremental declarations: 1 ms 
[2026-06-28T23:44:47.666] [DEBUG] debug-file - Incremental task entry:default@GeneratePkgModuleJson pre-execution cost: 1 ms .
[2026-06-28T23:44:47.666] [DEBUG] debug-file - entry : default@GeneratePkgModuleJson cost memory 0.1083221435546875
[2026-06-28T23:44:47.666] [INFO] debug-file - UP-TO-DATE :entry:default@GeneratePkgModuleJson...  
[2026-06-28T23:44:47.667] [DEBUG] debug-file - Executing task :entry:default@ProcessCompiledResources
[2026-06-28T23:44:47.667] [DEBUG] debug-file - File: 'C:\Users\Solitary\Desktop\2\2\entry\build\default\intermediates\preload\default\preload.json' from 'preloadSoJsonPath' is not exists, just ignore.
[2026-06-28T23:44:47.667] [DEBUG] debug-file - Task 'entry:default@ProcessCompiledResources' cost while wrapping incremental declarations: 1 ms 
[2026-06-28T23:44:47.668] [DEBUG] debug-file - entry : default@ProcessCompiledResources cost memory -3.34423828125
[2026-06-28T23:44:47.668] [DEBUG] debug-file - runTaskFromQueue task cost before running: 200 ms 
[2026-06-28T23:44:47.668] [INFO] debug-file - Finished :entry:default@ProcessCompiledResources... after 2 ms 
[2026-06-28T23:44:47.669] [DEBUG] debug-file - Executing task :entry:default@PackageHap
[2026-06-28T23:44:47.674] [DEBUG] debug-file - Incremental task entry:default@PackageHap pre-execution cost: 4 ms .
[2026-06-28T23:44:47.674] [DEBUG] debug-file - entry : default@PackageHap cost memory 0.6585693359375
[2026-06-28T23:44:47.674] [INFO] debug-file - UP-TO-DATE :entry:default@PackageHap...  
[2026-06-28T23:44:47.675] [DEBUG] debug-file - Executing task :entry:default@PackingCheck
[2026-06-28T23:44:47.681] [DEBUG] debug-file - entry : default@PackingCheck cost memory 0.8674392700195312
[2026-06-28T23:44:47.681] [DEBUG] debug-file - runTaskFromQueue task cost before running: 213 ms 
[2026-06-28T23:44:47.681] [INFO] debug-file - Finished :entry:default@PackingCheck... after 6 ms 
[2026-06-28T23:44:47.682] [DEBUG] debug-file - Executing task :entry:default@SignHap
[2026-06-28T23:44:47.682] [WARN] debug-file - Will skip sign 'hos_hap'. No signingConfigs profile is configured in current project.
             If needed, configure the signingConfigs in C:\Users\Solitary\Desktop\2\2\build-profile.json5.
[2026-06-28T23:44:47.683] [DEBUG] debug-file - entry:default@SignHap is not up-to-date, since the output file 'C:\Users\Solitary\Desktop\2\2\entry\build\default\outputs\default\entry-default-signed.hap' does not exist.
[2026-06-28T23:44:47.683] [DEBUG] debug-file - Incremental task entry:default@SignHap pre-execution cost: 1 ms .
[2026-06-28T23:44:47.683] [DEBUG] debug-file - entry : default@SignHap cost memory 0.09406280517578125
[2026-06-28T23:44:47.683] [DEBUG] debug-file - runTaskFromQueue task cost before running: 215 ms 
[2026-06-28T23:44:47.683] [INFO] debug-file - Finished :entry:default@SignHap... after 2 ms 
[2026-06-28T23:44:47.684] [DEBUG] debug-file - Executing task :entry:default@CollectDebugSymbol
[2026-06-28T23:44:47.685] [DEBUG] debug-file - entry : default@CollectDebugSymbol cost memory 0.1031036376953125
[2026-06-28T23:44:47.685] [DEBUG] debug-file - runTaskFromQueue task cost before running: 217 ms 
[2026-06-28T23:44:47.685] [INFO] debug-file - Finished :entry:default@CollectDebugSymbol... after 2 ms 
[2026-06-28T23:44:47.686] [DEBUG] debug-file - Executing task :entry:assembleHap
[2026-06-28T23:44:47.686] [DEBUG] debug-file - entry : assembleHap cost memory 0.012847900390625
[2026-06-28T23:44:47.686] [DEBUG] debug-file - runTaskFromQueue task cost before running: 217 ms 
[2026-06-28T23:44:47.686] [INFO] debug-file - Finished :entry:assembleHap... after 1 ms 
[2026-06-28T23:44:47.699] [INFO] debug-file - BUILD SUCCESSFUL in 230 ms 
[2026-06-28T23:44:47.699] [DEBUG] debug-file - There is no need to refresh cache, since the incremental task entry:default@PreBuild is up-to-date.
[2026-06-28T23:44:47.699] [DEBUG] debug-file - Update task entry:default@CreateModuleInfo output file:C:\Users\Solitary\Desktop\2\2\entry\build\default\generated\profile\default\ModuleInfo.ts cache.
[2026-06-28T23:44:47.700] [DEBUG] debug-file - Incremental task entry:default@CreateModuleInfo post-execution cost:1 ms .
[2026-06-28T23:44:47.700] [DEBUG] debug-file - There is no need to refresh cache, since the incremental task entry:default@GenerateMetadata is up-to-date.
[2026-06-28T23:44:47.700] [DEBUG] debug-file - There is no need to refresh cache, since the incremental task entry:default@MergeProfile is up-to-date.
[2026-06-28T23:44:47.700] [DEBUG] debug-file - There is no need to refresh cache, since the incremental task entry:default@CreateBuildProfile is up-to-date.
[2026-06-28T23:44:47.700] [DEBUG] debug-file - There is no need to refresh cache, since the incremental task entry:default@GeneratePkgContextInfo is up-to-date.
[2026-06-28T23:44:47.700] [DEBUG] debug-file - Update task entry:default@GeneratePkgSdkInfo output file:C:\Users\Solitary\Desktop\2\2\entry\build\default\intermediates\loader\default\pkgSdkInfo.json cache.
[2026-06-28T23:44:47.701] [DEBUG] debug-file - Incremental task entry:default@GeneratePkgSdkInfo post-execution cost:1 ms .
[2026-06-28T23:44:47.701] [DEBUG] debug-file - Update task entry:default@ProcessIntegratedHsp output file:C:\Users\Solitary\Desktop\2\2\build\cache\default\integrated_hsp\integratedHspCache.json cache.
[2026-06-28T23:44:47.701] [DEBUG] debug-file - Incremental task entry:default@ProcessIntegratedHsp post-execution cost:1 ms .
[2026-06-28T23:44:47.701] [DEBUG] debug-file - There is no need to refresh cache, since the incremental task entry:default@MakePackInfo is up-to-date.
[2026-06-28T23:44:47.701] [DEBUG] debug-file - Update task entry:default@SyscapTransform input file:E:\DevEco Studio\sdk\default\openharmony\toolchains\syscap_tool.exe cache by regenerate.
[2026-06-28T23:44:47.702] [DEBUG] debug-file - Update task entry:default@SyscapTransform input file:E:\DevEco Studio\sdk\default\openharmony\ets\api\device-define cache by regenerate.
[2026-06-28T23:44:47.703] [DEBUG] debug-file - Update task entry:default@SyscapTransform output file:C:\Users\Solitary\Desktop\2\2\entry\build\default\intermediates\syscap\default\rpcid.sc cache.
[2026-06-28T23:44:47.703] [DEBUG] debug-file - Incremental task entry:default@SyscapTransform post-execution cost:3 ms .
[2026-06-28T23:44:47.704] [DEBUG] debug-file - There is no need to refresh cache, since the incremental task entry:default@ProcessProfile is up-to-date.
[2026-06-28T23:44:47.704] [DEBUG] debug-file - There is no need to refresh cache, since the incremental task entry:default@ProcessRouterMap is up-to-date.
[2026-06-28T23:44:47.704] [DEBUG] debug-file - There is no need to refresh cache, since the incremental task entry:default@ProcessShareConfig is up-to-date.
[2026-06-28T23:44:47.704] [DEBUG] debug-file - Update task entry:default@ProcessStartupConfig input file:C:\Users\Solitary\Desktop\2\2\entry\build\default\intermediates\loader\default\pkgContextInfo.json cache by regenerate.
[2026-06-28T23:44:47.704] [DEBUG] debug-file - Update task entry:default@ProcessStartupConfig output file:C:\Users\Solitary\Desktop\2\2\entry\build\default\intermediates\startup\default\startup_config.json cache.
[2026-06-28T23:44:47.704] [DEBUG] debug-file - Incremental task entry:default@ProcessStartupConfig post-execution cost:1 ms .
[2026-06-28T23:44:47.704] [DEBUG] debug-file - There is no need to refresh cache, since the incremental task entry:default@ProcessResource is up-to-date.
[2026-06-28T23:44:47.704] [DEBUG] debug-file - There is no need to refresh cache, since the incremental task entry:default@GenerateLoaderJson is up-to-date.
[2026-06-28T23:44:47.704] [DEBUG] debug-file - There is no need to refresh cache, since the incremental task entry:default@ProcessLibs is up-to-date.
[2026-06-28T23:44:47.704] [DEBUG] debug-file - There is no need to refresh cache, since the incremental task entry:default@CompileResource is up-to-date.
[2026-06-28T23:44:47.704] [DEBUG] debug-file - There is no need to refresh cache, since the incremental task entry:default@DoNativeStrip is up-to-date.
[2026-06-28T23:44:47.704] [DEBUG] debug-file - There is no need to refresh cache, since the incremental task entry:default@CompileArkTS is up-to-date.
[2026-06-28T23:44:47.705] [DEBUG] debug-file - Update task entry:default@BuildJS input file:C:\Users\Solitary\Desktop\2\2\entry\build\default\intermediates\loader\default cache by regenerate.
[2026-06-28T23:44:47.706] [DEBUG] debug-file - Update task entry:default@BuildJS input file:C:\Users\Solitary\Desktop\2\2\entry\build\default\intermediates\res\default\resources\rawfile cache by regenerate.
[2026-06-28T23:44:47.706] [DEBUG] debug-file - Update task entry:default@BuildJS input file:C:\Users\Solitary\Desktop\2\2\entry\build\default\intermediates\res\default\ResourceTable.txt cache by regenerate.
[2026-06-28T23:44:47.706] [DEBUG] debug-file - Update task entry:default@BuildJS input file:C:\Users\Solitary\Desktop\2\2\entry\build\default\intermediates\res\default\ark_module.json cache by regenerate.
[2026-06-28T23:44:47.707] [DEBUG] debug-file - Update task entry:default@BuildJS input file:C:\Users\Solitary\Desktop\2\2\entry\build\default\intermediates\res\default\resources\base\profile cache by regenerate.
[2026-06-28T23:44:47.707] [DEBUG] debug-file - Update task entry:default@BuildJS input file:C:\Users\Solitary\Desktop\2\2\entry\build\default\intermediates\loader\default\pkgContextInfo.json cache by regenerate.
[2026-06-28T23:44:47.707] [DEBUG] debug-file - Update task entry:default@BuildJS output file:C:\Users\Solitary\Desktop\2\2\entry\build\default\intermediates\loader_out\default\js cache.
[2026-06-28T23:44:47.708] [DEBUG] debug-file - Incremental task entry:default@BuildJS post-execution cost:4 ms .
[2026-06-28T23:44:47.708] [DEBUG] debug-file - There is no need to refresh cache, since the incremental task entry:default@CacheNativeLibs is up-to-date.
[2026-06-28T23:44:47.708] [DEBUG] debug-file - There is no need to refresh cache, since the incremental task entry:default@GeneratePkgModuleJson is up-to-date.
[2026-06-28T23:44:47.708] [DEBUG] debug-file - Incremental task entry:default@ProcessCompiledResources post-execution cost:1 ms .
[2026-06-28T23:44:47.708] [DEBUG] debug-file - There is no need to refresh cache, since the incremental task entry:default@PackageHap is up-to-date.
[2026-06-28T23:44:47.708] [DEBUG] debug-file - Update task entry:default@SignHap input file:C:\Users\Solitary\Desktop\2\2\entry\build\default\outputs\default\entry-default-unsigned.hap cache by regenerate.
[2026-06-28T23:44:47.708] [DEBUG] debug-file - Update task entry:default@SignHap output file:C:\Users\Solitary\Desktop\2\2\entry\build\default\outputs\default\entry-default-signed.hap cache.
[2026-06-28T23:44:47.708] [DEBUG] debug-file - Incremental task entry:default@SignHap post-execution cost:1 ms .
[2026-06-28T23:44:47.708] [DEBUG] debug-file - Update task entry:default@CollectDebugSymbol input file:C:\Users\Solitary\Desktop\2\2\entry\build\default\intermediates\loader_out\default\ets\sourceMaps.map cache by regenerate.
[2026-06-28T23:44:47.708] [DEBUG] debug-file - Update task entry:default@CollectDebugSymbol input file:C:\Users\Solitary\Desktop\2\2\entry\build\default\intermediates\libs\default cache by regenerate.
[2026-06-28T23:44:47.709] [DEBUG] debug-file - Update task entry:default@CollectDebugSymbol output file:C:\Users\Solitary\Desktop\2\2\entry\build\default\outputs\default\symbol cache.
[2026-06-28T23:44:47.709] [DEBUG] debug-file - Incremental task entry:default@CollectDebugSymbol post-execution cost:1 ms .
[2026-06-28T23:44:47.736] [DEBUG] debug-file - There's no busy workers and idle workers need cleanup.
[2026-06-28T23:44:47.736] [DEBUG] debug-file - hvigor build process will be closed.
[2026-06-28T23:44:47.744] [DEBUG] debug-file - session manager: send message to worker process.
[2026-06-28T23:44:47.744] [DEBUG] debug-file - session manager: send message to worker process.
[2026-06-28T23:44:47.745] [DEBUG] debug-file - watch worker: worker id should be larger than 0. Nothing will be sent to any worker thread.
[2026-06-28T23:44:47.745] [DEBUG] debug-file - watch worker: worker id should be larger than 0. Nothing will be sent to any worker thread.
